transaction_id,timestamp,user_id,device_id,ip_id,merchant_id,amount,label
tx_000000,2025-01-01 00:00:00,u_00223,d_0609,ip_0075,m_0069,23.91,0
tx_000001,2025-01-01 00:15:00,u_01934,d_0392,ip_1585,m_0104,100.01,0
tx_000002,2025-01-01 00:30:00,u_01636,d_0936,ip_0470,m_0258,25.83,0
tx_000003,2025-01-01 00:45:00,u_01097,d_1193,ip_1564,m_0030,1143.15,0
tx_000004,2025-01-01 01:00:00,u_01082,d_0470,ip_1242,m_0032,183.55,0
tx_000005,2025-01-01 01:15:00,u_02146,d_1380,ip_0445,m_0090,168.31,0
tx_000006,2025-01-01 01:30:00,u_00214,d_1149,ip_1032,m_0180,187.18,0
tx_000007,2025-01-01 01:45:00,u_01743,d_0299,ip_0080,m_0242,271.65,0
tx_000008,2025-01-01 02:00:00,u_00503,d_1689,ip_1543,m_0168,394.71,0
tx_000009,2025-01-01 02:15:00,u_00235,d_0078,ip_0668,m_0148,31.08,0
tx_000010,2025-01-01 02:30:00,u_01316,d_1176,ip_0843,m_0261,550.14,0
tx_000011,2025-01-01 02:45:00,u_02439,d_0791,ip_0345,m_0051,515.85,0
tx_000012,2025-01-01 03:00:00,u_01839,d_1176,ip_0802,m_0270,138.89,0
tx_000013,2025-01-01 03:15:00,u_01902,d_1393,ip_0870,m_0093,131.8,0
tx_000014,2025-01-01 03:30:00,u_01793,d_1236,ip_0494,m_0082,6.67,0
tx_000015,2025-01-01 03:45:00,u_01965,d_1171,ip_2154,m_0286,42.78,0
tx_000016,2025-01-01 04:00:00,u_01283,d_1513,ip_0615,m_0193,249.35,0
tx_000017,2025-01-01 04:15:00,u_00320,d_1263,ip_0398,m_0129,493.05,0
tx_000018,2025-01-01 04:30:00,u_02099,d_1464,ip_1206,m_0099,307.61,0
tx_000019,2025-01-01 04:45:00,u_01125,d_0725,ip_0701,m_0132,137.59,0
tx_000020,2025-01-01 05:00:00,u_01250,d_0365,ip_0998,m_0237,1018.28,0
tx_000021,2025-01-01 05:15:00,ring_u_20_16,ring_d_20,ring_ip_20,ring_m_4,2623.45,1
tx_000022,2025-01-01 05:30:00,ring_u_18_8,ring_d_18,ring_ip_18,ring_m_2,97.14,1
tx_000023,2025-01-01 05:45:00,u_02316,d_0957,ip_1120,m_0091,1315.68,0
tx_000024,2025-01-01 06:00:00,u_01953,d_0138,ip_0047,m_0144,49.59,0
tx_000025,2025-01-01 06:15:00,u_01609,d_0367,ip_0096,m_0244,34.06,0
tx_000026,2025-01-01 06:30:00,u_01006,d_1741,ip_0203,m_0063,97.41,0
tx_000027,2025-01-01 06:45:00,u_02056,d_1307,ip_0355,m_0235,69.5,0
tx_000028,2025-01-01 07:00:00,u_01363,d_1358,ip_0768,m_0272,103.03,0
tx_000029,2025-01-01 07:15:00,u_01108,d_0354,ip_2057,m_0130,329.67,0
tx_000030,2025-01-01 07:30:00,u_01126,d_0115,ip_1993,m_0288,143.45,0
tx_000031,2025-01-01 07:45:00,u_00568,d_0524,ip_0226,m_0268,147.19,0
tx_000032,2025-01-01 08:00:00,u_00230,d_1542,ip_2180,m_0239,157.4,0
tx_000033,2025-01-01 08:15:00,u_01386,d_0911,ip_1397,m_0114,14.7,0
tx_000034,2025-01-01 08:30:00,u_02219,d_1412,ip_1218,m_0090,32.61,0
tx_000035,2025-01-01 08:45:00,u_00159,d_0876,ip_1743,m_0259,100.96,0
tx_000036,2025-01-01 09:00:00,u_02145,d_0882,ip_1065,m_0132,63.88,0
tx_000037,2025-01-01 09:15:00,u_02069,d_1081,ip_0583,m_0009,117.71,0
tx_000038,2025-01-01 09:30:00,u_00691,d_1726,ip_1165,m_0215,604.33,0
tx_000039,2025-01-01 09:45:00,u_01579,d_0787,ip_1595,m_0104,137.77,0
tx_000040,2025-01-01 10:00:00,u_00413,d_1072,ip_1501,m_0280,39.56,0
tx_000041,2025-01-01 10:15:00,u_01895,d_1655,ip_0373,m_0256,67.15,0
tx_000042,2025-01-01 10:30:00,u_01751,d_0670,ip_2063,m_0031,821.04,0
tx_000043,2025-01-01 10:45:00,u_00886,d_1511,ip_0626,m_0270,687.11,0
tx_000044,2025-01-01 11:00:00,u_00169,d_0963,ip_1803,m_0284,269.31,0
tx_000045,2025-01-01 11:15:00,u_02426,d_1582,ip_0686,m_0226,31.11,0
tx_000046,2025-01-01 11:30:00,u_01114,d_0842,ip_0139,m_0082,201.7,0
tx_000047,2025-01-01 11:45:00,u_02232,d_1133,ip_2192,m_0200,217.83,0
tx_000048,2025-01-01 12:00:00,u_01694,d_0581,ip_1295,m_0260,152.25,0
tx_000049,2025-01-01 12:15:00,u_01945,d_1143,ip_0472,m_0244,83.93,0
tx_000050,2025-01-01 12:30:00,u_01899,d_0587,ip_0000,m_0129,103.27,0
tx_000051,2025-01-01 12:45:00,u_00486,d_1096,ip_0284,m_0212,78.28,0
tx_000052,2025-01-01 13:00:00,u_00909,d_1419,ip_0373,m_0115,47.23,0
tx_000053,2025-01-01 13:15:00,u_01166,d_0782,ip_2036,m_0076,581.72,0
tx_000054,2025-01-01 13:30:00,u_01244,d_0772,ip_0389,m_0201,358.64,0
tx_000055,2025-01-01 13:45:00,u_00109,d_0579,ip_0356,m_0139,111.62,0
tx_000056,2025-01-01 14:00:00,u_01366,d_1314,ip_1843,m_0067,211.07,0
tx_000057,2025-01-01 14:15:00,u_00385,d_1065,ip_1934,m_0198,219.14,0
tx_000058,2025-01-01 14:30:00,u_01858,d_0929,ip_0459,m_0096,1545.16,0
tx_000059,2025-01-01 14:45:00,u_01707,d_0045,ip_1431,m_0176,355.16,0
tx_000060,2025-01-01 15:00:00,u_02306,d_0198,ip_1175,m_0108,341.99,0
tx_000061,2025-01-01 15:15:00,u_01861,d_0013,ip_1269,m_0265,154.16,0
tx_000062,2025-01-01 15:30:00,u_00916,d_1530,ip_0684,m_0255,96.12,0
tx_000063,2025-01-01 15:45:00,ring_u_0_6,ring_d_0,ring_ip_0,ring_m_0,84.58,1
tx_000064,2025-01-01 16:00:00,u_01027,d_0122,ip_1938,m_0213,284.94,0
tx_000065,2025-01-01 16:15:00,u_00814,d_0083,ip_1597,m_0053,64.75,0
tx_000066,2025-01-01 16:30:00,u_02263,d_1406,ip_1986,m_0299,233.66,0
tx_000067,2025-01-01 16:45:00,u_00926,d_0944,ip_0243,m_0064,342.88,0
tx_000068,2025-01-01 17:00:00,u_00190,d_0556,ip_1445,m_0260,18.25,0
tx_000069,2025-01-01 17:15:00,u_01173,d_1106,ip_2198,m_0253,59.0,0
tx_000070,2025-01-01 17:30:00,u_01989,d_0425,ip_1178,m_0053,213.31,0
tx_000071,2025-01-01 17:45:00,u_00473,d_0356,ip_2072,m_0002,21.66,0
tx_000072,2025-01-01 18:00:00,u_01157,d_0661,ip_0766,m_0221,25.38,0
tx_000073,2025-01-01 18:15:00,u_00324,d_1612,ip_1972,m_0260,113.24,0
tx_000074,2025-01-01 18:30:00,u_01716,d_1380,ip_2065,m_0214,242.63,0
tx_000075,2025-01-01 18:45:00,u_01189,d_0342,ip_1369,m_0016,254.11,0
tx_000076,2025-01-01 19:00:00,u_00825,d_1011,ip_1550,m_0193,722.27,0
tx_000077,2025-01-01 19:15:00,u_00567,d_1592,ip_1150,m_0117,161.14,0
tx_000078,2025-01-01 19:30:00,u_01411,d_1712,ip_0697,m_0274,102.24,0
tx_000079,2025-01-01 19:45:00,u_01674,d_1373,ip_1179,m_0240,40.15,0
tx_000080,2025-01-01 20:00:00,u_02350,d_0231,ip_2117,m_0239,101.03,0
tx_000081,2025-01-01 20:15:00,u_01092,d_0433,ip_0032,m_0122,301.13,0
tx_000082,2025-01-01 20:30:00,u_00401,d_0393,ip_0451,m_0096,315.05,0
tx_000083,2025-01-01 20:45:00,u_02081,d_0271,ip_1098,m_0246,193.37,0
tx_000084,2025-01-01 21:00:00,u_01574,d_0315,ip_0746,m_0034,256.5,0
tx_000085,2025-01-01 21:15:00,u_01750,d_0569,ip_1372,m_0030,531.86,0
tx_000086,2025-01-01 21:30:00,u_00243,d_0999,ip_0793,m_0018,160.02,0
tx_000087,2025-01-01 21:45:00,u_00780,d_0716,ip_1449,m_0153,582.49,0
tx_000088,2025-01-01 22:00:00,u_01919,d_0757,ip_0233,m_0022,71.76,0
tx_000089,2025-01-01 22:15:00,u_02080,d_0442,ip_0730,m_0174,137.92,0
tx_000090,2025-01-01 22:30:00,u_01088,d_0271,ip_1524,m_0050,91.76,0
tx_000091,2025-01-01 22:45:00,u_02011,d_1798,ip_1036,m_0267,327.9,0
tx_000092,2025-01-01 23:00:00,u_02104,d_1078,ip_1570,m_0129,53.81,0
tx_000093,2025-01-01 23:15:00,u_00968,d_0413,ip_1399,m_0028,107.58,0
tx_000094,2025-01-01 23:30:00,u_02245,d_1457,ip_0722,m_0208,23.11,0
tx_000095,2025-01-01 23:45:00,u_00720,d_1495,ip_0942,m_0101,268.91,0
tx_000096,2025-01-02 00:00:00,u_00598,d_1740,ip_2122,m_0078,516.35,0
tx_000097,2025-01-02 00:15:00,u_01706,d_0286,ip_2116,m_0197,368.97,0
tx_000098,2025-01-02 00:30:00,u_01591,d_1151,ip_0078,m_0286,334.5,0
tx_000099,2025-01-02 00:45:00,u_00349,d_1764,ip_1551,m_0293,343.57,0
tx_000100,2025-01-02 01:00:00,u_02081,d_1452,ip_1080,m_0130,298.78,0
tx_000101,2025-01-02 01:15:00,u_00499,d_0405,ip_0002,m_0254,274.35,0
tx_000102,2025-01-02 01:30:00,u_02012,d_1607,ip_1395,m_0062,292.63,0
tx_000103,2025-01-02 01:45:00,u_00018,d_0759,ip_0051,m_0253,77.04,0
tx_000104,2025-01-02 02:00:00,u_01992,d_0880,ip_0701,m_0282,121.49,0
tx_000105,2025-01-02 02:15:00,u_01967,d_1005,ip_1518,m_0155,159.21,0
tx_000106,2025-01-02 02:30:00,u_01950,d_1388,ip_1787,m_0156,106.09,0
tx_000107,2025-01-02 02:45:00,u_01662,d_0216,ip_0907,m_0169,30.99,0
tx_000108,2025-01-02 03:00:00,u_01178,d_0970,ip_1779,m_0021,43.16,0
tx_000109,2025-01-02 03:15:00,u_01762,d_1470,ip_1846,m_0257,186.79,0
tx_000110,2025-01-02 03:30:00,u_00692,d_0987,ip_0984,m_0221,367.15,0
tx_000111,2025-01-02 03:45:00,u_01951,d_0494,ip_0380,m_0260,149.81,0
tx_000112,2025-01-02 04:00:00,u_01389,d_0101,ip_1450,m_0034,2356.24,0
tx_000113,2025-01-02 04:15:00,u_01147,d_0988,ip_0030,m_0240,59.16,0
tx_000114,2025-01-02 04:30:00,u_01264,d_1266,ip_1965,m_0108,231.58,0
tx_000115,2025-01-02 04:45:00,u_01421,d_0989,ip_0853,m_0245,539.8,0
tx_000116,2025-01-02 05:00:00,u_00093,d_1762,ip_1672,m_0298,430.81,0
tx_000117,2025-01-02 05:15:00,u_00349,d_1084,ip_1619,m_0263,285.74,0
tx_000118,2025-01-02 05:30:00,u_00613,d_0914,ip_1040,m_0274,432.79,0
tx_000119,2025-01-02 05:45:00,u_00286,d_0099,ip_2137,m_0034,156.87,0
tx_000120,2025-01-02 06:00:00,u_01099,d_1005,ip_1751,m_0098,782.8,0
tx_000121,2025-01-02 06:15:00,u_01671,d_0303,ip_1944,m_0087,535.48,0
tx_000122,2025-01-02 06:30:00,u_01636,d_1304,ip_0206,m_0154,63.29,0
tx_000123,2025-01-02 06:45:00,u_01177,d_0290,ip_1064,m_0292,204.7,0
tx_000124,2025-01-02 07:00:00,u_02137,d_1632,ip_2094,m_0205,31.59,0
tx_000125,2025-01-02 07:15:00,u_01413,d_0543,ip_1788,m_0163,679.79,0
tx_000126,2025-01-02 07:30:00,u_00197,d_0781,ip_0999,m_0241,185.72,0
tx_000127,2025-01-02 07:45:00,u_01912,d_0260,ip_0154,m_0052,571.79,0
tx_000128,2025-01-02 08:00:00,u_01436,d_0379,ip_0620,m_0198,133.04,0
tx_000129,2025-01-02 08:15:00,u_01586,d_1659,ip_1258,m_0150,23.19,0
tx_000130,2025-01-02 08:30:00,u_01413,d_0510,ip_1412,m_0060,2074.28,0
tx_000131,2025-01-02 08:45:00,u_01383,d_0923,ip_2033,m_0193,169.2,0
tx_000132,2025-01-02 09:00:00,u_00226,d_1766,ip_0204,m_0252,54.59,0
tx_000133,2025-01-02 09:15:00,u_01398,d_1122,ip_0872,m_0248,466.74,0
tx_000134,2025-01-02 09:30:00,u_01987,d_0074,ip_0598,m_0252,1136.67,0
tx_000135,2025-01-02 09:45:00,u_00759,d_0643,ip_2112,m_0243,121.21,0
tx_000136,2025-01-02 10:00:00,u_01507,d_0696,ip_0365,m_0140,134.39,0
tx_000137,2025-01-02 10:15:00,u_00077,d_0497,ip_0485,m_0014,188.3,0
tx_000138,2025-01-02 10:30:00,u_00868,d_0434,ip_0655,m_0289,48.86,0
tx_000139,2025-01-02 10:45:00,u_01091,d_0905,ip_0232,m_0136,74.39,0
tx_000140,2025-01-02 11:00:00,u_02456,d_0678,ip_1415,m_0189,881.77,0
tx_000141,2025-01-02 11:15:00,u_00536,d_0529,ip_1154,m_0006,130.03,0
tx_000142,2025-01-02 11:30:00,u_00691,d_0743,ip_1226,m_0266,64.23,0
tx_000143,2025-01-02 11:45:00,u_01021,d_0618,ip_1995,m_0266,94.44,0
tx_000144,2025-01-02 12:00:00,u_02481,d_0411,ip_0952,m_0278,433.9,0
tx_000145,2025-01-02 12:15:00,ring_u_23_13,ring_d_23,ring_ip_23,ring_m_7,1714.87,1
tx_000146,2025-01-02 12:30:00,u_00086,d_1696,ip_0825,m_0252,191.45,0
tx_000147,2025-01-02 12:45:00,u_00584,d_0910,ip_1760,m_0187,1741.01,0
tx_000148,2025-01-02 13:00:00,u_02054,d_1075,ip_1162,m_0043,1131.23,0
tx_000149,2025-01-02 13:15:00,u_00145,d_1771,ip_0372,m_0171,263.28,0
tx_000150,2025-01-02 13:30:00,u_02139,d_1104,ip_1517,m_0142,553.6,0
tx_000151,2025-01-02 13:45:00,u_00703,d_0401,ip_1640,m_0187,548.3,0
tx_000152,2025-01-02 14:00:00,u_02294,d_0717,ip_0549,m_0025,130.86,0
tx_000153,2025-01-02 14:15:00,u_00733,d_0878,ip_1225,m_0169,374.2,0
tx_000154,2025-01-02 14:30:00,u_01085,d_0854,ip_1240,m_0203,887.65,0
tx_000155,2025-01-02 14:45:00,u_01654,d_0269,ip_0385,m_0214,41.94,0
tx_000156,2025-01-02 15:00:00,u_00315,d_0190,ip_0020,m_0230,264.19,0
tx_000157,2025-01-02 15:15:00,u_01392,d_0629,ip_1579,m_0187,213.04,0
tx_000158,2025-01-02 15:30:00,u_01262,d_1645,ip_1353,m_0210,164.54,0
tx_000159,2025-01-02 15:45:00,u_01959,d_1291,ip_1570,m_0027,150.6,0
tx_000160,2025-01-02 16:00:00,u_02490,d_1515,ip_0830,m_0239,187.11,0
tx_000161,2025-01-02 16:15:00,ring_u_8_6,ring_d_8,ring_ip_8,ring_m_0,3314.9,1
tx_000162,2025-01-02 16:30:00,ring_u_7_7,ring_d_7,ring_ip_7,ring_m_7,911.28,1
tx_000163,2025-01-02 16:45:00,u_01015,d_1046,ip_0496,m_0163,239.01,0
tx_000164,2025-01-02 17:00:00,ring_u_24_8,ring_d_24,ring_ip_24,ring_m_0,147.61,1
tx_000165,2025-01-02 17:15:00,u_02035,d_0750,ip_0291,m_0097,64.08,0
tx_000166,2025-01-02 17:30:00,u_00803,d_0647,ip_0144,m_0115,92.53,0
tx_000167,2025-01-02 17:45:00,u_00417,d_0092,ip_2105,m_0228,192.71,0
tx_000168,2025-01-02 18:00:00,ring_u_5_15,ring_d_5,ring_ip_5,ring_m_5,2916.57,1
tx_000169,2025-01-02 18:15:00,u_00056,d_1679,ip_1442,m_0095,382.17,0
tx_000170,2025-01-02 18:30:00,u_00265,d_0145,ip_1131,m_0103,228.16,0
tx_000171,2025-01-02 18:45:00,u_00225,d_0744,ip_1780,m_0248,465.69,0
tx_000172,2025-01-02 19:00:00,u_01928,d_0932,ip_1202,m_0250,78.35,0
tx_000173,2025-01-02 19:15:00,u_01805,d_1411,ip_1533,m_0044,64.65,0
tx_000174,2025-01-02 19:30:00,u_01741,d_1776,ip_1967,m_0119,462.23,0
tx_000175,2025-01-02 19:45:00,u_01154,d_0749,ip_1824,m_0230,169.01,0
tx_000176,2025-01-02 20:00:00,u_01792,d_1348,ip_1588,m_0035,121.2,0
tx_000177,2025-01-02 20:15:00,u_00403,d_1687,ip_0357,m_0055,298.47,0
tx_000178,2025-01-02 20:30:00,u_02251,d_1494,ip_0372,m_0047,287.57,0
tx_000179,2025-01-02 20:45:00,u_01252,d_0522,ip_1093,m_0158,42.28,0
tx_000180,2025-01-02 21:00:00,u_02345,d_1471,ip_1449,m_0135,592.67,0
tx_000181,2025-01-02 21:15:00,ring_u_12_14,ring_d_12,ring_ip_12,ring_m_4,94.4,1
tx_000182,2025-01-02 21:30:00,ring_u_8_8,ring_d_8,ring_ip_8,ring_m_0,3928.98,1
tx_000183,2025-01-02 21:45:00,u_01740,d_1365,ip_0227,m_0191,39.11,0
tx_000184,2025-01-02 22:00:00,u_01239,d_1503,ip_0381,m_0242,203.85,0
tx_000185,2025-01-02 22:15:00,u_01115,d_0618,ip_0329,m_0063,123.27,0
tx_000186,2025-01-02 22:30:00,u_00415,d_0811,ip_1190,m_0199,20.59,0
tx_000187,2025-01-02 22:45:00,u_00952,d_0655,ip_1394,m_0238,286.63,0
tx_000188,2025-01-02 23:00:00,u_00596,d_0210,ip_0254,m_0167,21.67,0
tx_000189,2025-01-02 23:15:00,u_00753,d_1790,ip_1911,m_0172,110.87,0
tx_000190,2025-01-02 23:30:00,u_01709,d_0040,ip_0667,m_0050,447.77,0
tx_000191,2025-01-02 23:45:00,u_01575,d_1000,ip_1452,m_0287,87.35,0
tx_000192,2025-01-03 00:00:00,u_01517,d_0026,ip_1653,m_0286,60.12,0
tx_000193,2025-01-03 00:15:00,u_00904,d_1240,ip_0079,m_0213,330.42,0
tx_000194,2025-01-03 00:30:00,u_02399,d_1621,ip_1902,m_0270,115.64,0
tx_000195,2025-01-03 00:45:00,u_00219,d_1158,ip_2134,m_0182,98.98,0
tx_000196,2025-01-03 01:00:00,u_00856,d_1091,ip_2108,m_0198,531.12,0
tx_000197,2025-01-03 01:15:00,u_00295,d_1490,ip_0306,m_0248,46.19,0
tx_000198,2025-01-03 01:30:00,u_00847,d_1753,ip_0863,m_0011,93.73,0
tx_000199,2025-01-03 01:45:00,u_02404,d_1551,ip_0511,m_0065,352.99,0
tx_000200,2025-01-03 02:00:00,u_00915,d_0416,ip_0991,m_0061,43.3,0
tx_000201,2025-01-03 02:15:00,u_02271,d_1013,ip_2144,m_0189,875.98,0
tx_000202,2025-01-03 02:30:00,u_01237,d_1473,ip_1678,m_0072,119.48,0
tx_000203,2025-01-03 02:45:00,u_01749,d_0530,ip_1696,m_0117,355.86,0
tx_000204,2025-01-03 03:00:00,u_01143,d_1215,ip_0928,m_0148,355.11,0
tx_000205,2025-01-03 03:15:00,u_00664,d_0041,ip_2060,m_0223,127.45,0
tx_000206,2025-01-03 03:30:00,u_01910,d_1579,ip_2024,m_0155,91.93,0
tx_000207,2025-01-03 03:45:00,u_02422,d_1105,ip_1774,m_0007,142.17,0
tx_000208,2025-01-03 04:00:00,u_00658,d_1337,ip_1791,m_0206,302.68,0
tx_000209,2025-01-03 04:15:00,u_01946,d_1485,ip_1433,m_0128,55.34,0
tx_000210,2025-01-03 04:30:00,ring_u_3_17,ring_d_3,ring_ip_3,ring_m_3,119.63,1
tx_000211,2025-01-03 04:45:00,u_01792,d_0810,ip_0626,m_0195,654.72,0
tx_000212,2025-01-03 05:00:00,u_01972,d_1545,ip_1691,m_0081,71.18,0
tx_000213,2025-01-03 05:15:00,ring_u_24_7,ring_d_24,ring_ip_24,ring_m_0,81.71,1
tx_000214,2025-01-03 05:30:00,u_01842,d_1480,ip_0379,m_0290,121.24,0
tx_000215,2025-01-03 05:45:00,u_00680,d_0518,ip_2083,m_0071,126.74,0
tx_000216,2025-01-03 06:00:00,u_00198,d_1035,ip_1074,m_0265,620.42,0
tx_000217,2025-01-03 06:15:00,u_00240,d_0917,ip_1893,m_0139,136.3,0
tx_000218,2025-01-03 06:30:00,u_01117,d_1235,ip_0625,m_0279,103.87,0
tx_000219,2025-01-03 06:45:00,u_02256,d_1506,ip_0790,m_0254,113.33,0
tx_000220,2025-01-03 07:00:00,u_00318,d_0628,ip_0755,m_0249,89.71,0
tx_000221,2025-01-03 07:15:00,u_01139,d_0309,ip_0821,m_0062,75.94,0
tx_000222,2025-01-03 07:30:00,u_01760,d_0761,ip_0962,m_0237,90.07,0
tx_000223,2025-01-03 07:45:00,u_00505,d_1101,ip_0654,m_0110,783.06,0
tx_000224,2025-01-03 08:00:00,u_01804,d_1350,ip_1791,m_0273,302.32,0
tx_000225,2025-01-03 08:15:00,u_00764,d_1356,ip_0717,m_0297,105.09,0
tx_000226,2025-01-03 08:30:00,u_02021,d_0611,ip_0971,m_0183,396.1,0
tx_000227,2025-01-03 08:45:00,u_01448,d_1684,ip_1893,m_0273,30.35,0
tx_000228,2025-01-03 09:00:00,u_01367,d_0149,ip_0961,m_0159,587.38,0
tx_000229,2025-01-03 09:15:00,u_00441,d_0210,ip_0023,m_0010,541.94,0
tx_000230,2025-01-03 09:30:00,u_01158,d_0044,ip_0001,m_0262,1388.99,0
tx_000231,2025-01-03 09:45:00,u_02141,d_1667,ip_0959,m_0159,408.12,0
tx_000232,2025-01-03 10:00:00,u_00048,d_0324,ip_1426,m_0013,229.81,0
tx_000233,2025-01-03 10:15:00,u_01896,d_1082,ip_2074,m_0019,539.77,0
tx_000234,2025-01-03 10:30:00,u_01231,d_1463,ip_0287,m_0216,79.38,0
tx_000235,2025-01-03 10:45:00,u_01798,d_1380,ip_1193,m_0277,99.94,0
tx_000236,2025-01-03 11:00:00,u_01658,d_1707,ip_0635,m_0209,139.18,0
tx_000237,2025-01-03 11:15:00,u_01080,d_0096,ip_0990,m_0132,583.4,0
tx_000238,2025-01-03 11:30:00,u_00771,d_0732,ip_0973,m_0092,63.06,0
tx_000239,2025-01-03 11:45:00,u_01568,d_0911,ip_0687,m_0125,56.71,0
tx_000240,2025-01-03 12:00:00,u_00350,d_1253,ip_0040,m_0096,188.02,0
tx_000241,2025-01-03 12:15:00,u_01460,d_1120,ip_0162,m_0081,304.15,0
tx_000242,2025-01-03 12:30:00,u_00236,d_1007,ip_1149,m_0038,73.47,0
tx_000243,2025-01-03 12:45:00,u_01624,d_0552,ip_0493,m_0170,290.16,0
tx_000244,2025-01-03 13:00:00,u_01571,d_0191,ip_0719,m_0065,583.12,0
tx_000245,2025-01-03 13:15:00,u_00211,d_0776,ip_0199,m_0043,492.98,0
tx_000246,2025-01-03 13:30:00,u_01893,d_0467,ip_0109,m_0082,211.3,0
tx_000247,2025-01-03 13:45:00,u_01039,d_0997,ip_0278,m_0239,135.56,0
tx_000248,2025-01-03 14:00:00,u_01967,d_1434,ip_0829,m_0171,841.87,0
tx_000249,2025-01-03 14:15:00,u_00104,d_0994,ip_0359,m_0147,150.72,0
tx_000250,2025-01-03 14:30:00,u_00448,d_1049,ip_0509,m_0177,380.07,0
tx_000251,2025-01-03 14:45:00,u_01234,d_0075,ip_0664,m_0169,1051.82,0
tx_000252,2025-01-03 15:00:00,u_00470,d_1160,ip_0640,m_0149,342.16,0
tx_000253,2025-01-03 15:15:00,u_00824,d_0791,ip_0024,m_0252,54.76,0
tx_000254,2025-01-03 15:30:00,u_01651,d_0222,ip_0258,m_0219,42.99,0
tx_000255,2025-01-03 15:45:00,u_00361,d_0384,ip_2090,m_0055,110.21,0
tx_000256,2025-01-03 16:00:00,u_01694,d_1405,ip_1469,m_0245,301.72,0
tx_000257,2025-01-03 16:15:00,u_00258,d_1650,ip_0272,m_0052,231.55,0
tx_000258,2025-01-03 16:30:00,u_00437,d_0913,ip_0624,m_0023,1348.95,0
tx_000259,2025-01-03 16:45:00,u_01469,d_1757,ip_0842,m_0126,229.31,0
tx_000260,2025-01-03 17:00:00,u_01983,d_0324,ip_1992,m_0117,106.97,0
tx_000261,2025-01-03 17:15:00,u_00426,d_0539,ip_1934,m_0235,47.78,0
tx_000262,2025-01-03 17:30:00,u_00749,d_1674,ip_1694,m_0208,483.2,0
tx_000263,2025-01-03 17:45:00,u_02312,d_0315,ip_0234,m_0017,147.52,0
tx_000264,2025-01-03 18:00:00,u_02474,d_1186,ip_1079,m_0149,32.91,0
tx_000265,2025-01-03 18:15:00,u_01452,d_0395,ip_1063,m_0238,151.75,0
tx_000266,2025-01-03 18:30:00,u_01117,d_0596,ip_1402,m_0219,54.83,0
tx_000267,2025-01-03 18:45:00,u_00867,d_0859,ip_1858,m_0150,96.97,0
tx_000268,2025-01-03 19:00:00,u_01531,d_0647,ip_0706,m_0184,149.33,0
tx_000269,2025-01-03 19:15:00,u_01477,d_1574,ip_1225,m_0168,60.03,0
tx_000270,2025-01-03 19:30:00,u_00736,d_1751,ip_0580,m_0069,91.14,0
tx_000271,2025-01-03 19:45:00,u_00057,d_0900,ip_0462,m_0169,70.52,0
tx_000272,2025-01-03 20:00:00,u_00378,d_0945,ip_0689,m_0202,72.44,0
tx_000273,2025-01-03 20:15:00,u_02396,d_0099,ip_1618,m_0016,54.16,0
tx_000274,2025-01-03 20:30:00,u_01045,d_0421,ip_0963,m_0208,91.58,0
tx_000275,2025-01-03 20:45:00,u_01205,d_0071,ip_1498,m_0074,60.66,0
tx_000276,2025-01-03 21:00:00,u_01167,d_1541,ip_1520,m_0002,266.82,0
tx_000277,2025-01-03 21:15:00,u_01956,d_0409,ip_0796,m_0226,181.42,0
tx_000278,2025-01-03 21:30:00,u_00162,d_0613,ip_2101,m_0116,490.15,0
tx_000279,2025-01-03 21:45:00,u_00206,d_1516,ip_0101,m_0123,979.17,0
tx_000280,2025-01-03 22:00:00,u_00689,d_1283,ip_1973,m_0187,292.17,0
tx_000281,2025-01-03 22:15:00,u_01216,d_1118,ip_0017,m_0168,232.66,0
tx_000282,2025-01-03 22:30:00,u_01677,d_0069,ip_0841,m_0186,311.17,0
tx_000283,2025-01-03 22:45:00,u_01226,d_1013,ip_1815,m_0283,236.65,0
tx_000284,2025-01-03 23:00:00,u_01102,d_1009,ip_1505,m_0195,156.05,0
tx_000285,2025-01-03 23:15:00,u_02344,d_0574,ip_0707,m_0013,144.12,0
tx_000286,2025-01-03 23:30:00,u_00402,d_1340,ip_1948,m_0066,53.43,0
tx_000287,2025-01-03 23:45:00,u_01429,d_1672,ip_0303,m_0134,343.41,0
tx_000288,2025-01-04 00:00:00,u_01355,d_0466,ip_1475,m_0141,143.84,0
tx_000289,2025-01-04 00:15:00,u_01183,d_0596,ip_1140,m_0108,632.4,0
tx_000290,2025-01-04 00:30:00,u_02018,d_0580,ip_0455,m_0055,370.6,0
tx_000291,2025-01-04 00:45:00,u_00667,d_1502,ip_2025,m_0031,79.36,0
tx_000292,2025-01-04 01:00:00,u_02384,d_0139,ip_1684,m_0043,516.3,0
tx_000293,2025-01-04 01:15:00,u_00828,d_1612,ip_0018,m_0285,11.46,0
tx_000294,2025-01-04 01:30:00,u_01362,d_1395,ip_0191,m_0118,1022.72,0
tx_000295,2025-01-04 01:45:00,u_01301,d_0870,ip_0123,m_0288,38.92,0
tx_000296,2025-01-04 02:00:00,u_02124,d_1050,ip_0913,m_0100,243.5,0
tx_000297,2025-01-04 02:15:00,u_01097,d_1609,ip_0917,m_0093,227.56,0
tx_000298,2025-01-04 02:30:00,u_00711,d_1385,ip_1592,m_0146,456.56,0
tx_000299,2025-01-04 02:45:00,u_00054,d_0498,ip_1487,m_0284,106.84,0
tx_000300,2025-01-04 03:00:00,u_00909,d_0090,ip_0033,m_0168,17.37,0
tx_000301,2025-01-04 03:15:00,u_02065,d_1185,ip_1047,m_0010,106.99,0
tx_000302,2025-01-04 03:30:00,u_00024,d_0262,ip_1726,m_0081,119.2,0
tx_000303,2025-01-04 03:45:00,u_02240,d_0158,ip_1974,m_0294,19.12,0
tx_000304,2025-01-04 04:00:00,u_01357,d_1768,ip_0642,m_0046,155.3,0
tx_000305,2025-01-04 04:15:00,u_00350,d_0853,ip_0096,m_0250,50.61,0
tx_000306,2025-01-04 04:30:00,u_00755,d_1171,ip_0336,m_0278,284.03,0
tx_000307,2025-01-04 04:45:00,u_01385,d_0391,ip_0748,m_0064,116.04,0
tx_000308,2025-01-04 05:00:00,u_00789,d_0183,ip_0974,m_0167,1054.79,0
tx_000309,2025-01-04 05:15:00,u_00271,d_0112,ip_0772,m_0179,114.87,0
tx_000310,2025-01-04 05:30:00,u_01664,d_0637,ip_0199,m_0238,228.24,0
tx_000311,2025-01-04 05:45:00,u_01680,d_0006,ip_0748,m_0239,119.93,0
tx_000312,2025-01-04 06:00:00,u_00297,d_0756,ip_0637,m_0018,29.27,0
tx_000313,2025-01-04 06:15:00,u_00703,d_0584,ip_1072,m_0095,120.94,0
tx_000314,2025-01-04 06:30:00,u_00609,d_0948,ip_0174,m_0282,315.26,0
tx_000315,2025-01-04 06:45:00,u_01648,d_1061,ip_1739,m_0106,270.97,0
tx_000316,2025-01-04 07:00:00,u_01825,d_0555,ip_0917,m_0073,110.69,0
tx_000317,2025-01-04 07:15:00,u_01817,d_0819,ip_0699,m_0188,34.58,0
tx_000318,2025-01-04 07:30:00,u_02346,d_0140,ip_1994,m_0058,282.72,0
tx_000319,2025-01-04 07:45:00,u_01921,d_0543,ip_1637,m_0044,225.76,0
tx_000320,2025-01-04 08:00:00,u_00801,d_1760,ip_0301,m_0239,344.95,0
tx_000321,2025-01-04 08:15:00,u_00269,d_1784,ip_0322,m_0035,112.83,0
tx_000322,2025-01-04 08:30:00,ring_u_22_15,ring_d_22,ring_ip_22,ring_m_6,1068.63,1
tx_000323,2025-01-04 08:45:00,u_02290,d_1691,ip_1233,m_0074,253.09,0
tx_000324,2025-01-04 09:00:00,u_02437,d_0902,ip_0780,m_0032,147.06,0
tx_000325,2025-01-04 09:15:00,ring_u_16_4,ring_d_16,ring_ip_16,ring_m_0,848.38,1
tx_000326,2025-01-04 09:30:00,u_00591,d_1562,ip_1120,m_0052,152.74,0
tx_000327,2025-01-04 09:45:00,u_00093,d_0747,ip_1186,m_0109,141.82,0
tx_000328,2025-01-04 10:00:00,u_00353,d_1102,ip_0002,m_0105,225.26,0
tx_000329,2025-01-04 10:15:00,u_01387,d_1167,ip_0237,m_0152,81.7,0
tx_000330,2025-01-04 10:30:00,u_01367,d_0554,ip_1736,m_0142,77.86,0
tx_000331,2025-01-04 10:45:00,u_00927,d_1320,ip_2097,m_0058,134.57,0
tx_000332,2025-01-04 11:00:00,u_00774,d_0902,ip_1841,m_0070,59.12,0
tx_000333,2025-01-04 11:15:00,u_02074,d_0659,ip_1993,m_0058,118.03,0
tx_000334,2025-01-04 11:30:00,u_01150,d_0536,ip_1019,m_0016,1032.32,0
tx_000335,2025-01-04 11:45:00,u_02020,d_1343,ip_1818,m_0195,421.0,0
tx_000336,2025-01-04 12:00:00,u_02408,d_0448,ip_1940,m_0141,201.95,0
tx_000337,2025-01-04 12:15:00,u_00792,d_0223,ip_1964,m_0032,700.42,0
tx_000338,2025-01-04 12:30:00,u_00506,d_1587,ip_0328,m_0099,65.05,0
tx_000339,2025-01-04 12:45:00,u_02382,d_0597,ip_0322,m_0200,1790.84,0
tx_000340,2025-01-04 13:00:00,u_01587,d_1153,ip_0885,m_0085,93.64,0
tx_000341,2025-01-04 13:15:00,u_00727,d_1289,ip_1108,m_0120,1100.81,0
tx_000342,2025-01-04 13:30:00,u_01554,d_1509,ip_2107,m_0223,1095.98,0
tx_000343,2025-01-04 13:45:00,u_01287,d_1126,ip_0699,m_0201,25.71,0
tx_000344,2025-01-04 14:00:00,u_02263,d_1274,ip_1829,m_0210,643.61,0
tx_000345,2025-01-04 14:15:00,u_00639,d_1506,ip_1952,m_0114,111.73,0
tx_000346,2025-01-04 14:30:00,ring_u_24_9,ring_d_24,ring_ip_24,ring_m_0,106.58,1
tx_000347,2025-01-04 14:45:00,u_02340,d_0084,ip_0416,m_0253,250.8,0
tx_000348,2025-01-04 15:00:00,u_00451,d_1337,ip_0532,m_0261,54.17,0
tx_000349,2025-01-04 15:15:00,u_00411,d_0313,ip_0483,m_0016,245.18,0
tx_000350,2025-01-04 15:30:00,u_01332,d_1604,ip_1617,m_0251,57.93,0
tx_000351,2025-01-04 15:45:00,u_00112,d_0087,ip_1510,m_0267,177.16,0
tx_000352,2025-01-04 16:00:00,u_00746,d_0444,ip_0895,m_0282,564.17,0
tx_000353,2025-01-04 16:15:00,u_01087,d_0345,ip_0195,m_0080,218.44,0
tx_000354,2025-01-04 16:30:00,u_02423,d_1086,ip_1145,m_0150,103.57,0
tx_000355,2025-01-04 16:45:00,u_02480,d_0007,ip_1611,m_0012,255.04,0
tx_000356,2025-01-04 17:00:00,u_00378,d_0030,ip_1043,m_0032,36.36,0
tx_000357,2025-01-04 17:15:00,u_02229,d_0907,ip_0589,m_0168,64.14,0
tx_000358,2025-01-04 17:30:00,u_00227,d_1748,ip_1302,m_0061,96.52,0
tx_000359,2025-01-04 17:45:00,u_01871,d_0950,ip_1454,m_0067,325.98,0
tx_000360,2025-01-04 18:00:00,u_02114,d_0802,ip_1300,m_0089,222.69,0
tx_000361,2025-01-04 18:15:00,u_02226,d_1184,ip_1920,m_0137,253.45,0
tx_000362,2025-01-04 18:30:00,u_00558,d_0993,ip_0690,m_0045,144.4,0
tx_000363,2025-01-04 18:45:00,u_02233,d_0692,ip_1341,m_0240,67.48,0
tx_000364,2025-01-04 19:00:00,u_00289,d_1059,ip_1881,m_0200,657.28,0
tx_000365,2025-01-04 19:15:00,u_01297,d_0005,ip_0467,m_0237,73.86,0
tx_000366,2025-01-04 19:30:00,ring_u_18_13,ring_d_18,ring_ip_18,ring_m_2,75.53,1
tx_000367,2025-01-04 19:45:00,u_00789,d_1213,ip_0108,m_0180,132.67,0
tx_000368,2025-01-04 20:00:00,u_00055,d_0614,ip_0824,m_0108,260.6,0
tx_000369,2025-01-04 20:15:00,u_01930,d_0097,ip_0098,m_0293,81.01,0
tx_000370,2025-01-04 20:30:00,u_00838,d_0223,ip_1642,m_0169,425.25,0
tx_000371,2025-01-04 20:45:00,u_01654,d_1559,ip_0195,m_0139,588.91,0
tx_000372,2025-01-04 21:00:00,u_01025,d_0593,ip_1523,m_0124,399.94,0
tx_000373,2025-01-04 21:15:00,u_00934,d_0040,ip_1275,m_0011,173.75,0
tx_000374,2025-01-04 21:30:00,u_02215,d_1311,ip_2173,m_0286,96.05,0
tx_000375,2025-01-04 21:45:00,u_00236,d_0954,ip_0766,m_0245,2495.17,0
tx_000376,2025-01-04 22:00:00,ring_u_21_11,ring_d_21,ring_ip_21,ring_m_5,47.0,1
tx_000377,2025-01-04 22:15:00,u_01866,d_1610,ip_0534,m_0066,358.25,0
tx_000378,2025-01-04 22:30:00,u_00949,d_0564,ip_1181,m_0278,207.01,0
tx_000379,2025-01-04 22:45:00,u_00656,d_1030,ip_0482,m_0052,139.42,0
tx_000380,2025-01-04 23:00:00,u_00013,d_1340,ip_0249,m_0072,178.6,0
tx_000381,2025-01-04 23:15:00,u_02342,d_1095,ip_2086,m_0021,89.1,0
tx_000382,2025-01-04 23:30:00,u_02369,d_0374,ip_1494,m_0086,227.48,0
tx_000383,2025-01-04 23:45:00,u_00602,d_1226,ip_0261,m_0098,203.74,0
tx_000384,2025-01-05 00:00:00,u_00079,d_1338,ip_1359,m_0238,2159.55,0
tx_000385,2025-01-05 00:15:00,u_00306,d_0220,ip_0670,m_0097,433.04,0
tx_000386,2025-01-05 00:30:00,u_00169,d_0297,ip_0396,m_0286,248.61,0
tx_000387,2025-01-05 00:45:00,ring_u_13_9,ring_d_13,ring_ip_13,ring_m_5,495.48,1
tx_000388,2025-01-05 01:00:00,u_02229,d_0214,ip_1732,m_0157,934.06,0
tx_000389,2025-01-05 01:15:00,u_00383,d_1584,ip_0000,m_0177,56.24,0
tx_000390,2025-01-05 01:30:00,u_01866,d_0197,ip_0781,m_0248,123.63,0
tx_000391,2025-01-05 01:45:00,u_00448,d_1753,ip_2026,m_0225,22.04,0
tx_000392,2025-01-05 02:00:00,u_00918,d_1208,ip_0867,m_0260,259.5,0
tx_000393,2025-01-05 02:15:00,u_01498,d_0797,ip_0218,m_0281,346.6,0
tx_000394,2025-01-05 02:30:00,u_01799,d_0483,ip_0942,m_0035,54.84,0
tx_000395,2025-01-05 02:45:00,u_02186,d_0620,ip_1501,m_0028,623.33,0
tx_000396,2025-01-05 03:00:00,u_00111,d_1347,ip_2191,m_0134,72.32,0
tx_000397,2025-01-05 03:15:00,u_00491,d_1355,ip_1383,m_0045,105.38,0
tx_000398,2025-01-05 03:30:00,u_00701,d_0375,ip_0111,m_0148,167.26,0
tx_000399,2025-01-05 03:45:00,u_00775,d_0977,ip_1779,m_0176,730.84,0
tx_000400,2025-01-05 04:00:00,u_02495,d_1787,ip_1716,m_0082,62.92,0
tx_000401,2025-01-05 04:15:00,u_01943,d_0463,ip_1433,m_0029,198.59,0
tx_000402,2025-01-05 04:30:00,u_00801,d_1248,ip_1972,m_0289,322.09,0
tx_000403,2025-01-05 04:45:00,u_02429,d_0309,ip_1692,m_0111,262.03,0
tx_000404,2025-01-05 05:00:00,u_01248,d_1501,ip_0510,m_0251,271.89,0
tx_000405,2025-01-05 05:15:00,u_01251,d_0306,ip_0926,m_0187,317.82,0
tx_000406,2025-01-05 05:30:00,u_01084,d_0535,ip_1116,m_0198,85.22,0
tx_000407,2025-01-05 05:45:00,u_00359,d_0826,ip_1075,m_0234,802.54,0
tx_000408,2025-01-05 06:00:00,u_02335,d_0667,ip_1405,m_0079,132.8,0
tx_000409,2025-01-05 06:15:00,u_00034,d_0306,ip_1543,m_0065,116.3,0
tx_000410,2025-01-05 06:30:00,u_00435,d_1153,ip_0228,m_0299,571.13,0
tx_000411,2025-01-05 06:45:00,u_00574,d_0035,ip_1250,m_0200,79.0,0
tx_000412,2025-01-05 07:00:00,u_00698,d_1770,ip_0085,m_0087,204.44,0
tx_000413,2025-01-05 07:15:00,u_00329,d_0093,ip_1125,m_0193,72.04,0
tx_000414,2025-01-05 07:30:00,u_00044,d_0600,ip_0928,m_0118,1843.16,0
tx_000415,2025-01-05 07:45:00,u_01694,d_1673,ip_0452,m_0257,1493.17,0
tx_000416,2025-01-05 08:00:00,u_02423,d_0279,ip_2179,m_0152,132.92,0
tx_000417,2025-01-05 08:15:00,u_00304,d_0131,ip_0567,m_0094,249.6,0
tx_000418,2025-01-05 08:30:00,u_00741,d_1339,ip_0123,m_0207,149.19,0
tx_000419,2025-01-05 08:45:00,u_01265,d_0131,ip_0788,m_0225,104.73,0
tx_000420,2025-01-05 09:00:00,u_02318,d_1619,ip_1666,m_0111,167.27,0
tx_000421,2025-01-05 09:15:00,u_01735,d_0812,ip_0020,m_0225,142.51,0
tx_000422,2025-01-05 09:30:00,u_01915,d_1564,ip_1084,m_0070,32.44,0
tx_000423,2025-01-05 09:45:00,u_01452,d_0441,ip_0918,m_0071,193.06,0
tx_000424,2025-01-05 10:00:00,u_01042,d_0254,ip_1904,m_0247,142.27,0
tx_000425,2025-01-05 10:15:00,ring_u_15_11,ring_d_15,ring_ip_15,ring_m_7,80.59,1
tx_000426,2025-01-05 10:30:00,u_02160,d_1371,ip_0038,m_0010,137.34,0
tx_000427,2025-01-05 10:45:00,u_02010,d_1639,ip_1243,m_0202,103.51,0
tx_000428,2025-01-05 11:00:00,u_00062,d_0575,ip_0394,m_0091,355.99,0
tx_000429,2025-01-05 11:15:00,u_01788,d_0728,ip_1548,m_0082,252.94,0
tx_000430,2025-01-05 11:30:00,u_00210,d_1039,ip_0611,m_0127,599.47,0
tx_000431,2025-01-05 11:45:00,u_01847,d_0807,ip_1236,m_0135,243.41,0
tx_000432,2025-01-05 12:00:00,u_02064,d_0436,ip_0083,m_0267,121.8,0
tx_000433,2025-01-05 12:15:00,u_00327,d_0675,ip_1525,m_0130,275.0,0
tx_000434,2025-01-05 12:30:00,u_01084,d_1095,ip_1140,m_0089,20.48,0
tx_000435,2025-01-05 12:45:00,u_00309,d_0068,ip_0000,m_0232,1216.44,0
tx_000436,2025-01-05 13:00:00,u_01418,d_0604,ip_0584,m_0162,195.27,0
tx_000437,2025-01-05 13:15:00,u_02318,d_0527,ip_0130,m_0000,1318.77,0
tx_000438,2025-01-05 13:30:00,u_00202,d_0126,ip_0098,m_0189,62.22,0
tx_000439,2025-01-05 13:45:00,u_00993,d_0220,ip_1536,m_0150,48.54,0
tx_000440,2025-01-05 14:00:00,u_02432,d_0892,ip_0941,m_0172,213.97,0
tx_000441,2025-01-05 14:15:00,u_00752,d_0184,ip_1766,m_0055,213.26,0
tx_000442,2025-01-05 14:30:00,u_00330,d_0620,ip_0567,m_0143,208.15,0
tx_000443,2025-01-05 14:45:00,u_01221,d_1009,ip_1578,m_0194,178.72,0
tx_000444,2025-01-05 15:00:00,u_01270,d_1572,ip_1353,m_0203,79.19,0
tx_000445,2025-01-05 15:15:00,u_01657,d_0177,ip_1458,m_0204,33.6,0
tx_000446,2025-01-05 15:30:00,u_00784,d_0782,ip_1821,m_0299,196.99,0
tx_000447,2025-01-05 15:45:00,u_02389,d_0185,ip_1556,m_0150,41.16,0
tx_000448,2025-01-05 16:00:00,u_01302,d_0771,ip_1640,m_0128,37.45,0
tx_000449,2025-01-05 16:15:00,u_00716,d_0864,ip_1627,m_0162,101.43,0
tx_000450,2025-01-05 16:30:00,u_02400,d_1438,ip_0983,m_0098,228.3,0
tx_000451,2025-01-05 16:45:00,u_02312,d_0796,ip_1593,m_0094,1083.29,0
tx_000452,2025-01-05 17:00:00,u_01247,d_1683,ip_1852,m_0207,395.15,0
tx_000453,2025-01-05 17:15:00,u_00062,d_0247,ip_1623,m_0093,622.17,0
tx_000454,2025-01-05 17:30:00,u_01492,d_0095,ip_1336,m_0224,285.33,0
tx_000455,2025-01-05 17:45:00,u_01387,d_0008,ip_0162,m_0223,214.19,0
tx_000456,2025-01-05 18:00:00,u_00370,d_0642,ip_0960,m_0286,1818.54,0
tx_000457,2025-01-05 18:15:00,u_01584,d_0347,ip_0139,m_0039,39.53,0
tx_000458,2025-01-05 18:30:00,u_02101,d_0164,ip_0228,m_0108,98.18,0
tx_000459,2025-01-05 18:45:00,u_00264,d_0424,ip_0794,m_0231,106.15,0
tx_000460,2025-01-05 19:00:00,u_01808,d_1754,ip_1021,m_0128,362.69,0
tx_000461,2025-01-05 19:15:00,u_00350,d_1440,ip_1160,m_0196,55.77,0
tx_000462,2025-01-05 19:30:00,u_01872,d_0033,ip_1980,m_0220,318.44,0
tx_000463,2025-01-05 19:45:00,u_01047,d_1647,ip_1677,m_0265,264.98,0
tx_000464,2025-01-05 20:00:00,u_00016,d_0369,ip_0930,m_0067,334.74,0
tx_000465,2025-01-05 20:15:00,u_02415,d_0730,ip_0736,m_0078,328.73,0
tx_000466,2025-01-05 20:30:00,u_00414,d_0589,ip_1567,m_0141,691.12,0
tx_000467,2025-01-05 20:45:00,u_01490,d_0729,ip_0605,m_0151,141.29,0
tx_000468,2025-01-05 21:00:00,u_00453,d_1369,ip_1943,m_0271,252.18,0
tx_000469,2025-01-05 21:15:00,u_02332,d_1282,ip_1719,m_0011,71.05,0
tx_000470,2025-01-05 21:30:00,u_01845,d_1069,ip_1501,m_0073,56.55,0
tx_000471,2025-01-05 21:45:00,u_02010,d_1128,ip_0548,m_0273,866.82,0
tx_000472,2025-01-05 22:00:00,u_01080,d_1309,ip_1367,m_0184,65.88,0
tx_000473,2025-01-05 22:15:00,u_01168,d_0331,ip_1805,m_0202,281.83,0
tx_000474,2025-01-05 22:30:00,u_01585,d_0712,ip_0158,m_0074,252.41,0
tx_000475,2025-01-05 22:45:00,u_01961,d_0193,ip_0389,m_0186,480.57,0
tx_000476,2025-01-05 23:00:00,u_02117,d_1267,ip_1133,m_0110,28.27,0
tx_000477,2025-01-05 23:15:00,u_00044,d_0787,ip_0790,m_0219,361.84,0
tx_000478,2025-01-05 23:30:00,u_01658,d_1147,ip_1561,m_0027,140.05,0
tx_000479,2025-01-05 23:45:00,u_00272,d_1016,ip_0882,m_0085,81.46,0
tx_000480,2025-01-06 00:00:00,u_00719,d_0492,ip_2192,m_0193,115.49,0
tx_000481,2025-01-06 00:15:00,u_02073,d_0249,ip_0658,m_0181,418.54,0
tx_000482,2025-01-06 00:30:00,u_00626,d_1751,ip_0792,m_0252,308.35,0
tx_000483,2025-01-06 00:45:00,u_01992,d_0527,ip_0007,m_0240,130.59,0
tx_000484,2025-01-06 01:00:00,u_01157,d_0197,ip_0544,m_0004,47.51,0
tx_000485,2025-01-06 01:15:00,u_00581,d_0550,ip_0518,m_0027,50.98,0
tx_000486,2025-01-06 01:30:00,u_00835,d_1624,ip_1678,m_0106,315.14,0
tx_000487,2025-01-06 01:45:00,u_01326,d_0470,ip_0742,m_0287,41.36,0
tx_000488,2025-01-06 02:00:00,u_01912,d_1776,ip_0447,m_0143,131.87,0
tx_000489,2025-01-06 02:15:00,u_01515,d_0829,ip_0689,m_0267,2166.94,0
tx_000490,2025-01-06 02:30:00,u_02333,d_1551,ip_1237,m_0017,234.99,0
tx_000491,2025-01-06 02:45:00,u_02169,d_1175,ip_1728,m_0288,311.76,0
tx_000492,2025-01-06 03:00:00,u_01883,d_0079,ip_2153,m_0018,51.37,0
tx_000493,2025-01-06 03:15:00,u_01507,d_0916,ip_0104,m_0242,43.5,0
tx_000494,2025-01-06 03:30:00,u_00724,d_0750,ip_1850,m_0263,328.92,0
tx_000495,2025-01-06 03:45:00,u_01031,d_0362,ip_0855,m_0088,111.9,0
tx_000496,2025-01-06 04:00:00,u_00297,d_0989,ip_1778,m_0090,479.92,0
tx_000497,2025-01-06 04:15:00,u_00935,d_0185,ip_0082,m_0174,171.25,0
tx_000498,2025-01-06 04:30:00,u_02316,d_1256,ip_1377,m_0216,5199.73,0
tx_000499,2025-01-06 04:45:00,u_01064,d_1479,ip_2047,m_0036,92.54,0
tx_000500,2025-01-06 05:00:00,u_00284,d_0166,ip_0086,m_0071,219.01,0
tx_000501,2025-01-06 05:15:00,u_01629,d_0862,ip_1738,m_0226,67.08,0
tx_000502,2025-01-06 05:30:00,u_02406,d_1179,ip_0251,m_0242,460.39,0
tx_000503,2025-01-06 05:45:00,u_02168,d_0111,ip_2160,m_0046,254.81,0
tx_000504,2025-01-06 06:00:00,u_00685,d_0700,ip_1637,m_0266,62.73,0
tx_000505,2025-01-06 06:15:00,u_01134,d_0464,ip_2002,m_0260,119.43,0
tx_000506,2025-01-06 06:30:00,u_01327,d_0070,ip_1974,m_0260,646.67,0
tx_000507,2025-01-06 06:45:00,u_00619,d_1447,ip_0694,m_0072,573.47,0
tx_000508,2025-01-06 07:00:00,u_00671,d_0800,ip_0915,m_0200,39.87,0
tx_000509,2025-01-06 07:15:00,u_00591,d_1353,ip_1521,m_0048,102.93,0
tx_000510,2025-01-06 07:30:00,u_02486,d_1056,ip_0384,m_0058,1013.73,0
tx_000511,2025-01-06 07:45:00,u_01865,d_1576,ip_0674,m_0021,138.77,0
tx_000512,2025-01-06 08:00:00,u_02102,d_1794,ip_0217,m_0147,197.04,0
tx_000513,2025-01-06 08:15:00,u_02041,d_1083,ip_1954,m_0213,458.03,0
tx_000514,2025-01-06 08:30:00,u_02397,d_0633,ip_0545,m_0059,43.29,0
tx_000515,2025-01-06 08:45:00,u_00263,d_0761,ip_0903,m_0055,64.09,0
tx_000516,2025-01-06 09:00:00,u_02204,d_1485,ip_0995,m_0083,118.66,0
tx_000517,2025-01-06 09:15:00,u_00166,d_0767,ip_0826,m_0059,547.1,0
tx_000518,2025-01-06 09:30:00,u_01188,d_0935,ip_1711,m_0249,454.76,0
tx_000519,2025-01-06 09:45:00,u_01486,d_0349,ip_2010,m_0050,336.89,0
tx_000520,2025-01-06 10:00:00,u_00894,d_1782,ip_1260,m_0083,142.71,0
tx_000521,2025-01-06 10:15:00,u_00365,d_1171,ip_1840,m_0091,507.54,0
tx_000522,2025-01-06 10:30:00,u_00480,d_0594,ip_0243,m_0060,140.8,0
tx_000523,2025-01-06 10:45:00,u_02061,d_1053,ip_2126,m_0282,292.35,0
tx_000524,2025-01-06 11:00:00,u_00796,d_0722,ip_0254,m_0062,408.32,0
tx_000525,2025-01-06 11:15:00,u_00775,d_0278,ip_0146,m_0145,895.0,0
tx_000526,2025-01-06 11:30:00,u_02308,d_1574,ip_0048,m_0169,155.04,0
tx_000527,2025-01-06 11:45:00,u_00359,d_1594,ip_0535,m_0078,114.14,0
tx_000528,2025-01-06 12:00:00,u_02288,d_1502,ip_1841,m_0141,598.89,0
tx_000529,2025-01-06 12:15:00,u_02302,d_0663,ip_0661,m_0051,646.68,0
tx_000530,2025-01-06 12:30:00,u_01496,d_0461,ip_1739,m_0144,95.26,0
tx_000531,2025-01-06 12:45:00,u_00413,d_0089,ip_0933,m_0005,54.32,0
tx_000532,2025-01-06 13:00:00,u_00389,d_1316,ip_0228,m_0131,555.04,0
tx_000533,2025-01-06 13:15:00,u_00711,d_0590,ip_1040,m_0109,31.76,0
tx_000534,2025-01-06 13:30:00,u_01443,d_1605,ip_0511,m_0105,30.18,0
tx_000535,2025-01-06 13:45:00,u_00384,d_1565,ip_0641,m_0033,125.42,0
tx_000536,2025-01-06 14:00:00,u_01139,d_0230,ip_1137,m_0299,164.42,0
tx_000537,2025-01-06 14:15:00,u_00288,d_1650,ip_1738,m_0008,51.42,0
tx_000538,2025-01-06 14:30:00,u_01350,d_0252,ip_1290,m_0043,185.28,0
tx_000539,2025-01-06 14:45:00,u_00052,d_0882,ip_0491,m_0030,193.73,0
tx_000540,2025-01-06 15:00:00,u_01772,d_0853,ip_1578,m_0293,91.8,0
tx_000541,2025-01-06 15:15:00,u_00138,d_1721,ip_1532,m_0095,1133.95,0
tx_000542,2025-01-06 15:30:00,u_00487,d_1183,ip_0521,m_0129,228.09,0
tx_000543,2025-01-06 15:45:00,u_00436,d_1575,ip_1873,m_0225,458.74,0
tx_000544,2025-01-06 16:00:00,u_02077,d_1072,ip_1855,m_0015,34.6,0
tx_000545,2025-01-06 16:15:00,u_00133,d_1485,ip_1328,m_0020,34.3,0
tx_000546,2025-01-06 16:30:00,u_01073,d_1533,ip_0651,m_0054,235.11,0
tx_000547,2025-01-06 16:45:00,u_01477,d_1547,ip_0779,m_0203,948.48,0
tx_000548,2025-01-06 17:00:00,u_01289,d_0740,ip_0966,m_0293,54.06,0
tx_000549,2025-01-06 17:15:00,u_01701,d_0687,ip_0413,m_0186,171.29,0
tx_000550,2025-01-06 17:30:00,u_02007,d_1772,ip_0673,m_0261,43.16,0
tx_000551,2025-01-06 17:45:00,u_00984,d_1361,ip_0295,m_0264,72.34,0
tx_000552,2025-01-06 18:00:00,u_02070,d_1651,ip_0340,m_0082,180.03,0
tx_000553,2025-01-06 18:15:00,u_00794,d_1039,ip_1637,m_0055,90.68,0
tx_000554,2025-01-06 18:30:00,u_02461,d_1672,ip_0282,m_0048,40.22,0
tx_000555,2025-01-06 18:45:00,u_01261,d_1295,ip_1032,m_0238,39.33,0
tx_000556,2025-01-06 19:00:00,u_01840,d_1336,ip_0944,m_0200,22.51,0
tx_000557,2025-01-06 19:15:00,u_02187,d_0320,ip_0101,m_0259,239.03,0
tx_000558,2025-01-06 19:30:00,u_01981,d_1020,ip_1828,m_0152,269.77,0
tx_000559,2025-01-06 19:45:00,u_02127,d_1316,ip_2164,m_0292,268.42,0
tx_000560,2025-01-06 20:00:00,u_01341,d_1369,ip_1404,m_0268,59.79,0
tx_000561,2025-01-06 20:15:00,u_00108,d_1723,ip_1476,m_0242,405.84,0
tx_000562,2025-01-06 20:30:00,u_01232,d_0588,ip_0511,m_0240,300.9,0
tx_000563,2025-01-06 20:45:00,u_00453,d_0544,ip_1857,m_0037,149.5,0
tx_000564,2025-01-06 21:00:00,u_02222,d_1745,ip_1725,m_0223,126.87,0
tx_000565,2025-01-06 21:15:00,ring_u_6_5,ring_d_6,ring_ip_6,ring_m_6,124.9,1
tx_000566,2025-01-06 21:30:00,u_00570,d_0323,ip_1552,m_0087,179.86,0
tx_000567,2025-01-06 21:45:00,ring_u_6_8,ring_d_6,ring_ip_6,ring_m_6,97.32,1
tx_000568,2025-01-06 22:00:00,u_01606,d_1706,ip_1326,m_0105,463.06,0
tx_000569,2025-01-06 22:15:00,u_01428,d_0359,ip_0438,m_0063,114.87,0
tx_000570,2025-01-06 22:30:00,u_02372,d_1409,ip_0726,m_0219,254.33,0
tx_000571,2025-01-06 22:45:00,u_01040,d_0202,ip_0407,m_0049,49.33,0
tx_000572,2025-01-06 23:00:00,u_00705,d_0320,ip_0729,m_0144,307.99,0
tx_000573,2025-01-06 23:15:00,u_00123,d_1412,ip_1958,m_0280,64.66,0
tx_000574,2025-01-06 23:30:00,u_00017,d_1093,ip_0417,m_0047,295.97,0
tx_000575,2025-01-06 23:45:00,u_00934,d_0998,ip_1961,m_0046,2890.17,0
tx_000576,2025-01-07 00:00:00,u_02314,d_1541,ip_0627,m_0282,83.93,0
tx_000577,2025-01-07 00:15:00,ring_u_24_16,ring_d_24,ring_ip_24,ring_m_0,109.9,1
tx_000578,2025-01-07 00:30:00,u_02233,d_0905,ip_1162,m_0138,242.41,0
tx_000579,2025-01-07 00:45:00,u_00254,d_1095,ip_0276,m_0121,70.13,0
tx_000580,2025-01-07 01:00:00,u_00233,d_1331,ip_0404,m_0289,66.99,0
tx_000581,2025-01-07 01:15:00,u_02083,d_0597,ip_0671,m_0217,1579.65,0
tx_000582,2025-01-07 01:30:00,u_00266,d_1140,ip_0131,m_0272,242.98,0
tx_000583,2025-01-07 01:45:00,u_00129,d_0807,ip_1659,m_0027,84.25,0
tx_000584,2025-01-07 02:00:00,u_01010,d_0975,ip_1201,m_0159,121.09,0
tx_000585,2025-01-07 02:15:00,u_02312,d_1552,ip_1861,m_0217,228.33,0
tx_000586,2025-01-07 02:30:00,u_01723,d_0708,ip_1898,m_0010,147.12,0
tx_000587,2025-01-07 02:45:00,u_00247,d_1202,ip_0764,m_0153,209.75,0
tx_000588,2025-01-07 03:00:00,u_02092,d_1695,ip_1797,m_0016,874.46,0
tx_000589,2025-01-07 03:15:00,u_02108,d_1372,ip_0134,m_0270,48.04,0
tx_000590,2025-01-07 03:30:00,u_02001,d_1779,ip_0945,m_0204,282.77,0
tx_000591,2025-01-07 03:45:00,ring_u_16_13,ring_d_16,ring_ip_16,ring_m_0,757.94,1
tx_000592,2025-01-07 04:00:00,u_00599,d_0507,ip_1025,m_0156,90.1,0
tx_000593,2025-01-07 04:15:00,u_02448,d_1784,ip_1626,m_0032,433.62,0
tx_000594,2025-01-07 04:30:00,u_00801,d_1160,ip_1888,m_0241,34.42,0
tx_000595,2025-01-07 04:45:00,u_02005,d_0434,ip_0932,m_0058,13.92,0
tx_000596,2025-01-07 05:00:00,u_01448,d_0570,ip_0603,m_0182,185.77,0
tx_000597,2025-01-07 05:15:00,ring_u_23_5,ring_d_23,ring_ip_23,ring_m_7,4376.8,1
tx_000598,2025-01-07 05:30:00,u_01569,d_1500,ip_1910,m_0047,38.37,0
tx_000599,2025-01-07 05:45:00,u_01606,d_0166,ip_2172,m_0294,26.83,0
tx_000600,2025-01-07 06:00:00,u_01540,d_1331,ip_1794,m_0115,1023.14,0
tx_000601,2025-01-07 06:15:00,u_01947,d_0997,ip_0538,m_0036,235.81,0
tx_000602,2025-01-07 06:30:00,u_01847,d_0132,ip_0451,m_0209,151.36,0
tx_000603,2025-01-07 06:45:00,u_00336,d_1104,ip_1260,m_0060,1333.08,0
tx_000604,2025-01-07 07:00:00,ring_u_22_12,ring_d_22,ring_ip_22,ring_m_6,868.34,1
tx_000605,2025-01-07 07:15:00,u_01340,d_1306,ip_1344,m_0242,870.68,0
tx_000606,2025-01-07 07:30:00,u_00807,d_0951,ip_2031,m_0205,45.61,0
tx_000607,2025-01-07 07:45:00,u_01285,d_0603,ip_1208,m_0074,43.93,0
tx_000608,2025-01-07 08:00:00,u_02417,d_0294,ip_0782,m_0071,275.08,0
tx_000609,2025-01-07 08:15:00,u_02143,d_0022,ip_1912,m_0066,224.64,0
tx_000610,2025-01-07 08:30:00,u_02084,d_0647,ip_0966,m_0189,517.84,0
tx_000611,2025-01-07 08:45:00,u_01156,d_1138,ip_1331,m_0201,29.06,0
tx_000612,2025-01-07 09:00:00,u_01960,d_0067,ip_0297,m_0156,299.94,0
tx_000613,2025-01-07 09:15:00,u_00962,d_1797,ip_1117,m_0119,399.12,0
tx_000614,2025-01-07 09:30:00,u_01715,d_1054,ip_0937,m_0018,378.48,0
tx_000615,2025-01-07 09:45:00,u_01598,d_0530,ip_0270,m_0250,98.82,0
tx_000616,2025-01-07 10:00:00,u_00624,d_1731,ip_0465,m_0198,249.29,0
tx_000617,2025-01-07 10:15:00,u_00666,d_0331,ip_1547,m_0191,68.33,0
tx_000618,2025-01-07 10:30:00,u_00152,d_1723,ip_0397,m_0031,110.73,0
tx_000619,2025-01-07 10:45:00,u_00349,d_0507,ip_0290,m_0086,52.3,0
tx_000620,2025-01-07 11:00:00,u_01084,d_0683,ip_0126,m_0091,69.5,0
tx_000621,2025-01-07 11:15:00,u_01194,d_0765,ip_0058,m_0179,116.63,0
tx_000622,2025-01-07 11:30:00,ring_u_13_1,ring_d_13,ring_ip_13,ring_m_5,1020.04,1
tx_000623,2025-01-07 11:45:00,u_01042,d_0451,ip_1074,m_0259,69.49,0
tx_000624,2025-01-07 12:00:00,u_01510,d_1751,ip_1373,m_0156,40.46,0
tx_000625,2025-01-07 12:15:00,u_00581,d_0624,ip_1259,m_0109,1054.79,0
tx_000626,2025-01-07 12:30:00,u_00845,d_0513,ip_1180,m_0122,89.97,0
tx_000627,2025-01-07 12:45:00,u_00918,d_1148,ip_2197,m_0220,206.43,0
tx_000628,2025-01-07 13:00:00,u_01262,d_1248,ip_0549,m_0095,25.56,0
tx_000629,2025-01-07 13:15:00,u_00915,d_0621,ip_1567,m_0124,576.89,0
tx_000630,2025-01-07 13:30:00,u_01842,d_0241,ip_0175,m_0235,175.42,0
tx_000631,2025-01-07 13:45:00,u_00818,d_0712,ip_1866,m_0162,95.21,0
tx_000632,2025-01-07 14:00:00,u_01084,d_0972,ip_0797,m_0140,96.05,0
tx_000633,2025-01-07 14:15:00,u_00948,d_0072,ip_0762,m_0220,354.04,0
tx_000634,2025-01-07 14:30:00,u_00457,d_0141,ip_0297,m_0086,7.74,0
tx_000635,2025-01-07 14:45:00,u_01714,d_1652,ip_1119,m_0018,65.09,0
tx_000636,2025-01-07 15:00:00,u_00588,d_0064,ip_0879,m_0236,131.75,0
tx_000637,2025-01-07 15:15:00,u_00742,d_0732,ip_2143,m_0136,130.24,0
tx_000638,2025-01-07 15:30:00,u_01981,d_1375,ip_0391,m_0097,1817.67,0
tx_000639,2025-01-07 15:45:00,u_02372,d_0590,ip_0918,m_0028,105.89,0
tx_000640,2025-01-07 16:00:00,u_01677,d_0890,ip_1980,m_0277,399.51,0
tx_000641,2025-01-07 16:15:00,u_02290,d_0155,ip_1776,m_0217,908.37,0
tx_000642,2025-01-07 16:30:00,u_02135,d_1429,ip_1681,m_0082,290.21,0
tx_000643,2025-01-07 16:45:00,u_01202,d_1141,ip_1157,m_0182,75.66,0
tx_000644,2025-01-07 17:00:00,u_01925,d_1532,ip_1921,m_0139,41.08,0
tx_000645,2025-01-07 17:15:00,u_00820,d_1554,ip_0492,m_0098,312.76,0
tx_000646,2025-01-07 17:30:00,u_01151,d_0631,ip_1781,m_0093,768.95,0
tx_000647,2025-01-07 17:45:00,u_01338,d_0074,ip_1276,m_0022,256.2,0
tx_000648,2025-01-07 18:00:00,u_02401,d_0623,ip_0769,m_0292,509.51,0
tx_000649,2025-01-07 18:15:00,u_02121,d_0261,ip_0479,m_0277,1982.17,0
tx_000650,2025-01-07 18:30:00,u_01223,d_0959,ip_1147,m_0261,342.88,0
tx_000651,2025-01-07 18:45:00,u_01631,d_0263,ip_0006,m_0094,49.37,0
tx_000652,2025-01-07 19:00:00,u_00505,d_1659,ip_1572,m_0299,156.19,0
tx_000653,2025-01-07 19:15:00,u_02010,d_1084,ip_0518,m_0082,584.18,0
tx_000654,2025-01-07 19:30:00,u_01382,d_0455,ip_0856,m_0247,115.73,0
tx_000655,2025-01-07 19:45:00,u_01331,d_1658,ip_0424,m_0030,668.95,0
tx_000656,2025-01-07 20:00:00,u_01915,d_1385,ip_1023,m_0093,138.8,0
tx_000657,2025-01-07 20:15:00,u_01582,d_0787,ip_0816,m_0173,207.34,0
tx_000658,2025-01-07 20:30:00,u_00181,d_0263,ip_0413,m_0290,104.51,0
tx_000659,2025-01-07 20:45:00,ring_u_11_6,ring_d_11,ring_ip_11,ring_m_3,3372.28,1
tx_000660,2025-01-07 21:00:00,u_00441,d_1051,ip_1670,m_0129,183.54,0
tx_000661,2025-01-07 21:15:00,u_01837,d_1378,ip_0853,m_0252,29.71,0
tx_000662,2025-01-07 21:30:00,u_00087,d_0471,ip_0126,m_0141,95.43,0
tx_000663,2025-01-07 21:45:00,u_00506,d_1336,ip_1859,m_0204,43.24,0
tx_000664,2025-01-07 22:00:00,u_01493,d_0509,ip_1533,m_0125,98.78,0
tx_000665,2025-01-07 22:15:00,u_01736,d_0444,ip_1222,m_0001,67.01,0
tx_000666,2025-01-07 22:30:00,u_01258,d_0804,ip_1330,m_0084,408.23,0
tx_000667,2025-01-07 22:45:00,u_02151,d_0289,ip_0016,m_0169,412.98,0
tx_000668,2025-01-07 23:00:00,u_02297,d_0728,ip_1042,m_0005,259.9,0
tx_000669,2025-01-07 23:15:00,u_00330,d_0644,ip_0415,m_0069,41.78,0
tx_000670,2025-01-07 23:30:00,u_02381,d_0504,ip_1432,m_0285,134.54,0
tx_000671,2025-01-07 23:45:00,u_01535,d_1396,ip_2048,m_0004,38.58,0
tx_000672,2025-01-08 00:00:00,u_01590,d_0597,ip_1167,m_0074,128.09,0
tx_000673,2025-01-08 00:15:00,u_00237,d_1251,ip_1329,m_0185,283.56,0
tx_000674,2025-01-08 00:30:00,u_01554,d_1296,ip_1468,m_0168,400.26,0
tx_000675,2025-01-08 00:45:00,u_01814,d_1198,ip_2045,m_0061,238.14,0
tx_000676,2025-01-08 01:00:00,u_01451,d_0484,ip_0084,m_0017,522.42,0
tx_000677,2025-01-08 01:15:00,u_00211,d_1492,ip_0682,m_0269,192.43,0
tx_000678,2025-01-08 01:30:00,u_01308,d_0425,ip_0590,m_0165,117.5,0
tx_000679,2025-01-08 01:45:00,u_02339,d_0498,ip_1576,m_0172,355.55,0
tx_000680,2025-01-08 02:00:00,u_01808,d_1574,ip_0985,m_0017,367.41,0
tx_000681,2025-01-08 02:15:00,u_00343,d_0611,ip_1698,m_0062,87.87,0
tx_000682,2025-01-08 02:30:00,u_02399,d_1254,ip_1039,m_0021,216.8,0
tx_000683,2025-01-08 02:45:00,u_02397,d_0076,ip_2146,m_0293,110.57,0
tx_000684,2025-01-08 03:00:00,u_00423,d_1105,ip_1687,m_0230,19.91,0
tx_000685,2025-01-08 03:15:00,u_02002,d_1563,ip_0039,m_0163,230.47,0
tx_000686,2025-01-08 03:30:00,u_01016,d_1275,ip_2174,m_0204,40.67,0
tx_000687,2025-01-08 03:45:00,u_01484,d_1048,ip_2094,m_0049,206.07,0
tx_000688,2025-01-08 04:00:00,u_01112,d_1528,ip_0095,m_0296,31.97,0
tx_000689,2025-01-08 04:15:00,u_01956,d_0536,ip_0861,m_0155,72.26,0
tx_000690,2025-01-08 04:30:00,u_02491,d_0678,ip_2135,m_0154,96.2,0
tx_000691,2025-01-08 04:45:00,u_01987,d_0124,ip_1843,m_0287,493.6,0
tx_000692,2025-01-08 05:00:00,u_02328,d_1257,ip_1030,m_0028,87.05,0
tx_000693,2025-01-08 05:15:00,u_02365,d_1302,ip_1198,m_0127,50.65,0
tx_000694,2025-01-08 05:30:00,u_00225,d_1352,ip_0065,m_0026,213.65,0
tx_000695,2025-01-08 05:45:00,u_00633,d_1347,ip_1242,m_0127,119.47,0
tx_000696,2025-01-08 06:00:00,u_01804,d_0229,ip_1465,m_0080,327.2,0
tx_000697,2025-01-08 06:15:00,u_01475,d_1199,ip_0790,m_0138,53.95,0
tx_000698,2025-01-08 06:30:00,u_00125,d_1373,ip_0674,m_0210,183.25,0
tx_000699,2025-01-08 06:45:00,u_00237,d_0366,ip_1822,m_0084,1753.85,0
tx_000700,2025-01-08 07:00:00,u_01301,d_0857,ip_0987,m_0015,116.83,0
tx_000701,2025-01-08 07:15:00,ring_u_23_16,ring_d_23,ring_ip_23,ring_m_7,1514.88,1
tx_000702,2025-01-08 07:30:00,ring_u_13_4,ring_d_13,ring_ip_13,ring_m_5,940.29,1
tx_000703,2025-01-08 07:45:00,u_00428,d_1355,ip_1082,m_0173,63.25,0
tx_000704,2025-01-08 08:00:00,u_00323,d_0954,ip_0570,m_0293,235.03,0
tx_000705,2025-01-08 08:15:00,u_01412,d_1183,ip_1232,m_0268,106.71,0
tx_000706,2025-01-08 08:30:00,u_00019,d_1127,ip_1894,m_0048,274.36,0
tx_000707,2025-01-08 08:45:00,u_01431,d_1171,ip_1633,m_0220,227.0,0
tx_000708,2025-01-08 09:00:00,u_01189,d_1402,ip_0508,m_0027,39.72,0
tx_000709,2025-01-08 09:15:00,u_01164,d_1627,ip_1037,m_0028,409.65,0
tx_000710,2025-01-08 09:30:00,u_01698,d_0532,ip_1196,m_0237,42.83,0
tx_000711,2025-01-08 09:45:00,u_01306,d_1670,ip_1496,m_0120,69.07,0
tx_000712,2025-01-08 10:00:00,u_01819,d_1130,ip_1664,m_0299,186.7,0
tx_000713,2025-01-08 10:15:00,u_01909,d_1072,ip_1067,m_0001,711.25,0
tx_000714,2025-01-08 10:30:00,u_02300,d_0589,ip_0693,m_0150,54.39,0
tx_000715,2025-01-08 10:45:00,u_01998,d_0750,ip_1450,m_0092,172.03,0
tx_000716,2025-01-08 11:00:00,u_01294,d_1172,ip_0276,m_0295,173.47,0
tx_000717,2025-01-08 11:15:00,u_01230,d_0654,ip_1483,m_0200,286.39,0
tx_000718,2025-01-08 11:30:00,u_00589,d_0517,ip_1971,m_0231,484.94,0
tx_000719,2025-01-08 11:45:00,u_01498,d_1474,ip_1560,m_0087,99.08,0
tx_000720,2025-01-08 12:00:00,u_00347,d_0747,ip_0954,m_0268,408.24,0
tx_000721,2025-01-08 12:15:00,u_02328,d_1160,ip_1811,m_0252,561.34,0
tx_000722,2025-01-08 12:30:00,u_02112,d_0056,ip_1170,m_0235,883.56,0
tx_000723,2025-01-08 12:45:00,u_00299,d_0139,ip_1189,m_0143,245.16,0
tx_000724,2025-01-08 13:00:00,u_01964,d_1526,ip_1874,m_0276,173.72,0
tx_000725,2025-01-08 13:15:00,u_00292,d_0255,ip_0425,m_0200,92.33,0
tx_000726,2025-01-08 13:30:00,u_01803,d_1432,ip_1715,m_0019,34.5,0
tx_000727,2025-01-08 13:45:00,u_00219,d_1620,ip_1495,m_0265,112.4,0
tx_000728,2025-01-08 14:00:00,u_01220,d_0866,ip_1163,m_0006,166.06,0
tx_000729,2025-01-08 14:15:00,u_01644,d_1592,ip_0169,m_0204,133.02,0
tx_000730,2025-01-08 14:30:00,u_01822,d_0769,ip_1684,m_0074,269.81,0
tx_000731,2025-01-08 14:45:00,u_01046,d_1713,ip_0481,m_0269,34.67,0
tx_000732,2025-01-08 15:00:00,u_02304,d_0426,ip_1970,m_0218,123.72,0
tx_000733,2025-01-08 15:15:00,u_01935,d_0770,ip_1742,m_0242,1090.91,0
tx_000734,2025-01-08 15:30:00,u_00520,d_0700,ip_0799,m_0209,401.66,0
tx_000735,2025-01-08 15:45:00,u_01678,d_1411,ip_0957,m_0170,274.84,0
tx_000736,2025-01-08 16:00:00,u_01826,d_0078,ip_0056,m_0259,219.35,0
tx_000737,2025-01-08 16:15:00,u_00834,d_1490,ip_1095,m_0089,102.98,0
tx_000738,2025-01-08 16:30:00,u_01845,d_0042,ip_0127,m_0158,25.69,0
tx_000739,2025-01-08 16:45:00,u_02245,d_0568,ip_2172,m_0089,234.42,0
tx_000740,2025-01-08 17:00:00,u_02042,d_1072,ip_1408,m_0034,12.83,0
tx_000741,2025-01-08 17:15:00,u_01906,d_0261,ip_0517,m_0262,107.17,0
tx_000742,2025-01-08 17:30:00,u_01586,d_0882,ip_1768,m_0149,147.87,0
tx_000743,2025-01-08 17:45:00,u_00676,d_1794,ip_0043,m_0016,94.9,0
tx_000744,2025-01-08 18:00:00,u_01988,d_1481,ip_1208,m_0247,1301.64,0
tx_000745,2025-01-08 18:15:00,u_00910,d_0054,ip_0245,m_0282,919.97,0
tx_000746,2025-01-08 18:30:00,u_01330,d_1065,ip_0119,m_0198,416.89,0
tx_000747,2025-01-08 18:45:00,u_00786,d_1075,ip_0537,m_0098,58.83,0
tx_000748,2025-01-08 19:00:00,u_00782,d_0122,ip_0647,m_0257,1013.75,0
tx_000749,2025-01-08 19:15:00,u_00394,d_1170,ip_1597,m_0221,275.61,0
tx_000750,2025-01-08 19:30:00,u_02403,d_0937,ip_1959,m_0085,57.86,0
tx_000751,2025-01-08 19:45:00,u_00369,d_1227,ip_1706,m_0099,153.35,0
tx_000752,2025-01-08 20:00:00,u_00215,d_0535,ip_1627,m_0296,387.06,0
tx_000753,2025-01-08 20:15:00,u_02340,d_0460,ip_1244,m_0285,81.54,0
tx_000754,2025-01-08 20:30:00,u_01387,d_1324,ip_0816,m_0202,170.81,0
tx_000755,2025-01-08 20:45:00,u_01094,d_1298,ip_0561,m_0010,203.66,0
tx_000756,2025-01-08 21:00:00,u_01843,d_0291,ip_2080,m_0068,49.36,0
tx_000757,2025-01-08 21:15:00,u_00958,d_0389,ip_1147,m_0105,113.29,0
tx_000758,2025-01-08 21:30:00,u_00319,d_1055,ip_1241,m_0160,53.23,0
tx_000759,2025-01-08 21:45:00,u_01824,d_1492,ip_0032,m_0260,353.78,0
tx_000760,2025-01-08 22:00:00,u_00439,d_0363,ip_1007,m_0254,59.86,0
tx_000761,2025-01-08 22:15:00,u_01382,d_0394,ip_1499,m_0082,198.7,0
tx_000762,2025-01-08 22:30:00,u_02372,d_1454,ip_1089,m_0032,36.96,0
tx_000763,2025-01-08 22:45:00,u_02340,d_1254,ip_1351,m_0082,47.78,0
tx_000764,2025-01-08 23:00:00,u_00901,d_1624,ip_1781,m_0070,45.52,0
tx_000765,2025-01-08 23:15:00,u_01950,d_1410,ip_0047,m_0269,111.1,0
tx_000766,2025-01-08 23:30:00,u_01531,d_1715,ip_1989,m_0004,177.75,0
tx_000767,2025-01-08 23:45:00,u_01198,d_0340,ip_1797,m_0249,213.74,0
tx_000768,2025-01-09 00:00:00,u_00349,d_0489,ip_0923,m_0197,25.22,0
tx_000769,2025-01-09 00:15:00,u_00940,d_0428,ip_1679,m_0031,125.38,0
tx_000770,2025-01-09 00:30:00,u_01629,d_0099,ip_0146,m_0205,70.07,0
tx_000771,2025-01-09 00:45:00,u_02466,d_1402,ip_0678,m_0174,253.2,0
tx_000772,2025-01-09 01:00:00,u_00012,d_1191,ip_0237,m_0001,113.56,0
tx_000773,2025-01-09 01:15:00,u_01794,d_0154,ip_1397,m_0067,136.89,0
tx_000774,2025-01-09 01:30:00,u_02115,d_0356,ip_1883,m_0104,70.46,0
tx_000775,2025-01-09 01:45:00,u_02377,d_0343,ip_1323,m_0064,832.68,0
tx_000776,2025-01-09 02:00:00,u_01059,d_0725,ip_1565,m_0173,41.12,0
tx_000777,2025-01-09 02:15:00,u_00296,d_0819,ip_0314,m_0184,99.51,0
tx_000778,2025-01-09 02:30:00,u_00677,d_0520,ip_2054,m_0050,165.27,0
tx_000779,2025-01-09 02:45:00,u_02126,d_1674,ip_0425,m_0037,115.43,0
tx_000780,2025-01-09 03:00:00,u_02194,d_0382,ip_1157,m_0196,69.14,0
tx_000781,2025-01-09 03:15:00,u_01592,d_1011,ip_1503,m_0140,24.25,0
tx_000782,2025-01-09 03:30:00,u_00306,d_0788,ip_1884,m_0079,74.33,0
tx_000783,2025-01-09 03:45:00,u_00304,d_0697,ip_2053,m_0076,56.86,0
tx_000784,2025-01-09 04:00:00,u_01195,d_1486,ip_1317,m_0011,795.7,0
tx_000785,2025-01-09 04:15:00,u_01470,d_1761,ip_1267,m_0256,1428.95,0
tx_000786,2025-01-09 04:30:00,u_00080,d_0010,ip_0917,m_0252,141.06,0
tx_000787,2025-01-09 04:45:00,u_01715,d_0834,ip_1249,m_0166,36.42,0
tx_000788,2025-01-09 05:00:00,u_01361,d_0214,ip_1484,m_0104,310.46,0
tx_000789,2025-01-09 05:15:00,u_00030,d_0780,ip_1422,m_0064,55.64,0
tx_000790,2025-01-09 05:30:00,u_00239,d_1110,ip_1303,m_0092,85.7,0
tx_000791,2025-01-09 05:45:00,u_01135,d_0740,ip_0969,m_0277,79.13,0
tx_000792,2025-01-09 06:00:00,u_01806,d_0556,ip_0430,m_0026,89.97,0
tx_000793,2025-01-09 06:15:00,u_02063,d_0561,ip_0119,m_0246,104.09,0
tx_000794,2025-01-09 06:30:00,u_01078,d_0539,ip_0925,m_0091,39.9,0
tx_000795,2025-01-09 06:45:00,u_00738,d_0586,ip_0872,m_0079,73.55,0
tx_000796,2025-01-09 07:00:00,u_02420,d_0673,ip_1337,m_0242,411.56,0
tx_000797,2025-01-09 07:15:00,u_01146,d_1238,ip_1980,m_0288,143.52,0
tx_000798,2025-01-09 07:30:00,u_00788,d_0172,ip_1543,m_0297,168.23,0
tx_000799,2025-01-09 07:45:00,u_01105,d_0073,ip_1770,m_0080,15.92,0
tx_000800,2025-01-09 08:00:00,u_00030,d_0930,ip_1271,m_0177,382.9,0
tx_000801,2025-01-09 08:15:00,u_00754,d_1227,ip_2040,m_0087,74.77,0
tx_000802,2025-01-09 08:30:00,u_01288,d_0465,ip_2066,m_0058,456.67,0
tx_000803,2025-01-09 08:45:00,u_02296,d_0362,ip_0336,m_0115,173.17,0
tx_000804,2025-01-09 09:00:00,u_01845,d_1124,ip_1406,m_0018,84.6,0
tx_000805,2025-01-09 09:15:00,u_01953,d_0691,ip_1113,m_0049,27.72,0
tx_000806,2025-01-09 09:30:00,u_01362,d_1324,ip_2138,m_0178,1306.16,0
tx_000807,2025-01-09 09:45:00,u_00276,d_0263,ip_1286,m_0206,331.37,0
tx_000808,2025-01-09 10:00:00,u_00977,d_0218,ip_0035,m_0081,351.8,0
tx_000809,2025-01-09 10:15:00,u_02492,d_0994,ip_0461,m_0167,914.91,0
tx_000810,2025-01-09 10:30:00,u_00110,d_0706,ip_0284,m_0229,185.69,0
tx_000811,2025-01-09 10:45:00,u_02198,d_1312,ip_0442,m_0268,573.87,0
tx_000812,2025-01-09 11:00:00,u_01711,d_0911,ip_0210,m_0170,91.97,0
tx_000813,2025-01-09 11:15:00,u_00709,d_0638,ip_1720,m_0072,310.31,0
tx_000814,2025-01-09 11:30:00,u_01944,d_0287,ip_1087,m_0213,79.04,0
tx_000815,2025-01-09 11:45:00,u_02092,d_0294,ip_1478,m_0051,89.67,0
tx_000816,2025-01-09 12:00:00,u_00108,d_1360,ip_2199,m_0041,163.53,0
tx_000817,2025-01-09 12:15:00,u_00266,d_0407,ip_1423,m_0107,41.79,0
tx_000818,2025-01-09 12:30:00,u_01664,d_0904,ip_1054,m_0098,206.32,0
tx_000819,2025-01-09 12:45:00,ring_u_18_16,ring_d_18,ring_ip_18,ring_m_2,50.38,1
tx_000820,2025-01-09 13:00:00,u_00059,d_1616,ip_1659,m_0015,20.34,0
tx_000821,2025-01-09 13:15:00,u_01664,d_0481,ip_1114,m_0283,93.91,0
tx_000822,2025-01-09 13:30:00,u_00341,d_0197,ip_1665,m_0203,105.1,0
tx_000823,2025-01-09 13:45:00,u_01625,d_1394,ip_0050,m_0215,348.22,0
tx_000824,2025-01-09 14:00:00,u_01558,d_1237,ip_0358,m_0019,197.39,0
tx_000825,2025-01-09 14:15:00,u_00226,d_0596,ip_0285,m_0238,631.11,0
tx_000826,2025-01-09 14:30:00,u_01701,d_1068,ip_1499,m_0109,249.66,0
tx_000827,2025-01-09 14:45:00,u_02242,d_0339,ip_1140,m_0224,85.29,0
tx_000828,2025-01-09 15:00:00,u_02158,d_1261,ip_0697,m_0147,140.0,0
tx_000829,2025-01-09 15:15:00,u_00072,d_1309,ip_0681,m_0072,104.79,0
tx_000830,2025-01-09 15:30:00,u_00614,d_0538,ip_1334,m_0078,241.77,0
tx_000831,2025-01-09 15:45:00,ring_u_17_2,ring_d_17,ring_ip_17,ring_m_1,4361.52,1
tx_000832,2025-01-09 16:00:00,u_01133,d_0601,ip_2189,m_0248,79.16,0
tx_000833,2025-01-09 16:15:00,u_00357,d_0056,ip_1037,m_0128,149.7,0
tx_000834,2025-01-09 16:30:00,u_02135,d_0229,ip_1475,m_0234,235.38,0
tx_000835,2025-01-09 16:45:00,u_01941,d_1727,ip_0183,m_0248,54.25,0
tx_000836,2025-01-09 17:00:00,u_02020,d_0820,ip_2079,m_0050,203.77,0
tx_000837,2025-01-09 17:15:00,u_00495,d_0265,ip_0039,m_0099,30.61,0
tx_000838,2025-01-09 17:30:00,u_00036,d_0079,ip_0752,m_0037,448.35,0
tx_000839,2025-01-09 17:45:00,u_02276,d_0636,ip_1595,m_0002,251.43,0
tx_000840,2025-01-09 18:00:00,u_00722,d_1769,ip_2133,m_0295,756.94,0
tx_000841,2025-01-09 18:15:00,u_01640,d_0692,ip_0377,m_0198,48.59,0
tx_000842,2025-01-09 18:30:00,u_02273,d_1799,ip_1454,m_0135,461.02,0
tx_000843,2025-01-09 18:45:00,u_00090,d_0880,ip_0413,m_0060,378.34,0
tx_000844,2025-01-09 19:00:00,u_00013,d_1375,ip_0110,m_0177,123.69,0
tx_000845,2025-01-09 19:15:00,u_00013,d_1413,ip_0932,m_0162,101.84,0
tx_000846,2025-01-09 19:30:00,u_00390,d_0050,ip_1268,m_0066,50.14,0
tx_000847,2025-01-09 19:45:00,u_00129,d_0010,ip_0580,m_0004,38.64,0
tx_000848,2025-01-09 20:00:00,u_02049,d_1660,ip_2140,m_0140,70.02,0
tx_000849,2025-01-09 20:15:00,u_01514,d_1678,ip_1356,m_0152,42.28,0
tx_000850,2025-01-09 20:30:00,u_02450,d_0238,ip_0964,m_0239,731.96,0
tx_000851,2025-01-09 20:45:00,u_02003,d_1162,ip_1068,m_0118,33.05,0
tx_000852,2025-01-09 21:00:00,u_02407,d_1662,ip_1021,m_0029,172.24,0
tx_000853,2025-01-09 21:15:00,u_00596,d_1711,ip_0245,m_0264,229.45,0
tx_000854,2025-01-09 21:30:00,u_00719,d_0533,ip_1334,m_0124,212.19,0
tx_000855,2025-01-09 21:45:00,u_02123,d_1471,ip_1726,m_0216,231.66,0
tx_000856,2025-01-09 22:00:00,u_00612,d_1163,ip_0926,m_0012,382.37,0
tx_000857,2025-01-09 22:15:00,u_00143,d_1670,ip_0936,m_0010,95.02,0
tx_000858,2025-01-09 22:30:00,u_01672,d_0264,ip_2003,m_0006,161.99,0
tx_000859,2025-01-09 22:45:00,u_02002,d_1081,ip_1343,m_0236,110.66,0
tx_000860,2025-01-09 23:00:00,u_02420,d_0044,ip_0655,m_0072,545.95,0
tx_000861,2025-01-09 23:15:00,u_02319,d_0643,ip_0008,m_0237,1211.8,0
tx_000862,2025-01-09 23:30:00,u_00300,d_0020,ip_1811,m_0283,44.97,0
tx_000863,2025-01-09 23:45:00,u_01930,d_0797,ip_1378,m_0199,19.47,0
tx_000864,2025-01-10 00:00:00,u_02115,d_1459,ip_1377,m_0295,262.21,0
tx_000865,2025-01-10 00:15:00,u_01745,d_1184,ip_0622,m_0278,432.84,0
tx_000866,2025-01-10 00:30:00,u_02049,d_0570,ip_0409,m_0216,1050.45,0
tx_000867,2025-01-10 00:45:00,u_02094,d_0768,ip_1087,m_0240,310.41,0
tx_000868,2025-01-10 01:00:00,u_01116,d_0661,ip_1667,m_0181,599.31,0
tx_000869,2025-01-10 01:15:00,u_00100,d_1317,ip_0654,m_0065,780.6,0
tx_000870,2025-01-10 01:30:00,u_01140,d_0479,ip_1159,m_0030,642.12,0
tx_000871,2025-01-10 01:45:00,u_00504,d_0165,ip_2191,m_0114,358.22,0
tx_000872,2025-01-10 02:00:00,u_00284,d_0912,ip_0482,m_0142,41.17,0
tx_000873,2025-01-10 02:15:00,u_00312,d_1493,ip_0507,m_0104,147.18,0
tx_000874,2025-01-10 02:30:00,u_01743,d_0858,ip_0519,m_0030,200.34,0
tx_000875,2025-01-10 02:45:00,u_01261,d_0367,ip_2008,m_0151,134.32,0
tx_000876,2025-01-10 03:00:00,u_01349,d_0082,ip_1163,m_0149,142.86,0
tx_000877,2025-01-10 03:15:00,u_01862,d_1699,ip_2019,m_0286,711.4,0
tx_000878,2025-01-10 03:30:00,ring_u_2_14,ring_d_2,ring_ip_2,ring_m_2,2198.08,1
tx_000879,2025-01-10 03:45:00,u_01575,d_0279,ip_0926,m_0184,329.99,0
tx_000880,2025-01-10 04:00:00,u_00215,d_0133,ip_0120,m_0255,203.66,0
tx_000881,2025-01-10 04:15:00,u_02127,d_0232,ip_0668,m_0093,62.96,0
tx_000882,2025-01-10 04:30:00,u_01121,d_0677,ip_1196,m_0290,50.57,0
tx_000883,2025-01-10 04:45:00,u_00388,d_1461,ip_0838,m_0282,27.08,0
tx_000884,2025-01-10 05:00:00,u_02033,d_0287,ip_0004,m_0037,241.19,0
tx_000885,2025-01-10 05:15:00,u_01836,d_1473,ip_2176,m_0210,139.32,0
tx_000886,2025-01-10 05:30:00,u_00132,d_0003,ip_0667,m_0137,64.99,0
tx_000887,2025-01-10 05:45:00,u_00482,d_1329,ip_1361,m_0079,22.73,0
tx_000888,2025-01-10 06:00:00,u_00039,d_0508,ip_2082,m_0123,228.77,0
tx_000889,2025-01-10 06:15:00,u_00676,d_1728,ip_1198,m_0271,124.75,0
tx_000890,2025-01-10 06:30:00,u_00249,d_0856,ip_1527,m_0277,72.7,0
tx_000891,2025-01-10 06:45:00,u_01774,d_0486,ip_0079,m_0103,56.6,0
tx_000892,2025-01-10 07:00:00,u_01306,d_0437,ip_1532,m_0138,116.91,0
tx_000893,2025-01-10 07:15:00,u_02450,d_1487,ip_1865,m_0154,237.46,0
tx_000894,2025-01-10 07:30:00,u_01873,d_0725,ip_2020,m_0220,106.7,0
tx_000895,2025-01-10 07:45:00,u_01528,d_0633,ip_0184,m_0143,45.22,0
tx_000896,2025-01-10 08:00:00,u_01273,d_1324,ip_0502,m_0118,140.03,0
tx_000897,2025-01-10 08:15:00,u_00136,d_0967,ip_0103,m_0277,422.23,0
tx_000898,2025-01-10 08:30:00,u_00175,d_1194,ip_2019,m_0111,154.51,0
tx_000899,2025-01-10 08:45:00,u_01540,d_0802,ip_0604,m_0079,158.92,0
tx_000900,2025-01-10 09:00:00,u_00010,d_0115,ip_1169,m_0098,107.16,0
tx_000901,2025-01-10 09:15:00,u_00105,d_0010,ip_1046,m_0099,60.97,0
tx_000902,2025-01-10 09:30:00,u_00547,d_0070,ip_1515,m_0166,58.97,0
tx_000903,2025-01-10 09:45:00,u_02210,d_1034,ip_1969,m_0198,28.17,0
tx_000904,2025-01-10 10:00:00,u_01147,d_0924,ip_0712,m_0040,483.58,0
tx_000905,2025-01-10 10:15:00,u_01773,d_1345,ip_1738,m_0265,235.68,0
tx_000906,2025-01-10 10:30:00,u_01028,d_1610,ip_0640,m_0076,161.17,0
tx_000907,2025-01-10 10:45:00,u_00432,d_0314,ip_0434,m_0034,199.45,0
tx_000908,2025-01-10 11:00:00,u_00927,d_1723,ip_0233,m_0200,208.41,0
tx_000909,2025-01-10 11:15:00,u_00229,d_1676,ip_0818,m_0062,71.2,0
tx_000910,2025-01-10 11:30:00,u_01925,d_1108,ip_1233,m_0225,107.2,0
tx_000911,2025-01-10 11:45:00,u_00458,d_0954,ip_1716,m_0284,92.37,0
tx_000912,2025-01-10 12:00:00,u_00940,d_0317,ip_1866,m_0207,1828.82,0
tx_000913,2025-01-10 12:15:00,u_02450,d_0320,ip_1159,m_0233,411.66,0
tx_000914,2025-01-10 12:30:00,u_01479,d_0033,ip_0899,m_0148,175.54,0
tx_000915,2025-01-10 12:45:00,u_01146,d_1162,ip_0383,m_0103,581.72,0
tx_000916,2025-01-10 13:00:00,u_01357,d_0779,ip_2011,m_0183,512.7,0
tx_000917,2025-01-10 13:15:00,u_01960,d_0345,ip_0871,m_0107,37.32,0
tx_000918,2025-01-10 13:30:00,u_00636,d_0240,ip_1682,m_0262,118.76,0
tx_000919,2025-01-10 13:45:00,u_01591,d_0114,ip_1377,m_0140,146.01,0
tx_000920,2025-01-10 14:00:00,u_02181,d_1153,ip_2049,m_0149,273.56,0
tx_000921,2025-01-10 14:15:00,u_01431,d_1233,ip_2141,m_0202,118.63,0
tx_000922,2025-01-10 14:30:00,u_01116,d_1136,ip_1555,m_0056,134.49,0
tx_000923,2025-01-10 14:45:00,u_00362,d_0199,ip_1455,m_0168,93.56,0
tx_000924,2025-01-10 15:00:00,u_00620,d_0074,ip_0301,m_0226,423.66,0
tx_000925,2025-01-10 15:15:00,u_02365,d_0191,ip_0035,m_0232,35.05,0
tx_000926,2025-01-10 15:30:00,u_01353,d_1352,ip_1201,m_0067,96.8,0
tx_000927,2025-01-10 15:45:00,u_00753,d_1331,ip_1551,m_0016,23.48,0
tx_000928,2025-01-10 16:00:00,u_01045,d_0530,ip_1641,m_0058,53.0,0
tx_000929,2025-01-10 16:15:00,u_01445,d_0099,ip_0551,m_0245,203.81,0
tx_000930,2025-01-10 16:30:00,u_01343,d_0575,ip_1107,m_0079,207.71,0
tx_000931,2025-01-10 16:45:00,u_01749,d_1457,ip_1896,m_0017,108.51,0
tx_000932,2025-01-10 17:00:00,u_00643,d_0258,ip_0210,m_0179,456.68,0
tx_000933,2025-01-10 17:15:00,u_01623,d_1433,ip_0844,m_0264,574.81,0
tx_000934,2025-01-10 17:30:00,u_01106,d_0834,ip_2077,m_0067,138.49,0
tx_000935,2025-01-10 17:45:00,u_02351,d_0254,ip_0439,m_0012,190.65,0
tx_000936,2025-01-10 18:00:00,u_00394,d_1681,ip_0696,m_0042,94.39,0
tx_000937,2025-01-10 18:15:00,u_00371,d_0933,ip_1029,m_0038,277.8,0
tx_000938,2025-01-10 18:30:00,u_01154,d_1208,ip_1514,m_0061,44.97,0
tx_000939,2025-01-10 18:45:00,u_01270,d_0173,ip_0561,m_0054,894.12,0
tx_000940,2025-01-10 19:00:00,u_01727,d_0668,ip_1743,m_0191,464.05,0
tx_000941,2025-01-10 19:15:00,u_01010,d_1138,ip_0518,m_0066,44.75,0
tx_000942,2025-01-10 19:30:00,u_02284,d_1161,ip_0810,m_0164,67.42,0
tx_000943,2025-01-10 19:45:00,u_01185,d_0113,ip_1261,m_0120,226.16,0
tx_000944,2025-01-10 20:00:00,u_00323,d_1087,ip_0026,m_0196,105.82,0
tx_000945,2025-01-10 20:15:00,u_00298,d_1700,ip_1688,m_0196,255.85,0
tx_000946,2025-01-10 20:30:00,ring_u_5_1,ring_d_5,ring_ip_5,ring_m_5,3122.87,1
tx_000947,2025-01-10 20:45:00,u_00335,d_0373,ip_1836,m_0267,681.85,0
tx_000948,2025-01-10 21:00:00,u_02369,d_1642,ip_0604,m_0058,149.65,0
tx_000949,2025-01-10 21:15:00,u_00695,d_1229,ip_0874,m_0157,1669.96,0
tx_000950,2025-01-10 21:30:00,u_00233,d_0102,ip_1976,m_0118,271.15,0
tx_000951,2025-01-10 21:45:00,u_00761,d_0230,ip_0146,m_0159,38.5,0
tx_000952,2025-01-10 22:00:00,u_01536,d_1658,ip_1080,m_0041,1195.71,0
tx_000953,2025-01-10 22:15:00,u_01069,d_0377,ip_1064,m_0095,445.27,0
tx_000954,2025-01-10 22:30:00,u_01963,d_0174,ip_0984,m_0282,217.05,0
tx_000955,2025-01-10 22:45:00,u_01527,d_0811,ip_0954,m_0240,283.34,0
tx_000956,2025-01-10 23:00:00,u_01001,d_0946,ip_1644,m_0127,45.19,0
tx_000957,2025-01-10 23:15:00,u_01586,d_1031,ip_0433,m_0033,24.43,0
tx_000958,2025-01-10 23:30:00,u_02428,d_1185,ip_1960,m_0194,142.34,0
tx_000959,2025-01-10 23:45:00,u_01029,d_1797,ip_1971,m_0090,589.2,0
tx_000960,2025-01-11 00:00:00,u_00383,d_1366,ip_0394,m_0098,220.46,0
tx_000961,2025-01-11 00:15:00,u_01021,d_0046,ip_2143,m_0029,819.89,0
tx_000962,2025-01-11 00:30:00,u_02100,d_0159,ip_0576,m_0086,556.25,0
tx_000963,2025-01-11 00:45:00,u_00544,d_0000,ip_0113,m_0064,151.5,0
tx_000964,2025-01-11 01:00:00,u_02372,d_0711,ip_0875,m_0010,484.81,0
tx_000965,2025-01-11 01:15:00,u_01470,d_0630,ip_1750,m_0175,680.34,0
tx_000966,2025-01-11 01:30:00,u_01503,d_1680,ip_1858,m_0290,136.98,0
tx_000967,2025-01-11 01:45:00,u_00792,d_0659,ip_1420,m_0037,119.85,0
tx_000968,2025-01-11 02:00:00,u_02301,d_0055,ip_1784,m_0015,170.79,0
tx_000969,2025-01-11 02:15:00,u_00090,d_1590,ip_0575,m_0030,13.3,0
tx_000970,2025-01-11 02:30:00,u_00746,d_0468,ip_1933,m_0163,196.45,0
tx_000971,2025-01-11 02:45:00,u_01046,d_1642,ip_1397,m_0247,305.04,0
tx_000972,2025-01-11 03:00:00,u_01193,d_1394,ip_0293,m_0092,171.49,0
tx_000973,2025-01-11 03:15:00,u_01185,d_1584,ip_0283,m_0035,209.49,0
tx_000974,2025-01-11 03:30:00,u_00369,d_1475,ip_0588,m_0028,142.1,0
tx_000975,2025-01-11 03:45:00,u_00563,d_0257,ip_0152,m_0182,20.15,0
tx_000976,2025-01-11 04:00:00,u_00238,d_1127,ip_0622,m_0107,782.58,0
tx_000977,2025-01-11 04:15:00,u_01431,d_0741,ip_2185,m_0105,102.74,0
tx_000978,2025-01-11 04:30:00,u_00877,d_1131,ip_0528,m_0071,80.02,0
tx_000979,2025-01-11 04:45:00,u_01414,d_1342,ip_1400,m_0268,577.08,0
tx_000980,2025-01-11 05:00:00,u_01474,d_0901,ip_2150,m_0112,394.93,0
tx_000981,2025-01-11 05:15:00,u_01755,d_0562,ip_0557,m_0212,195.01,0
tx_000982,2025-01-11 05:30:00,u_01367,d_1649,ip_1531,m_0222,320.34,0
tx_000983,2025-01-11 05:45:00,u_01619,d_1193,ip_0990,m_0017,46.76,0
tx_000984,2025-01-11 06:00:00,u_01467,d_1593,ip_0627,m_0074,136.88,0
tx_000985,2025-01-11 06:15:00,ring_u_5_8,ring_d_5,ring_ip_5,ring_m_5,1807.76,1
tx_000986,2025-01-11 06:30:00,u_01541,d_1508,ip_1444,m_0264,75.4,0
tx_000987,2025-01-11 06:45:00,u_00790,d_0582,ip_0965,m_0124,54.69,0
tx_000988,2025-01-11 07:00:00,u_00615,d_0828,ip_1786,m_0046,160.55,0
tx_000989,2025-01-11 07:15:00,u_01968,d_1548,ip_1980,m_0089,164.36,0
tx_000990,2025-01-11 07:30:00,u_00856,d_0638,ip_1719,m_0284,283.6,0
tx_000991,2025-01-11 07:45:00,u_01372,d_0450,ip_1911,m_0201,37.41,0
tx_000992,2025-01-11 08:00:00,u_00492,d_1647,ip_0708,m_0022,11.6,0
tx_000993,2025-01-11 08:15:00,u_01078,d_1735,ip_0757,m_0215,372.87,0
tx_000994,2025-01-11 08:30:00,u_01324,d_0559,ip_0511,m_0044,50.25,0
tx_000995,2025-01-11 08:45:00,u_01565,d_0551,ip_1531,m_0090,80.64,0
tx_000996,2025-01-11 09:00:00,u_01315,d_0409,ip_1766,m_0144,16.72,0
tx_000997,2025-01-11 09:15:00,u_00901,d_0042,ip_1453,m_0105,412.78,0
tx_000998,2025-01-11 09:30:00,u_02404,d_0995,ip_1318,m_0209,210.68,0
tx_000999,2025-01-11 09:45:00,u_01281,d_0458,ip_1696,m_0046,202.39,0
tx_001000,2025-01-11 10:00:00,ring_u_1_5,ring_d_1,ring_ip_1,ring_m_1,1143.77,1
tx_001001,2025-01-11 10:15:00,u_01841,d_0308,ip_0805,m_0178,18.91,0
tx_001002,2025-01-11 10:30:00,u_01395,d_1143,ip_1555,m_0091,55.41,0
tx_001003,2025-01-11 10:45:00,ring_u_1_0,ring_d_1,ring_ip_1,ring_m_1,566.08,1
tx_001004,2025-01-11 11:00:00,u_00320,d_1101,ip_2003,m_0143,70.19,0
tx_001005,2025-01-11 11:15:00,u_02302,d_0202,ip_0376,m_0124,113.12,0
tx_001006,2025-01-11 11:30:00,u_02125,d_0839,ip_1731,m_0006,189.84,0
tx_001007,2025-01-11 11:45:00,ring_u_0_14,ring_d_0,ring_ip_0,ring_m_0,114.75,1
tx_001008,2025-01-11 12:00:00,u_01833,d_0613,ip_1864,m_0253,33.78,0
tx_001009,2025-01-11 12:15:00,u_01300,d_1574,ip_1705,m_0052,147.11,0
tx_001010,2025-01-11 12:30:00,u_00671,d_0953,ip_1134,m_0284,302.34,0
tx_001011,2025-01-11 12:45:00,u_01999,d_0652,ip_1663,m_0238,58.9,0
tx_001012,2025-01-11 13:00:00,u_00614,d_0055,ip_0762,m_0126,122.38,0
tx_001013,2025-01-11 13:15:00,u_00786,d_0303,ip_1284,m_0278,236.64,0
tx_001014,2025-01-11 13:30:00,u_01298,d_0857,ip_2013,m_0167,150.09,0
tx_001015,2025-01-11 13:45:00,u_02093,d_0720,ip_0186,m_0206,291.25,0
tx_001016,2025-01-11 14:00:00,u_00959,d_1568,ip_0782,m_0054,163.15,0
tx_001017,2025-01-11 14:15:00,u_01235,d_1414,ip_0038,m_0032,108.65,0
tx_001018,2025-01-11 14:30:00,u_00104,d_0286,ip_1175,m_0158,45.94,0
tx_001019,2025-01-11 14:45:00,u_00289,d_1064,ip_1720,m_0097,190.03,0
tx_001020,2025-01-11 15:00:00,u_00139,d_0817,ip_0084,m_0294,164.02,0
tx_001021,2025-01-11 15:15:00,u_00180,d_0182,ip_1208,m_0025,54.99,0
tx_001022,2025-01-11 15:30:00,u_02171,d_1198,ip_0913,m_0228,265.62,0
tx_001023,2025-01-11 15:45:00,u_02104,d_0966,ip_1721,m_0180,527.38,0
tx_001024,2025-01-11 16:00:00,ring_u_15_4,ring_d_15,ring_ip_15,ring_m_7,58.06,1
tx_001025,2025-01-11 16:15:00,u_00138,d_0842,ip_0358,m_0299,71.69,0
tx_001026,2025-01-11 16:30:00,u_00194,d_1317,ip_0208,m_0261,69.12,0
tx_001027,2025-01-11 16:45:00,u_00701,d_0588,ip_0896,m_0112,27.7,0
tx_001028,2025-01-11 17:00:00,ring_u_0_2,ring_d_0,ring_ip_0,ring_m_0,100.44,1
tx_001029,2025-01-11 17:15:00,u_00835,d_0198,ip_2022,m_0048,94.74,0
tx_001030,2025-01-11 17:30:00,u_01218,d_0367,ip_1024,m_0145,62.9,0
tx_001031,2025-01-11 17:45:00,u_00432,d_1766,ip_0377,m_0080,48.1,0
tx_001032,2025-01-11 18:00:00,u_01826,d_1117,ip_1537,m_0075,100.69,0
tx_001033,2025-01-11 18:15:00,u_00784,d_0316,ip_0135,m_0171,74.05,0
tx_001034,2025-01-11 18:30:00,u_00166,d_0868,ip_0759,m_0038,625.2,0
tx_001035,2025-01-11 18:45:00,u_01856,d_0346,ip_1437,m_0170,42.57,0
tx_001036,2025-01-11 19:00:00,u_02256,d_0796,ip_0558,m_0120,31.86,0
tx_001037,2025-01-11 19:15:00,u_00036,d_0262,ip_1307,m_0068,257.7,0
tx_001038,2025-01-11 19:30:00,u_01091,d_1113,ip_0997,m_0168,133.33,0
tx_001039,2025-01-11 19:45:00,u_02067,d_1026,ip_2094,m_0225,118.75,0
tx_001040,2025-01-11 20:00:00,u_01765,d_1140,ip_0632,m_0183,259.73,0
tx_001041,2025-01-11 20:15:00,u_02141,d_0798,ip_1994,m_0026,170.16,0
tx_001042,2025-01-11 20:30:00,ring_u_4_12,ring_d_4,ring_ip_4,ring_m_4,1014.31,1
tx_001043,2025-01-11 20:45:00,u_00930,d_0449,ip_1648,m_0186,36.39,0
tx_001044,2025-01-11 21:00:00,u_01772,d_0387,ip_0371,m_0205,27.99,0
tx_001045,2025-01-11 21:15:00,u_00384,d_0772,ip_0042,m_0127,73.67,0
tx_001046,2025-01-11 21:30:00,u_00598,d_0812,ip_1607,m_0028,50.18,0
tx_001047,2025-01-11 21:45:00,u_01502,d_1212,ip_1056,m_0038,194.26,0
tx_001048,2025-01-11 22:00:00,u_01671,d_0094,ip_0679,m_0099,24.56,0
tx_001049,2025-01-11 22:15:00,u_00299,d_0507,ip_1971,m_0190,94.9,0
tx_001050,2025-01-11 22:30:00,ring_u_16_5,ring_d_16,ring_ip_16,ring_m_0,1070.45,1
tx_001051,2025-01-11 22:45:00,u_00912,d_1647,ip_0954,m_0201,142.64,0
tx_001052,2025-01-11 23:00:00,u_01254,d_1675,ip_1593,m_0093,221.18,0
tx_001053,2025-01-11 23:15:00,u_02396,d_0551,ip_2116,m_0132,107.07,0
tx_001054,2025-01-11 23:30:00,u_00191,d_0246,ip_1977,m_0014,76.13,0
tx_001055,2025-01-11 23:45:00,u_02488,d_0356,ip_1435,m_0239,515.16,0
tx_001056,2025-01-12 00:00:00,ring_u_19_13,ring_d_19,ring_ip_19,ring_m_3,657.42,1
tx_001057,2025-01-12 00:15:00,u_01930,d_1718,ip_0240,m_0152,613.47,0
tx_001058,2025-01-12 00:30:00,u_01061,d_1590,ip_1524,m_0134,107.22,0
tx_001059,2025-01-12 00:45:00,u_00777,d_1459,ip_1120,m_0085,146.02,0
tx_001060,2025-01-12 01:00:00,u_01926,d_1313,ip_0292,m_0050,129.19,0
tx_001061,2025-01-12 01:15:00,u_01719,d_0617,ip_1530,m_0286,187.02,0
tx_001062,2025-01-12 01:30:00,u_00360,d_0856,ip_2073,m_0035,97.53,0
tx_001063,2025-01-12 01:45:00,u_01763,d_1514,ip_0143,m_0283,163.39,0
tx_001064,2025-01-12 02:00:00,u_01882,d_1465,ip_1816,m_0033,685.96,0
tx_001065,2025-01-12 02:15:00,u_00969,d_0933,ip_0758,m_0028,423.63,0
tx_001066,2025-01-12 02:30:00,u_02314,d_1507,ip_0875,m_0270,426.55,0
tx_001067,2025-01-12 02:45:00,u_01602,d_0624,ip_1577,m_0283,38.79,0
tx_001068,2025-01-12 03:00:00,u_00834,d_0744,ip_0543,m_0268,45.6,0
tx_001069,2025-01-12 03:15:00,u_00026,d_1511,ip_0345,m_0232,184.52,0
tx_001070,2025-01-12 03:30:00,u_01687,d_0677,ip_2120,m_0147,320.77,0
tx_001071,2025-01-12 03:45:00,u_00522,d_1353,ip_0766,m_0031,88.31,0
tx_001072,2025-01-12 04:00:00,u_01891,d_0815,ip_0373,m_0177,73.88,0
tx_001073,2025-01-12 04:15:00,u_01312,d_0536,ip_1517,m_0155,598.15,0
tx_001074,2025-01-12 04:30:00,u_01166,d_0393,ip_0476,m_0220,294.68,0
tx_001075,2025-01-12 04:45:00,u_00409,d_1092,ip_1706,m_0010,427.51,0
tx_001076,2025-01-12 05:00:00,u_01778,d_0863,ip_0155,m_0023,95.44,0
tx_001077,2025-01-12 05:15:00,u_00414,d_0664,ip_1140,m_0176,88.23,0
tx_001078,2025-01-12 05:30:00,u_01044,d_1337,ip_0886,m_0256,383.33,0
tx_001079,2025-01-12 05:45:00,u_02090,d_0001,ip_2105,m_0279,114.12,0
tx_001080,2025-01-12 06:00:00,u_02300,d_0165,ip_1146,m_0170,80.57,0
tx_001081,2025-01-12 06:15:00,u_02472,d_1731,ip_2035,m_0110,59.55,0
tx_001082,2025-01-12 06:30:00,u_02395,d_1194,ip_0546,m_0141,89.01,0
tx_001083,2025-01-12 06:45:00,u_01389,d_0989,ip_1041,m_0152,356.05,0
tx_001084,2025-01-12 07:00:00,u_00501,d_0026,ip_1790,m_0185,32.8,0
tx_001085,2025-01-12 07:15:00,u_02097,d_1077,ip_0352,m_0068,278.4,0
tx_001086,2025-01-12 07:30:00,u_02004,d_0782,ip_2041,m_0116,73.1,0
tx_001087,2025-01-12 07:45:00,u_02475,d_1079,ip_1700,m_0162,120.27,0
tx_001088,2025-01-12 08:00:00,u_01627,d_0073,ip_1489,m_0255,128.22,0
tx_001089,2025-01-12 08:15:00,u_00353,d_0991,ip_0534,m_0240,119.02,0
tx_001090,2025-01-12 08:30:00,u_01257,d_1040,ip_1799,m_0226,111.37,0
tx_001091,2025-01-12 08:45:00,u_01120,d_0522,ip_1854,m_0064,95.17,0
tx_001092,2025-01-12 09:00:00,u_02107,d_0098,ip_0643,m_0121,83.81,0
tx_001093,2025-01-12 09:15:00,u_00981,d_1748,ip_1291,m_0166,555.45,0
tx_001094,2025-01-12 09:30:00,ring_u_15_1,ring_d_15,ring_ip_15,ring_m_7,37.02,1
tx_001095,2025-01-12 09:45:00,u_00200,d_1119,ip_0867,m_0106,130.85,0
tx_001096,2025-01-12 10:00:00,u_02088,d_1380,ip_0331,m_0275,77.89,0
tx_001097,2025-01-12 10:15:00,u_01888,d_1207,ip_1224,m_0224,98.7,0
tx_001098,2025-01-12 10:30:00,u_00103,d_0241,ip_1207,m_0190,78.17,0
tx_001099,2025-01-12 10:45:00,u_01084,d_0818,ip_1172,m_0210,319.05,0
tx_001100,2025-01-12 11:00:00,u_01199,d_1599,ip_1489,m_0237,69.85,0
tx_001101,2025-01-12 11:15:00,u_01173,d_0518,ip_2034,m_0209,15.7,0
tx_001102,2025-01-12 11:30:00,u_02297,d_1749,ip_0432,m_0201,157.32,0
tx_001103,2025-01-12 11:45:00,u_00376,d_0115,ip_0471,m_0113,112.24,0
tx_001104,2025-01-12 12:00:00,u_00765,d_0595,ip_0473,m_0128,82.62,0
tx_001105,2025-01-12 12:15:00,u_00452,d_0630,ip_2041,m_0179,369.28,0
tx_001106,2025-01-12 12:30:00,u_00610,d_1111,ip_0203,m_0253,9.65,0
tx_001107,2025-01-12 12:45:00,u_02267,d_0316,ip_0068,m_0195,717.84,0
tx_001108,2025-01-12 13:00:00,u_02351,d_0412,ip_0352,m_0296,426.1,0
tx_001109,2025-01-12 13:15:00,u_00111,d_1191,ip_1692,m_0204,79.2,0
tx_001110,2025-01-12 13:30:00,u_01580,d_0512,ip_1275,m_0122,94.56,0
tx_001111,2025-01-12 13:45:00,u_00582,d_1582,ip_2023,m_0172,245.77,0
tx_001112,2025-01-12 14:00:00,u_00481,d_1566,ip_0449,m_0186,252.45,0
tx_001113,2025-01-12 14:15:00,u_00730,d_0544,ip_0866,m_0260,78.74,0
tx_001114,2025-01-12 14:30:00,ring_u_17_11,ring_d_17,ring_ip_17,ring_m_1,1828.56,1
tx_001115,2025-01-12 14:45:00,u_01225,d_0599,ip_0160,m_0074,1228.68,0
tx_001116,2025-01-12 15:00:00,u_02489,d_0620,ip_2020,m_0060,386.11,0
tx_001117,2025-01-12 15:15:00,u_01466,d_1206,ip_1770,m_0016,173.62,0
tx_001118,2025-01-12 15:30:00,u_01808,d_0527,ip_0316,m_0202,176.93,0
tx_001119,2025-01-12 15:45:00,u_01233,d_0268,ip_1854,m_0288,276.25,0
tx_001120,2025-01-12 16:00:00,u_00034,d_0466,ip_0987,m_0184,311.4,0
tx_001121,2025-01-12 16:15:00,u_00210,d_1672,ip_0739,m_0018,18.42,0
tx_001122,2025-01-12 16:30:00,u_00672,d_0466,ip_2081,m_0109,104.49,0
tx_001123,2025-01-12 16:45:00,u_00609,d_0654,ip_1140,m_0270,94.18,0
tx_001124,2025-01-12 17:00:00,u_02101,d_1131,ip_0499,m_0015,126.29,0
tx_001125,2025-01-12 17:15:00,u_02108,d_0182,ip_1780,m_0183,320.79,0
tx_001126,2025-01-12 17:30:00,u_02135,d_0483,ip_1574,m_0132,24.78,0
tx_001127,2025-01-12 17:45:00,u_01593,d_0314,ip_0422,m_0275,38.51,0
tx_001128,2025-01-12 18:00:00,u_01390,d_1663,ip_1490,m_0153,75.06,0
tx_001129,2025-01-12 18:15:00,u_01622,d_1678,ip_1383,m_0169,173.18,0
tx_001130,2025-01-12 18:30:00,u_01017,d_1360,ip_0605,m_0216,341.08,0
tx_001131,2025-01-12 18:45:00,u_01675,d_0444,ip_0947,m_0246,758.49,0
tx_001132,2025-01-12 19:00:00,u_01986,d_1109,ip_1846,m_0154,111.46,0
tx_001133,2025-01-12 19:15:00,u_01907,d_1192,ip_0383,m_0216,340.52,0
tx_001134,2025-01-12 19:30:00,u_01534,d_1564,ip_1589,m_0241,301.92,0
tx_001135,2025-01-12 19:45:00,u_00145,d_0281,ip_1829,m_0157,255.1,0
tx_001136,2025-01-12 20:00:00,u_01812,d_1325,ip_2060,m_0214,144.85,0
tx_001137,2025-01-12 20:15:00,u_00916,d_0349,ip_0714,m_0108,99.53,0
tx_001138,2025-01-12 20:30:00,ring_u_2_8,ring_d_2,ring_ip_2,ring_m_2,1556.17,1
tx_001139,2025-01-12 20:45:00,u_01348,d_1582,ip_2055,m_0000,47.87,0
tx_001140,2025-01-12 21:00:00,u_02202,d_0111,ip_1018,m_0200,209.99,0
tx_001141,2025-01-12 21:15:00,u_00846,d_0266,ip_1251,m_0075,140.55,0
tx_001142,2025-01-12 21:30:00,u_02328,d_1463,ip_1128,m_0244,97.95,0
tx_001143,2025-01-12 21:45:00,u_02111,d_0033,ip_1131,m_0285,288.53,0
tx_001144,2025-01-12 22:00:00,u_00827,d_1233,ip_1374,m_0262,121.45,0
tx_001145,2025-01-12 22:15:00,u_01206,d_0902,ip_0931,m_0082,59.55,0
tx_001146,2025-01-12 22:30:00,u_01328,d_0623,ip_0862,m_0195,113.69,0
tx_001147,2025-01-12 22:45:00,u_01921,d_1552,ip_0881,m_0225,337.18,0
tx_001148,2025-01-12 23:00:00,ring_u_2_16,ring_d_2,ring_ip_2,ring_m_2,2386.14,1
tx_001149,2025-01-12 23:15:00,u_02130,d_0586,ip_1799,m_0152,182.96,0
tx_001150,2025-01-12 23:30:00,u_00924,d_0007,ip_1221,m_0131,140.41,0
tx_001151,2025-01-12 23:45:00,u_01261,d_0230,ip_1490,m_0092,69.35,0
tx_001152,2025-01-13 00:00:00,u_01077,d_0193,ip_0908,m_0171,110.68,0
tx_001153,2025-01-13 00:15:00,u_02273,d_1768,ip_1702,m_0297,30.82,0
tx_001154,2025-01-13 00:30:00,u_00762,d_1074,ip_0866,m_0065,165.61,0
tx_001155,2025-01-13 00:45:00,u_01467,d_1218,ip_0926,m_0014,37.91,0
tx_001156,2025-01-13 01:00:00,u_00300,d_0415,ip_0121,m_0016,433.74,0
tx_001157,2025-01-13 01:15:00,u_02125,d_1531,ip_0575,m_0174,135.37,0
tx_001158,2025-01-13 01:30:00,u_00960,d_1300,ip_1624,m_0080,83.78,0
tx_001159,2025-01-13 01:45:00,u_00851,d_1353,ip_0191,m_0138,473.69,0
tx_001160,2025-01-13 02:00:00,u_01457,d_0842,ip_0492,m_0285,52.89,0
tx_001161,2025-01-13 02:15:00,u_01247,d_1256,ip_1708,m_0022,70.27,0
tx_001162,2025-01-13 02:30:00,u_02119,d_0979,ip_1920,m_0052,23.83,0
tx_001163,2025-01-13 02:45:00,u_01328,d_0692,ip_0913,m_0064,549.77,0
tx_001164,2025-01-13 03:00:00,u_01292,d_1070,ip_0895,m_0137,965.71,0
tx_001165,2025-01-13 03:15:00,u_00262,d_0583,ip_1120,m_0208,27.84,0
tx_001166,2025-01-13 03:30:00,u_00054,d_1715,ip_1694,m_0054,65.64,0
tx_001167,2025-01-13 03:45:00,u_00996,d_1290,ip_1032,m_0032,159.14,0
tx_001168,2025-01-13 04:00:00,u_02495,d_1330,ip_0381,m_0025,88.62,0
tx_001169,2025-01-13 04:15:00,u_02293,d_1290,ip_0948,m_0240,143.84,0
tx_001170,2025-01-13 04:30:00,u_01572,d_0807,ip_0560,m_0008,131.95,0
tx_001171,2025-01-13 04:45:00,u_01577,d_1711,ip_1504,m_0187,223.08,0
tx_001172,2025-01-13 05:00:00,u_00978,d_0374,ip_0313,m_0173,56.77,0
tx_001173,2025-01-13 05:15:00,u_00443,d_1023,ip_1339,m_0030,179.95,0
tx_001174,2025-01-13 05:30:00,u_00021,d_0124,ip_0285,m_0165,48.61,0
tx_001175,2025-01-13 05:45:00,u_00847,d_0530,ip_2138,m_0086,98.31,0
tx_001176,2025-01-13 06:00:00,u_00791,d_1034,ip_1408,m_0154,26.13,0
tx_001177,2025-01-13 06:15:00,ring_u_12_10,ring_d_12,ring_ip_12,ring_m_4,144.85,1
tx_001178,2025-01-13 06:30:00,u_00647,d_1694,ip_2109,m_0200,83.7,0
tx_001179,2025-01-13 06:45:00,u_00062,d_1104,ip_1261,m_0239,381.3,0
tx_001180,2025-01-13 07:00:00,u_01519,d_0740,ip_1334,m_0000,139.87,0
tx_001181,2025-01-13 07:15:00,u_02318,d_0768,ip_0139,m_0159,167.75,0
tx_001182,2025-01-13 07:30:00,u_01726,d_1100,ip_0413,m_0194,145.12,0
tx_001183,2025-01-13 07:45:00,u_01120,d_1424,ip_1777,m_0000,17.65,0
tx_001184,2025-01-13 08:00:00,u_01050,d_0497,ip_1028,m_0217,20.15,0
tx_001185,2025-01-13 08:15:00,u_00768,d_1052,ip_1355,m_0162,107.91,0
tx_001186,2025-01-13 08:30:00,u_00356,d_1034,ip_2171,m_0091,196.09,0
tx_001187,2025-01-13 08:45:00,u_01496,d_0016,ip_0942,m_0144,117.35,0
tx_001188,2025-01-13 09:00:00,u_01416,d_1642,ip_0837,m_0204,62.55,0
tx_001189,2025-01-13 09:15:00,u_00018,d_1025,ip_1764,m_0192,116.71,0
tx_001190,2025-01-13 09:30:00,u_01038,d_0435,ip_0145,m_0232,107.01,0
tx_001191,2025-01-13 09:45:00,u_00695,d_1140,ip_1001,m_0010,323.44,0
tx_001192,2025-01-13 10:00:00,u_00425,d_1220,ip_1880,m_0236,305.83,0
tx_001193,2025-01-13 10:15:00,u_01757,d_1647,ip_0501,m_0010,85.34,0
tx_001194,2025-01-13 10:30:00,ring_u_21_15,ring_d_21,ring_ip_21,ring_m_5,119.76,1
tx_001195,2025-01-13 10:45:00,u_01584,d_0744,ip_1039,m_0104,195.62,0
tx_001196,2025-01-13 11:00:00,u_01783,d_0324,ip_0163,m_0019,226.93,0
tx_001197,2025-01-13 11:15:00,u_02454,d_1034,ip_0155,m_0206,774.79,0
tx_001198,2025-01-13 11:30:00,u_02006,d_0902,ip_0553,m_0165,144.29,0
tx_001199,2025-01-13 11:45:00,ring_u_17_1,ring_d_17,ring_ip_17,ring_m_1,4858.58,1
tx_001200,2025-01-13 12:00:00,u_02197,d_1767,ip_0488,m_0112,46.52,0
tx_001201,2025-01-13 12:15:00,u_01193,d_0956,ip_1608,m_0083,78.44,0
tx_001202,2025-01-13 12:30:00,u_02461,d_0739,ip_0937,m_0187,17.53,0
tx_001203,2025-01-13 12:45:00,u_01903,d_0121,ip_1672,m_0064,172.66,0
tx_001204,2025-01-13 13:00:00,u_01627,d_0521,ip_0726,m_0243,283.59,0
tx_001205,2025-01-13 13:15:00,u_02258,d_1615,ip_1923,m_0204,11.53,0
tx_001206,2025-01-13 13:30:00,ring_u_7_12,ring_d_7,ring_ip_7,ring_m_7,589.87,1
tx_001207,2025-01-13 13:45:00,u_01801,d_1638,ip_1741,m_0008,271.57,0
tx_001208,2025-01-13 14:00:00,u_00711,d_0958,ip_1829,m_0175,256.53,0
tx_001209,2025-01-13 14:15:00,u_02408,d_0986,ip_0950,m_0167,44.89,0
tx_001210,2025-01-13 14:30:00,u_01558,d_0773,ip_1467,m_0257,321.54,0
tx_001211,2025-01-13 14:45:00,u_01955,d_1001,ip_0261,m_0127,149.8,0
tx_001212,2025-01-13 15:00:00,u_01151,d_0120,ip_1092,m_0280,268.01,0
tx_001213,2025-01-13 15:15:00,u_02167,d_0103,ip_0821,m_0071,130.86,0
tx_001214,2025-01-13 15:30:00,u_00185,d_0856,ip_2099,m_0256,217.25,0
tx_001215,2025-01-13 15:45:00,u_00285,d_1076,ip_2054,m_0156,449.99,0
tx_001216,2025-01-13 16:00:00,u_01267,d_0991,ip_1723,m_0283,121.02,0
tx_001217,2025-01-13 16:15:00,u_01831,d_0772,ip_2087,m_0065,197.18,0
tx_001218,2025-01-13 16:30:00,ring_u_14_15,ring_d_14,ring_ip_14,ring_m_6,2668.51,1
tx_001219,2025-01-13 16:45:00,u_01100,d_1276,ip_1689,m_0169,129.9,0
tx_001220,2025-01-13 17:00:00,u_01624,d_1088,ip_1306,m_0165,48.16,0
tx_001221,2025-01-13 17:15:00,u_01382,d_0084,ip_0449,m_0044,291.79,0
tx_001222,2025-01-13 17:30:00,u_02403,d_0814,ip_1793,m_0195,623.21,0
tx_001223,2025-01-13 17:45:00,ring_u_9_0,ring_d_9,ring_ip_9,ring_m_1,46.26,1
tx_001224,2025-01-13 18:00:00,u_01042,d_1411,ip_0407,m_0045,303.38,0
tx_001225,2025-01-13 18:15:00,u_02424,d_0516,ip_1935,m_0153,14.24,0
tx_001226,2025-01-13 18:30:00,u_00268,d_1664,ip_0251,m_0209,78.58,0
tx_001227,2025-01-13 18:45:00,u_02461,d_1173,ip_0312,m_0009,82.71,0
tx_001228,2025-01-13 19:00:00,u_00385,d_0787,ip_1124,m_0276,155.22,0
tx_001229,2025-01-13 19:15:00,u_00720,d_1128,ip_1285,m_0183,802.93,0
tx_001230,2025-01-13 19:30:00,u_02053,d_1568,ip_0100,m_0078,50.37,0
tx_001231,2025-01-13 19:45:00,u_01834,d_0408,ip_0832,m_0225,1397.17,0
tx_001232,2025-01-13 20:00:00,u_02425,d_0270,ip_0495,m_0253,101.26,0
tx_001233,2025-01-13 20:15:00,u_01874,d_0792,ip_0664,m_0286,68.93,0
tx_001234,2025-01-13 20:30:00,u_01592,d_0151,ip_0397,m_0237,345.57,0
tx_001235,2025-01-13 20:45:00,u_00866,d_1504,ip_1490,m_0060,374.02,0
tx_001236,2025-01-13 21:00:00,u_00011,d_1746,ip_1040,m_0049,284.28,0
tx_001237,2025-01-13 21:15:00,u_00309,d_1090,ip_2111,m_0062,68.75,0
tx_001238,2025-01-13 21:30:00,u_00744,d_1763,ip_0018,m_0262,245.19,0
tx_001239,2025-01-13 21:45:00,u_00102,d_0123,ip_1710,m_0091,52.8,0
tx_001240,2025-01-13 22:00:00,u_01270,d_1138,ip_2001,m_0099,66.87,0
tx_001241,2025-01-13 22:15:00,u_01943,d_0797,ip_1069,m_0267,134.98,0
tx_001242,2025-01-13 22:30:00,u_02408,d_0499,ip_1538,m_0061,65.37,0
tx_001243,2025-01-13 22:45:00,u_01224,d_0561,ip_0969,m_0122,425.28,0
tx_001244,2025-01-13 23:00:00,u_02187,d_0981,ip_1309,m_0088,83.25,0
tx_001245,2025-01-13 23:15:00,u_02463,d_1154,ip_1996,m_0090,119.05,0
tx_001246,2025-01-13 23:30:00,u_02149,d_0295,ip_1166,m_0178,61.55,0
tx_001247,2025-01-13 23:45:00,u_01162,d_1106,ip_1271,m_0222,418.89,0
tx_001248,2025-01-14 00:00:00,u_00813,d_1667,ip_2170,m_0079,76.24,0
tx_001249,2025-01-14 00:15:00,u_02444,d_0018,ip_1092,m_0011,464.99,0
tx_001250,2025-01-14 00:30:00,u_00604,d_1581,ip_0381,m_0191,432.05,0
tx_001251,2025-01-14 00:45:00,u_01028,d_1093,ip_1502,m_0164,95.02,0
tx_001252,2025-01-14 01:00:00,u_00185,d_0615,ip_1524,m_0197,152.88,0
tx_001253,2025-01-14 01:15:00,u_01984,d_1322,ip_0521,m_0135,92.42,0
tx_001254,2025-01-14 01:30:00,u_01624,d_1112,ip_1603,m_0233,256.14,0
tx_001255,2025-01-14 01:45:00,u_00212,d_1383,ip_0140,m_0187,122.18,0
tx_001256,2025-01-14 02:00:00,u_00554,d_0146,ip_0704,m_0227,97.76,0
tx_001257,2025-01-14 02:15:00,u_01388,d_0106,ip_1881,m_0219,155.43,0
tx_001258,2025-01-14 02:30:00,ring_u_0_16,ring_d_0,ring_ip_0,ring_m_0,75.94,1
tx_001259,2025-01-14 02:45:00,u_02005,d_0546,ip_1335,m_0097,137.57,0
tx_001260,2025-01-14 03:00:00,u_00665,d_0428,ip_1366,m_0174,284.18,0
tx_001261,2025-01-14 03:15:00,u_02311,d_0758,ip_0362,m_0190,170.38,0
tx_001262,2025-01-14 03:30:00,u_01111,d_1305,ip_2114,m_0171,384.39,0
tx_001263,2025-01-14 03:45:00,u_02056,d_0323,ip_0655,m_0157,101.77,0
tx_001264,2025-01-14 04:00:00,u_00595,d_1751,ip_1730,m_0102,93.76,0
tx_001265,2025-01-14 04:15:00,u_00092,d_0757,ip_2177,m_0040,48.55,0
tx_001266,2025-01-14 04:30:00,u_00137,d_0271,ip_0530,m_0128,98.91,0
tx_001267,2025-01-14 04:45:00,u_00931,d_0128,ip_1395,m_0264,1059.86,0
tx_001268,2025-01-14 05:00:00,u_02382,d_1543,ip_0093,m_0215,195.5,0
tx_001269,2025-01-14 05:15:00,u_00121,d_0203,ip_1399,m_0226,82.64,0
tx_001270,2025-01-14 05:30:00,u_00922,d_0754,ip_0970,m_0221,54.26,0
tx_001271,2025-01-14 05:45:00,u_00273,d_1203,ip_0158,m_0276,30.01,0
tx_001272,2025-01-14 06:00:00,u_02328,d_0923,ip_1478,m_0067,64.69,0
tx_001273,2025-01-14 06:15:00,u_01688,d_0472,ip_2131,m_0216,317.09,0
tx_001274,2025-01-14 06:30:00,u_01906,d_0194,ip_0182,m_0020,96.83,0
tx_001275,2025-01-14 06:45:00,u_01783,d_1280,ip_1964,m_0073,56.93,0
tx_001276,2025-01-14 07:00:00,u_01642,d_0882,ip_1855,m_0008,63.55,0
tx_001277,2025-01-14 07:15:00,ring_u_18_11,ring_d_18,ring_ip_18,ring_m_2,24.62,1
tx_001278,2025-01-14 07:30:00,u_00020,d_0326,ip_1983,m_0042,136.83,0
tx_001279,2025-01-14 07:45:00,u_02163,d_1012,ip_0680,m_0116,79.26,0
tx_001280,2025-01-14 08:00:00,u_01849,d_0303,ip_1584,m_0040,109.03,0
tx_001281,2025-01-14 08:15:00,u_01848,d_0704,ip_1535,m_0010,1347.33,0
tx_001282,2025-01-14 08:30:00,u_00983,d_0224,ip_1277,m_0143,502.51,0
tx_001283,2025-01-14 08:45:00,u_02002,d_1434,ip_1833,m_0123,644.6,0
tx_001284,2025-01-14 09:00:00,u_00954,d_1134,ip_1927,m_0125,25.74,0
tx_001285,2025-01-14 09:15:00,u_00122,d_1411,ip_1729,m_0103,127.6,0
tx_001286,2025-01-14 09:30:00,u_02269,d_0094,ip_1294,m_0122,77.88,0
tx_001287,2025-01-14 09:45:00,u_00586,d_0676,ip_2149,m_0001,255.66,0
tx_001288,2025-01-14 10:00:00,u_00254,d_0481,ip_1222,m_0143,428.29,0
tx_001289,2025-01-14 10:15:00,u_01554,d_1120,ip_1401,m_0254,205.7,0
tx_001290,2025-01-14 10:30:00,ring_u_2_11,ring_d_2,ring_ip_2,ring_m_2,3999.89,1
tx_001291,2025-01-14 10:45:00,u_02145,d_0409,ip_0706,m_0043,76.63,0
tx_001292,2025-01-14 11:00:00,u_01109,d_1385,ip_1990,m_0234,276.05,0
tx_001293,2025-01-14 11:15:00,u_00011,d_1044,ip_1095,m_0150,304.93,0
tx_001294,2025-01-14 11:30:00,u_02379,d_1483,ip_1124,m_0077,170.88,0
tx_001295,2025-01-14 11:45:00,u_01286,d_0146,ip_1795,m_0235,168.98,0
tx_001296,2025-01-14 12:00:00,u_00657,d_1783,ip_0717,m_0097,156.04,0
tx_001297,2025-01-14 12:15:00,u_01693,d_0782,ip_0583,m_0181,194.24,0
tx_001298,2025-01-14 12:30:00,u_01326,d_0504,ip_0019,m_0166,303.68,0
tx_001299,2025-01-14 12:45:00,u_00074,d_0328,ip_0509,m_0050,278.71,0
tx_001300,2025-01-14 13:00:00,u_01899,d_1772,ip_1126,m_0226,151.96,0
tx_001301,2025-01-14 13:15:00,ring_u_14_14,ring_d_14,ring_ip_14,ring_m_6,1738.73,1
tx_001302,2025-01-14 13:30:00,u_01749,d_0236,ip_0724,m_0062,136.01,0
tx_001303,2025-01-14 13:45:00,u_02239,d_0800,ip_0977,m_0227,68.01,0
tx_001304,2025-01-14 14:00:00,u_01526,d_1320,ip_0487,m_0186,67.15,0
tx_001305,2025-01-14 14:15:00,u_01679,d_1063,ip_1796,m_0256,255.69,0
tx_001306,2025-01-14 14:30:00,u_00636,d_0340,ip_1154,m_0246,72.76,0
tx_001307,2025-01-14 14:45:00,u_00594,d_0648,ip_0316,m_0095,334.93,0
tx_001308,2025-01-14 15:00:00,u_01037,d_0662,ip_1341,m_0281,140.99,0
tx_001309,2025-01-14 15:15:00,u_02131,d_0519,ip_0738,m_0010,336.84,0
tx_001310,2025-01-14 15:30:00,u_01310,d_1729,ip_1903,m_0100,280.61,0
tx_001311,2025-01-14 15:45:00,u_00870,d_0365,ip_0589,m_0182,344.79,0
tx_001312,2025-01-14 16:00:00,ring_u_16_11,ring_d_16,ring_ip_16,ring_m_0,920.02,1
tx_001313,2025-01-14 16:15:00,u_02133,d_1641,ip_1535,m_0067,223.39,0
tx_001314,2025-01-14 16:30:00,u_02256,d_1430,ip_0297,m_0059,310.41,0
tx_001315,2025-01-14 16:45:00,u_00747,d_1439,ip_1670,m_0234,31.46,0
tx_001316,2025-01-14 17:00:00,u_01774,d_0285,ip_1585,m_0262,813.78,0
tx_001317,2025-01-14 17:15:00,u_01475,d_0239,ip_1003,m_0203,1430.75,0
tx_001318,2025-01-14 17:30:00,u_01122,d_1409,ip_0353,m_0159,382.71,0
tx_001319,2025-01-14 17:45:00,u_00992,d_1344,ip_1051,m_0231,332.25,0
tx_001320,2025-01-14 18:00:00,ring_u_13_11,ring_d_13,ring_ip_13,ring_m_5,1142.33,1
tx_001321,2025-01-14 18:15:00,u_00687,d_0753,ip_0290,m_0290,107.4,0
tx_001322,2025-01-14 18:30:00,u_01374,d_0942,ip_0750,m_0037,132.93,0
tx_001323,2025-01-14 18:45:00,u_02216,d_0027,ip_1544,m_0175,389.32,0
tx_001324,2025-01-14 19:00:00,u_02165,d_0523,ip_1216,m_0102,56.08,0
tx_001325,2025-01-14 19:15:00,u_00468,d_0951,ip_2183,m_0271,51.38,0
tx_001326,2025-01-14 19:30:00,u_01698,d_0226,ip_0476,m_0073,99.75,0
tx_001327,2025-01-14 19:45:00,u_00212,d_0234,ip_1711,m_0192,286.07,0
tx_001328,2025-01-14 20:00:00,u_01687,d_0081,ip_0935,m_0046,62.43,0
tx_001329,2025-01-14 20:15:00,ring_u_10_16,ring_d_10,ring_ip_10,ring_m_2,831.54,1
tx_001330,2025-01-14 20:30:00,u_01124,d_1787,ip_2092,m_0124,133.4,0
tx_001331,2025-01-14 20:45:00,u_01794,d_1252,ip_1370,m_0239,53.95,0
tx_001332,2025-01-14 21:00:00,u_01062,d_1706,ip_1177,m_0083,12.94,0
tx_001333,2025-01-14 21:15:00,u_02018,d_0462,ip_0648,m_0208,53.17,0
tx_001334,2025-01-14 21:30:00,u_01333,d_1077,ip_1939,m_0171,192.65,0
tx_001335,2025-01-14 21:45:00,u_02496,d_1605,ip_0066,m_0293,241.32,0
tx_001336,2025-01-14 22:00:00,u_01595,d_0633,ip_0253,m_0090,243.32,0
tx_001337,2025-01-14 22:15:00,u_00740,d_1182,ip_0395,m_0073,273.03,0
tx_001338,2025-01-14 22:30:00,u_01938,d_1247,ip_1436,m_0270,79.33,0
tx_001339,2025-01-14 22:45:00,u_01019,d_1498,ip_0225,m_0099,64.03,0
tx_001340,2025-01-14 23:00:00,u_01335,d_1745,ip_1753,m_0064,215.95,0
tx_001341,2025-01-14 23:15:00,u_00342,d_1107,ip_0431,m_0246,120.09,0
tx_001342,2025-01-14 23:30:00,u_00298,d_1048,ip_1488,m_0243,367.63,0
tx_001343,2025-01-14 23:45:00,u_01437,d_1563,ip_1750,m_0018,217.32,0
tx_001344,2025-01-15 00:00:00,u_00466,d_1232,ip_1932,m_0256,535.83,0
tx_001345,2025-01-15 00:15:00,u_02493,d_0651,ip_0644,m_0189,93.17,0
tx_001346,2025-01-15 00:30:00,u_02139,d_1134,ip_0164,m_0083,431.62,0
tx_001347,2025-01-15 00:45:00,u_01752,d_0988,ip_1665,m_0160,1135.33,0
tx_001348,2025-01-15 01:00:00,u_01836,d_0411,ip_0987,m_0071,156.61,0
tx_001349,2025-01-15 01:15:00,u_01488,d_0928,ip_2087,m_0050,244.52,0
tx_001350,2025-01-15 01:30:00,u_00150,d_1122,ip_0413,m_0039,58.53,0
tx_001351,2025-01-15 01:45:00,u_00980,d_1626,ip_1263,m_0049,362.87,0
tx_001352,2025-01-15 02:00:00,u_01239,d_1044,ip_0262,m_0174,459.0,0
tx_001353,2025-01-15 02:15:00,u_02288,d_0296,ip_1067,m_0243,90.52,0
tx_001354,2025-01-15 02:30:00,u_00548,d_1777,ip_0002,m_0145,266.71,0
tx_001355,2025-01-15 02:45:00,ring_u_6_10,ring_d_6,ring_ip_6,ring_m_6,81.12,1
tx_001356,2025-01-15 03:00:00,u_00860,d_0516,ip_1330,m_0128,219.38,0
tx_001357,2025-01-15 03:15:00,u_00335,d_1357,ip_0213,m_0224,334.29,0
tx_001358,2025-01-15 03:30:00,u_00257,d_0692,ip_1098,m_0250,249.36,0
tx_001359,2025-01-15 03:45:00,u_00913,d_0666,ip_0942,m_0219,129.15,0
tx_001360,2025-01-15 04:00:00,u_00206,d_1510,ip_1482,m_0110,341.48,0
tx_001361,2025-01-15 04:15:00,u_00167,d_1561,ip_1097,m_0194,451.18,0
tx_001362,2025-01-15 04:30:00,u_00877,d_0943,ip_1009,m_0020,85.27,0
tx_001363,2025-01-15 04:45:00,u_00504,d_0671,ip_1828,m_0122,148.15,0
tx_001364,2025-01-15 05:00:00,u_01387,d_1553,ip_1141,m_0161,25.31,0
tx_001365,2025-01-15 05:15:00,u_00044,d_0311,ip_1791,m_0008,266.03,0
tx_001366,2025-01-15 05:30:00,u_00754,d_1344,ip_1947,m_0004,504.27,0
tx_001367,2025-01-15 05:45:00,u_01133,d_1051,ip_1866,m_0240,114.74,0
tx_001368,2025-01-15 06:00:00,u_02407,d_1537,ip_2102,m_0066,169.6,0
tx_001369,2025-01-15 06:15:00,u_01586,d_0757,ip_1535,m_0037,119.08,0
tx_001370,2025-01-15 06:30:00,u_02201,d_1497,ip_1235,m_0177,101.1,0
tx_001371,2025-01-15 06:45:00,u_00858,d_0027,ip_1167,m_0084,187.2,0
tx_001372,2025-01-15 07:00:00,u_01124,d_1364,ip_0449,m_0293,67.75,0
tx_001373,2025-01-15 07:15:00,u_01050,d_0125,ip_1821,m_0284,117.3,0
tx_001374,2025-01-15 07:30:00,u_02218,d_1156,ip_1525,m_0247,60.07,0
tx_001375,2025-01-15 07:45:00,u_02398,d_0351,ip_1921,m_0090,267.49,0
tx_001376,2025-01-15 08:00:00,u_02405,d_1734,ip_1543,m_0262,188.53,0
tx_001377,2025-01-15 08:15:00,u_01879,d_1384,ip_1057,m_0076,96.42,0
tx_001378,2025-01-15 08:30:00,u_01257,d_0188,ip_0649,m_0071,154.02,0
tx_001379,2025-01-15 08:45:00,u_01352,d_1605,ip_2168,m_0292,119.02,0
tx_001380,2025-01-15 09:00:00,u_02451,d_0453,ip_1613,m_0202,465.86,0
tx_001381,2025-01-15 09:15:00,u_00711,d_0982,ip_1924,m_0025,95.49,0
tx_001382,2025-01-15 09:30:00,u_00866,d_0153,ip_1287,m_0265,280.07,0
tx_001383,2025-01-15 09:45:00,u_02242,d_0190,ip_1123,m_0048,73.32,0
tx_001384,2025-01-15 10:00:00,u_00965,d_0434,ip_0075,m_0204,335.04,0
tx_001385,2025-01-15 10:15:00,u_00587,d_0961,ip_0152,m_0131,418.76,0
tx_001386,2025-01-15 10:30:00,u_01401,d_0977,ip_1554,m_0005,439.0,0
tx_001387,2025-01-15 10:45:00,u_00813,d_1540,ip_0493,m_0236,646.14,0
tx_001388,2025-01-15 11:00:00,u_02227,d_0297,ip_0180,m_0205,198.83,0
tx_001389,2025-01-15 11:15:00,u_02272,d_1349,ip_1708,m_0265,511.81,0
tx_001390,2025-01-15 11:30:00,u_00765,d_0010,ip_1365,m_0183,753.09,0
tx_001391,2025-01-15 11:45:00,u_01323,d_0523,ip_0244,m_0226,48.32,0
tx_001392,2025-01-15 12:00:00,u_02459,d_0315,ip_1099,m_0271,81.19,0
tx_001393,2025-01-15 12:15:00,u_01855,d_0223,ip_1033,m_0292,33.26,0
tx_001394,2025-01-15 12:30:00,u_00539,d_1052,ip_0008,m_0168,428.87,0
tx_001395,2025-01-15 12:45:00,u_01476,d_1621,ip_1330,m_0005,32.83,0
tx_001396,2025-01-15 13:00:00,u_01549,d_1200,ip_0872,m_0103,25.03,0
tx_001397,2025-01-15 13:15:00,u_01633,d_1537,ip_1932,m_0185,49.53,0
tx_001398,2025-01-15 13:30:00,u_00062,d_1064,ip_0254,m_0032,26.09,0
tx_001399,2025-01-15 13:45:00,u_00748,d_0096,ip_1863,m_0034,194.84,0
tx_001400,2025-01-15 14:00:00,u_02136,d_0622,ip_0014,m_0118,50.17,0
tx_001401,2025-01-15 14:15:00,u_00603,d_1482,ip_1681,m_0273,27.38,0
tx_001402,2025-01-15 14:30:00,u_00749,d_0079,ip_1721,m_0096,142.33,0
tx_001403,2025-01-15 14:45:00,u_00806,d_0174,ip_0896,m_0280,150.97,0
tx_001404,2025-01-15 15:00:00,u_00443,d_1500,ip_0617,m_0240,22.88,0
tx_001405,2025-01-15 15:15:00,u_00388,d_0113,ip_0312,m_0090,72.7,0
tx_001406,2025-01-15 15:30:00,u_00867,d_1726,ip_0747,m_0069,137.74,0
tx_001407,2025-01-15 15:45:00,u_02185,d_1365,ip_1473,m_0248,103.87,0
tx_001408,2025-01-15 16:00:00,u_00003,d_1197,ip_1594,m_0226,106.75,0
tx_001409,2025-01-15 16:15:00,u_00708,d_0965,ip_0398,m_0189,482.65,0
tx_001410,2025-01-15 16:30:00,u_00151,d_0160,ip_0024,m_0293,1269.71,0
tx_001411,2025-01-15 16:45:00,u_01403,d_0746,ip_1234,m_0030,108.49,0
tx_001412,2025-01-15 17:00:00,u_00626,d_1453,ip_1277,m_0115,39.57,0
tx_001413,2025-01-15 17:15:00,u_01979,d_1626,ip_2157,m_0180,117.38,0
tx_001414,2025-01-15 17:30:00,u_01462,d_0804,ip_1674,m_0021,180.24,0
tx_001415,2025-01-15 17:45:00,u_01959,d_1510,ip_1210,m_0292,140.71,0
tx_001416,2025-01-15 18:00:00,u_01587,d_1397,ip_1302,m_0171,273.33,0
tx_001417,2025-01-15 18:15:00,u_01095,d_0103,ip_1420,m_0092,1355.48,0
tx_001418,2025-01-15 18:30:00,u_02152,d_1116,ip_0993,m_0071,26.76,0
tx_001419,2025-01-15 18:45:00,u_01190,d_1108,ip_1490,m_0000,89.38,0
tx_001420,2025-01-15 19:00:00,u_02374,d_0977,ip_0429,m_0177,693.08,0
tx_001421,2025-01-15 19:15:00,u_02486,d_1390,ip_1826,m_0293,88.05,0
tx_001422,2025-01-15 19:30:00,u_01472,d_1601,ip_1895,m_0010,326.85,0
tx_001423,2025-01-15 19:45:00,u_01686,d_0990,ip_0956,m_0124,278.91,0
tx_001424,2025-01-15 20:00:00,u_00639,d_0576,ip_1004,m_0198,511.26,0
tx_001425,2025-01-15 20:15:00,u_02036,d_1769,ip_1094,m_0129,1005.6,0
tx_001426,2025-01-15 20:30:00,u_01678,d_1734,ip_1798,m_0195,207.07,0
tx_001427,2025-01-15 20:45:00,u_02256,d_1234,ip_0387,m_0213,25.9,0
tx_001428,2025-01-15 21:00:00,u_00667,d_1153,ip_0751,m_0289,73.67,0
tx_001429,2025-01-15 21:15:00,u_01968,d_0187,ip_1352,m_0181,1320.88,0
tx_001430,2025-01-15 21:30:00,u_01175,d_0722,ip_1525,m_0212,36.08,0
tx_001431,2025-01-15 21:45:00,u_00462,d_0356,ip_0650,m_0090,243.91,0
tx_001432,2025-01-15 22:00:00,u_00427,d_0926,ip_0257,m_0045,12.01,0
tx_001433,2025-01-15 22:15:00,u_01405,d_1487,ip_1116,m_0029,38.43,0
tx_001434,2025-01-15 22:30:00,u_00798,d_0404,ip_1404,m_0032,360.3,0
tx_001435,2025-01-15 22:45:00,u_00254,d_1794,ip_1686,m_0248,153.85,0
tx_001436,2025-01-15 23:00:00,u_01067,d_0233,ip_0006,m_0012,101.86,0
tx_001437,2025-01-15 23:15:00,u_01632,d_0177,ip_0038,m_0145,65.74,0
tx_001438,2025-01-15 23:30:00,u_00797,d_1754,ip_0850,m_0184,20.16,0
tx_001439,2025-01-15 23:45:00,u_02388,d_0180,ip_1240,m_0201,296.9,0
tx_001440,2025-01-16 00:00:00,u_01948,d_1323,ip_0007,m_0019,111.82,0
tx_001441,2025-01-16 00:15:00,u_01281,d_1374,ip_0381,m_0258,32.4,0
tx_001442,2025-01-16 00:30:00,u_02336,d_0594,ip_0921,m_0131,152.96,0
tx_001443,2025-01-16 00:45:00,u_01082,d_0115,ip_0614,m_0005,265.4,0
tx_001444,2025-01-16 01:00:00,u_00349,d_0555,ip_1563,m_0039,121.43,0
tx_001445,2025-01-16 01:15:00,u_00089,d_0123,ip_0076,m_0257,166.67,0
tx_001446,2025-01-16 01:30:00,u_02345,d_1210,ip_1954,m_0282,154.18,0
tx_001447,2025-01-16 01:45:00,u_02399,d_1599,ip_0372,m_0225,73.2,0
tx_001448,2025-01-16 02:00:00,u_01848,d_1794,ip_0969,m_0100,156.69,0
tx_001449,2025-01-16 02:15:00,u_00257,d_1440,ip_2170,m_0284,309.58,0
tx_001450,2025-01-16 02:30:00,u_00734,d_1394,ip_1457,m_0082,417.65,0
tx_001451,2025-01-16 02:45:00,u_00102,d_1586,ip_2196,m_0070,327.25,0
tx_001452,2025-01-16 03:00:00,u_00128,d_1385,ip_0043,m_0229,75.56,0
tx_001453,2025-01-16 03:15:00,u_00615,d_1170,ip_1583,m_0096,280.4,0
tx_001454,2025-01-16 03:30:00,u_01430,d_1793,ip_0166,m_0155,236.39,0
tx_001455,2025-01-16 03:45:00,u_00163,d_0580,ip_1346,m_0198,72.99,0
tx_001456,2025-01-16 04:00:00,u_02461,d_0742,ip_0717,m_0049,93.29,0
tx_001457,2025-01-16 04:15:00,u_01137,d_1631,ip_1709,m_0277,292.86,0
tx_001458,2025-01-16 04:30:00,u_00659,d_0559,ip_0273,m_0049,588.11,0
tx_001459,2025-01-16 04:45:00,u_01290,d_0537,ip_1972,m_0297,24.25,0
tx_001460,2025-01-16 05:00:00,u_01975,d_0273,ip_1057,m_0083,765.14,0
tx_001461,2025-01-16 05:15:00,u_00781,d_0495,ip_1142,m_0125,475.4,0
tx_001462,2025-01-16 05:30:00,u_00118,d_1068,ip_1256,m_0075,181.11,0
tx_001463,2025-01-16 05:45:00,u_00127,d_1595,ip_0077,m_0161,116.66,0
tx_001464,2025-01-16 06:00:00,u_02129,d_0245,ip_0682,m_0000,219.3,0
tx_001465,2025-01-16 06:15:00,u_00279,d_1225,ip_1560,m_0051,78.21,0
tx_001466,2025-01-16 06:30:00,u_01588,d_1379,ip_2113,m_0155,124.25,0
tx_001467,2025-01-16 06:45:00,u_00961,d_1612,ip_2166,m_0208,33.95,0
tx_001468,2025-01-16 07:00:00,u_01943,d_1350,ip_1178,m_0288,26.01,0
tx_001469,2025-01-16 07:15:00,u_00151,d_0280,ip_0567,m_0251,1528.9,0
tx_001470,2025-01-16 07:30:00,u_02244,d_0880,ip_1050,m_0276,158.08,0
tx_001471,2025-01-16 07:45:00,u_01745,d_1714,ip_1019,m_0239,181.94,0
tx_001472,2025-01-16 08:00:00,u_01123,d_1635,ip_0873,m_0232,143.92,0
tx_001473,2025-01-16 08:15:00,u_00517,d_1102,ip_0794,m_0103,64.86,0
tx_001474,2025-01-16 08:30:00,u_02442,d_1733,ip_1910,m_0271,109.17,0
tx_001475,2025-01-16 08:45:00,u_00755,d_1202,ip_0859,m_0288,162.58,0
tx_001476,2025-01-16 09:00:00,u_01226,d_0116,ip_0064,m_0154,121.92,0
tx_001477,2025-01-16 09:15:00,u_00985,d_1645,ip_1587,m_0036,69.95,0
tx_001478,2025-01-16 09:30:00,u_00576,d_0302,ip_1463,m_0012,239.72,0
tx_001479,2025-01-16 09:45:00,u_01041,d_0685,ip_0832,m_0148,179.18,0
tx_001480,2025-01-16 10:00:00,u_00378,d_0428,ip_1385,m_0190,219.84,0
tx_001481,2025-01-16 10:15:00,u_00004,d_1295,ip_2070,m_0166,300.38,0
tx_001482,2025-01-16 10:30:00,u_00724,d_0053,ip_2033,m_0268,125.15,0
tx_001483,2025-01-16 10:45:00,u_00280,d_1152,ip_1737,m_0160,125.35,0
tx_001484,2025-01-16 11:00:00,u_01036,d_1555,ip_1283,m_0198,653.57,0
tx_001485,2025-01-16 11:15:00,u_02156,d_1417,ip_0060,m_0227,57.74,0
tx_001486,2025-01-16 11:30:00,u_00406,d_0552,ip_1126,m_0268,22.79,0
tx_001487,2025-01-16 11:45:00,u_00003,d_1614,ip_1800,m_0182,258.67,0
tx_001488,2025-01-16 12:00:00,u_00277,d_0651,ip_1858,m_0167,79.1,0
tx_001489,2025-01-16 12:15:00,u_01270,d_1224,ip_1700,m_0023,50.53,0
tx_001490,2025-01-16 12:30:00,u_00687,d_0912,ip_2170,m_0192,359.69,0
tx_001491,2025-01-16 12:45:00,u_01223,d_0121,ip_1136,m_0053,128.41,0
tx_001492,2025-01-16 13:00:00,u_00073,d_0005,ip_0241,m_0110,41.95,0
tx_001493,2025-01-16 13:15:00,u_00832,d_0329,ip_1092,m_0159,1027.56,0
tx_001494,2025-01-16 13:30:00,u_01025,d_1682,ip_0701,m_0024,29.65,0
tx_001495,2025-01-16 13:45:00,u_01078,d_1717,ip_1838,m_0208,136.09,0
tx_001496,2025-01-16 14:00:00,u_01377,d_0738,ip_1709,m_0084,22.44,0
tx_001497,2025-01-16 14:15:00,u_01951,d_1743,ip_0934,m_0154,194.54,0
tx_001498,2025-01-16 14:30:00,u_01168,d_0089,ip_0854,m_0105,78.17,0
tx_001499,2025-01-16 14:45:00,u_02103,d_1741,ip_0350,m_0106,336.73,0
tx_001500,2025-01-16 15:00:00,u_01324,d_0415,ip_0094,m_0118,145.86,0
tx_001501,2025-01-16 15:15:00,u_00650,d_0066,ip_0688,m_0015,572.84,0
tx_001502,2025-01-16 15:30:00,u_00572,d_1364,ip_0530,m_0058,96.57,0
tx_001503,2025-01-16 15:45:00,u_00806,d_0688,ip_0583,m_0235,29.83,0
tx_001504,2025-01-16 16:00:00,u_01493,d_0526,ip_2196,m_0036,188.2,0
tx_001505,2025-01-16 16:15:00,u_00606,d_1367,ip_1498,m_0149,115.29,0
tx_001506,2025-01-16 16:30:00,u_02285,d_0599,ip_1213,m_0042,24.06,0
tx_001507,2025-01-16 16:45:00,ring_u_14_6,ring_d_14,ring_ip_14,ring_m_6,3249.29,1
tx_001508,2025-01-16 17:00:00,u_02158,d_0351,ip_1850,m_0193,71.01,0
tx_001509,2025-01-16 17:15:00,u_01708,d_0154,ip_1418,m_0140,703.02,0
tx_001510,2025-01-16 17:30:00,u_00833,d_0584,ip_1132,m_0231,301.1,0
tx_001511,2025-01-16 17:45:00,u_00570,d_1097,ip_1025,m_0079,104.82,0
tx_001512,2025-01-16 18:00:00,u_01859,d_0404,ip_1215,m_0167,237.67,0
tx_001513,2025-01-16 18:15:00,u_00826,d_0257,ip_1847,m_0082,19.31,0
tx_001514,2025-01-16 18:30:00,u_00617,d_1348,ip_1584,m_0152,84.36,0
tx_001515,2025-01-16 18:45:00,u_02325,d_0887,ip_1066,m_0019,221.63,0
tx_001516,2025-01-16 19:00:00,u_01206,d_0776,ip_1468,m_0080,175.1,0
tx_001517,2025-01-16 19:15:00,ring_u_24_17,ring_d_24,ring_ip_24,ring_m_0,65.7,1
tx_001518,2025-01-16 19:30:00,u_01236,d_0031,ip_0717,m_0233,142.84,0
tx_001519,2025-01-16 19:45:00,u_01151,d_0095,ip_1981,m_0081,208.12,0
tx_001520,2025-01-16 20:00:00,u_02159,d_1226,ip_1334,m_0077,147.03,0
tx_001521,2025-01-16 20:15:00,u_01778,d_0144,ip_0407,m_0089,351.08,0
tx_001522,2025-01-16 20:30:00,u_00478,d_0444,ip_2127,m_0083,204.12,0
tx_001523,2025-01-16 20:45:00,u_00376,d_1639,ip_1509,m_0298,247.46,0
tx_001524,2025-01-16 21:00:00,u_01508,d_0619,ip_0849,m_0195,823.49,0
tx_001525,2025-01-16 21:15:00,u_00118,d_1340,ip_0472,m_0115,339.51,0
tx_001526,2025-01-16 21:30:00,u_00797,d_0617,ip_2014,m_0138,846.37,0
tx_001527,2025-01-16 21:45:00,u_00345,d_1677,ip_1811,m_0153,75.8,0
tx_001528,2025-01-16 22:00:00,u_00051,d_1479,ip_0097,m_0165,30.19,0
tx_001529,2025-01-16 22:15:00,u_02297,d_0845,ip_1398,m_0115,128.99,0
tx_001530,2025-01-16 22:30:00,u_00224,d_1231,ip_0252,m_0292,118.44,0
tx_001531,2025-01-16 22:45:00,u_00023,d_0743,ip_0647,m_0087,638.69,0
tx_001532,2025-01-16 23:00:00,ring_u_10_6,ring_d_10,ring_ip_10,ring_m_2,1064.35,1
tx_001533,2025-01-16 23:15:00,u_00470,d_0645,ip_0548,m_0001,137.16,0
tx_001534,2025-01-16 23:30:00,u_02041,d_1505,ip_1127,m_0147,222.56,0
tx_001535,2025-01-16 23:45:00,u_00078,d_1109,ip_0945,m_0256,164.04,0
tx_001536,2025-01-17 00:00:00,u_00383,d_1158,ip_1279,m_0299,125.02,0
tx_001537,2025-01-17 00:15:00,u_00276,d_0632,ip_1761,m_0141,212.42,0
tx_001538,2025-01-17 00:30:00,u_01765,d_1499,ip_0341,m_0041,436.64,0
tx_001539,2025-01-17 00:45:00,u_01550,d_1343,ip_1751,m_0215,689.35,0
tx_001540,2025-01-17 01:00:00,u_01188,d_1467,ip_0489,m_0192,153.36,0
tx_001541,2025-01-17 01:15:00,u_00604,d_1442,ip_0073,m_0287,65.64,0
tx_001542,2025-01-17 01:30:00,u_00222,d_0283,ip_0982,m_0151,688.51,0
tx_001543,2025-01-17 01:45:00,u_01423,d_1576,ip_0665,m_0000,50.52,0
tx_001544,2025-01-17 02:00:00,u_00576,d_1515,ip_0405,m_0270,889.43,0
tx_001545,2025-01-17 02:15:00,u_01475,d_0437,ip_0930,m_0202,569.15,0
tx_001546,2025-01-17 02:30:00,u_01718,d_1766,ip_1911,m_0240,658.13,0
tx_001547,2025-01-17 02:45:00,u_02123,d_0948,ip_1288,m_0035,294.53,0
tx_001548,2025-01-17 03:00:00,u_01234,d_0579,ip_1601,m_0137,17.95,0
tx_001549,2025-01-17 03:15:00,u_00011,d_0402,ip_0328,m_0137,52.5,0
tx_001550,2025-01-17 03:30:00,u_00701,d_0656,ip_0166,m_0080,201.72,0
tx_001551,2025-01-17 03:45:00,u_02133,d_0067,ip_0737,m_0254,75.52,0
tx_001552,2025-01-17 04:00:00,u_01333,d_1243,ip_1703,m_0056,108.28,0
tx_001553,2025-01-17 04:15:00,u_01547,d_1274,ip_1948,m_0021,273.91,0
tx_001554,2025-01-17 04:30:00,u_01144,d_1202,ip_0223,m_0070,125.21,0
tx_001555,2025-01-17 04:45:00,u_00406,d_0988,ip_1048,m_0296,43.86,0
tx_001556,2025-01-17 05:00:00,u_02241,d_0652,ip_0872,m_0034,359.84,0
tx_001557,2025-01-17 05:15:00,u_01932,d_1303,ip_1637,m_0174,248.37,0
tx_001558,2025-01-17 05:30:00,u_02487,d_1568,ip_0452,m_0054,115.7,0
tx_001559,2025-01-17 05:45:00,u_02138,d_0157,ip_1066,m_0118,302.25,0
tx_001560,2025-01-17 06:00:00,ring_u_22_3,ring_d_22,ring_ip_22,ring_m_6,563.46,1
tx_001561,2025-01-17 06:15:00,u_00635,d_1791,ip_1022,m_0005,561.92,0
tx_001562,2025-01-17 06:30:00,u_00621,d_1551,ip_1718,m_0072,172.64,0
tx_001563,2025-01-17 06:45:00,u_02296,d_1789,ip_1368,m_0176,557.76,0
tx_001564,2025-01-17 07:00:00,u_01392,d_0329,ip_1314,m_0004,22.79,0
tx_001565,2025-01-17 07:15:00,u_01136,d_0836,ip_0570,m_0148,234.91,0
tx_001566,2025-01-17 07:30:00,u_02420,d_0234,ip_2183,m_0181,99.7,0
tx_001567,2025-01-17 07:45:00,u_01508,d_1558,ip_0549,m_0064,62.86,0
tx_001568,2025-01-17 08:00:00,u_02273,d_0933,ip_2048,m_0048,472.72,0
tx_001569,2025-01-17 08:15:00,u_02461,d_0438,ip_2176,m_0147,361.08,0
tx_001570,2025-01-17 08:30:00,u_00198,d_0162,ip_1125,m_0215,19.96,0
tx_001571,2025-01-17 08:45:00,u_00903,d_1327,ip_1911,m_0003,303.53,0
tx_001572,2025-01-17 09:00:00,u_01835,d_1461,ip_1573,m_0101,268.85,0
tx_001573,2025-01-17 09:15:00,ring_u_23_8,ring_d_23,ring_ip_23,ring_m_7,3995.6,1
tx_001574,2025-01-17 09:30:00,u_00371,d_1748,ip_0150,m_0100,64.37,0
tx_001575,2025-01-17 09:45:00,u_00795,d_1466,ip_0301,m_0099,30.25,0
tx_001576,2025-01-17 10:00:00,u_01370,d_1415,ip_0153,m_0221,105.9,0
tx_001577,2025-01-17 10:15:00,ring_u_20_11,ring_d_20,ring_ip_20,ring_m_4,3002.92,1
tx_001578,2025-01-17 10:30:00,u_00282,d_1797,ip_1839,m_0117,329.31,0
tx_001579,2025-01-17 10:45:00,u_01501,d_0833,ip_0385,m_0235,194.3,0
tx_001580,2025-01-17 11:00:00,u_00741,d_1365,ip_0013,m_0009,51.42,0
tx_001581,2025-01-17 11:15:00,u_00540,d_1475,ip_2063,m_0213,188.46,0
tx_001582,2025-01-17 11:30:00,u_01288,d_0209,ip_0613,m_0114,115.12,0
tx_001583,2025-01-17 11:45:00,u_01035,d_1243,ip_1795,m_0266,58.28,0
tx_001584,2025-01-17 12:00:00,u_01589,d_0609,ip_2113,m_0217,30.28,0
tx_001585,2025-01-17 12:15:00,ring_u_14_13,ring_d_14,ring_ip_14,ring_m_6,2709.46,1
tx_001586,2025-01-17 12:30:00,u_02058,d_0306,ip_2038,m_0038,231.92,0
tx_001587,2025-01-17 12:45:00,u_00195,d_0205,ip_2131,m_0056,258.98,0
tx_001588,2025-01-17 13:00:00,u_02154,d_1615,ip_0317,m_0270,71.65,0
tx_001589,2025-01-17 13:15:00,u_00074,d_1389,ip_0322,m_0117,176.1,0
tx_001590,2025-01-17 13:30:00,u_01839,d_0183,ip_0813,m_0244,37.51,0
tx_001591,2025-01-17 13:45:00,u_00866,d_1125,ip_1230,m_0206,55.34,0
tx_001592,2025-01-17 14:00:00,u_00958,d_1188,ip_1729,m_0149,153.5,0
tx_001593,2025-01-17 14:15:00,u_00047,d_0934,ip_0403,m_0013,192.93,0
tx_001594,2025-01-17 14:30:00,u_01755,d_1090,ip_0425,m_0022,29.11,0
tx_001595,2025-01-17 14:45:00,u_00413,d_1633,ip_0674,m_0215,51.55,0
tx_001596,2025-01-17 15:00:00,u_01647,d_0933,ip_0597,m_0029,102.99,0
tx_001597,2025-01-17 15:15:00,u_01812,d_1187,ip_2068,m_0001,387.04,0
tx_001598,2025-01-17 15:30:00,u_02113,d_1027,ip_0871,m_0065,65.82,0
tx_001599,2025-01-17 15:45:00,u_01770,d_0713,ip_1910,m_0274,170.81,0
tx_001600,2025-01-17 16:00:00,u_00753,d_1603,ip_0122,m_0187,189.69,0
tx_001601,2025-01-17 16:15:00,u_01846,d_0745,ip_0223,m_0215,115.62,0
tx_001602,2025-01-17 16:30:00,u_02064,d_1439,ip_1767,m_0195,194.03,0
tx_001603,2025-01-17 16:45:00,u_00792,d_1089,ip_0548,m_0169,38.67,0
tx_001604,2025-01-17 17:00:00,u_00310,d_1232,ip_0181,m_0076,77.03,0
tx_001605,2025-01-17 17:15:00,u_02225,d_1368,ip_1307,m_0128,622.88,0
tx_001606,2025-01-17 17:30:00,ring_u_5_14,ring_d_5,ring_ip_5,ring_m_5,4304.06,1
tx_001607,2025-01-17 17:45:00,u_01484,d_1015,ip_0134,m_0296,344.78,0
tx_001608,2025-01-17 18:00:00,u_00590,d_1107,ip_0893,m_0269,446.03,0
tx_001609,2025-01-17 18:15:00,u_00315,d_0915,ip_1210,m_0220,23.91,0
tx_001610,2025-01-17 18:30:00,u_01941,d_0610,ip_1160,m_0243,57.47,0
tx_001611,2025-01-17 18:45:00,u_00359,d_1308,ip_1285,m_0242,108.73,0
tx_001612,2025-01-17 19:00:00,u_01675,d_1581,ip_0051,m_0200,1661.78,0
tx_001613,2025-01-17 19:15:00,u_01732,d_1269,ip_0640,m_0247,108.52,0
tx_001614,2025-01-17 19:30:00,u_00150,d_1389,ip_0755,m_0021,312.59,0
tx_001615,2025-01-17 19:45:00,u_00432,d_1494,ip_0644,m_0006,216.67,0
tx_001616,2025-01-17 20:00:00,u_01985,d_0661,ip_1229,m_0133,211.9,0
tx_001617,2025-01-17 20:15:00,u_01268,d_0112,ip_0503,m_0016,144.96,0
tx_001618,2025-01-17 20:30:00,u_00303,d_0607,ip_1390,m_0101,44.7,0
tx_001619,2025-01-17 20:45:00,u_02479,d_1358,ip_2058,m_0059,9.96,0
tx_001620,2025-01-17 21:00:00,u_00662,d_1468,ip_1453,m_0287,534.77,0
tx_001621,2025-01-17 21:15:00,u_00010,d_0924,ip_0855,m_0196,80.12,0
tx_001622,2025-01-17 21:30:00,u_02310,d_1401,ip_0956,m_0012,22.94,0
tx_001623,2025-01-17 21:45:00,ring_u_4_11,ring_d_4,ring_ip_4,ring_m_4,961.85,1
tx_001624,2025-01-17 22:00:00,u_01383,d_1159,ip_1592,m_0219,225.61,0
tx_001625,2025-01-17 22:15:00,u_02482,d_1222,ip_0663,m_0097,319.86,0
tx_001626,2025-01-17 22:30:00,u_01444,d_0914,ip_0084,m_0264,452.92,0
tx_001627,2025-01-17 22:45:00,u_01461,d_1289,ip_1545,m_0291,59.21,0
tx_001628,2025-01-17 23:00:00,u_00970,d_0884,ip_1455,m_0294,61.87,0
tx_001629,2025-01-17 23:15:00,u_00317,d_0942,ip_0223,m_0027,107.91,0
tx_001630,2025-01-17 23:30:00,u_01431,d_1087,ip_1378,m_0134,337.53,0
tx_001631,2025-01-17 23:45:00,u_02243,d_1428,ip_0157,m_0233,18.13,0
tx_001632,2025-01-18 00:00:00,u_00227,d_0447,ip_1414,m_0132,168.71,0
tx_001633,2025-01-18 00:15:00,u_02200,d_0540,ip_1637,m_0144,376.95,0
tx_001634,2025-01-18 00:30:00,u_01037,d_0753,ip_0034,m_0098,361.71,0
tx_001635,2025-01-18 00:45:00,u_01340,d_0363,ip_1598,m_0125,301.44,0
tx_001636,2025-01-18 01:00:00,u_00413,d_0601,ip_0264,m_0208,429.66,0
tx_001637,2025-01-18 01:15:00,u_01554,d_0631,ip_0583,m_0007,9.51,0
tx_001638,2025-01-18 01:30:00,u_00455,d_0565,ip_1550,m_0239,745.06,0
tx_001639,2025-01-18 01:45:00,u_00682,d_0738,ip_0781,m_0218,206.52,0
tx_001640,2025-01-18 02:00:00,u_01804,d_0908,ip_2149,m_0041,563.77,0
tx_001641,2025-01-18 02:15:00,u_00126,d_1252,ip_2105,m_0231,45.85,0
tx_001642,2025-01-18 02:30:00,u_01117,d_0545,ip_2171,m_0156,25.69,0
tx_001643,2025-01-18 02:45:00,u_01486,d_1521,ip_0229,m_0095,885.7,0
tx_001644,2025-01-18 03:00:00,u_00330,d_0862,ip_0387,m_0136,58.76,0
tx_001645,2025-01-18 03:15:00,u_00736,d_1297,ip_0402,m_0155,108.76,0
tx_001646,2025-01-18 03:30:00,u_00858,d_0206,ip_1287,m_0063,251.5,0
tx_001647,2025-01-18 03:45:00,u_01659,d_0313,ip_0946,m_0181,321.46,0
tx_001648,2025-01-18 04:00:00,ring_u_7_17,ring_d_7,ring_ip_7,ring_m_7,890.26,1
tx_001649,2025-01-18 04:15:00,u_02090,d_0659,ip_0620,m_0110,185.56,0
tx_001650,2025-01-18 04:30:00,u_00474,d_0893,ip_0439,m_0138,51.71,0
tx_001651,2025-01-18 04:45:00,u_00045,d_0285,ip_1427,m_0184,300.86,0
tx_001652,2025-01-18 05:00:00,u_00129,d_0852,ip_1357,m_0151,305.69,0
tx_001653,2025-01-18 05:15:00,u_01489,d_1236,ip_1519,m_0130,24.17,0
tx_001654,2025-01-18 05:30:00,u_00390,d_1311,ip_0686,m_0286,613.2,0
tx_001655,2025-01-18 05:45:00,u_00578,d_0446,ip_1158,m_0263,12.34,0
tx_001656,2025-01-18 06:00:00,u_02118,d_0619,ip_2042,m_0113,417.55,0
tx_001657,2025-01-18 06:15:00,u_02184,d_0945,ip_1344,m_0215,78.72,0
tx_001658,2025-01-18 06:30:00,u_02097,d_0932,ip_2051,m_0243,300.52,0
tx_001659,2025-01-18 06:45:00,u_00634,d_1425,ip_0953,m_0033,247.2,0
tx_001660,2025-01-18 07:00:00,u_01549,d_0702,ip_0098,m_0177,143.0,0
tx_001661,2025-01-18 07:15:00,u_01526,d_1207,ip_1672,m_0239,233.01,0
tx_001662,2025-01-18 07:30:00,u_00463,d_1590,ip_1013,m_0017,136.12,0
tx_001663,2025-01-18 07:45:00,u_01383,d_0537,ip_0092,m_0101,303.07,0
tx_001664,2025-01-18 08:00:00,u_01313,d_1481,ip_0305,m_0239,1319.85,0
tx_001665,2025-01-18 08:15:00,u_00990,d_0599,ip_0688,m_0280,38.81,0
tx_001666,2025-01-18 08:30:00,u_01879,d_0601,ip_0420,m_0297,6.12,0
tx_001667,2025-01-18 08:45:00,u_01694,d_1176,ip_1505,m_0181,97.94,0
tx_001668,2025-01-18 09:00:00,u_01331,d_1119,ip_1344,m_0012,91.47,0
tx_001669,2025-01-18 09:15:00,u_01814,d_0989,ip_0725,m_0008,101.74,0
tx_001670,2025-01-18 09:30:00,u_01907,d_0416,ip_0186,m_0243,58.77,0
tx_001671,2025-01-18 09:45:00,u_01417,d_0173,ip_0172,m_0220,355.11,0
tx_001672,2025-01-18 10:00:00,u_00669,d_1636,ip_2080,m_0058,37.29,0
tx_001673,2025-01-18 10:15:00,u_01896,d_1573,ip_0759,m_0039,232.94,0
tx_001674,2025-01-18 10:30:00,u_01794,d_1596,ip_0236,m_0043,281.03,0
tx_001675,2025-01-18 10:45:00,u_02458,d_0922,ip_1565,m_0263,203.66,0
tx_001676,2025-01-18 11:00:00,u_00374,d_1592,ip_1913,m_0229,241.57,0
tx_001677,2025-01-18 11:15:00,u_01048,d_0852,ip_0268,m_0284,383.47,0
tx_001678,2025-01-18 11:30:00,u_02310,d_0135,ip_2078,m_0034,156.58,0
tx_001679,2025-01-18 11:45:00,u_01286,d_0357,ip_1594,m_0208,104.95,0
tx_001680,2025-01-18 12:00:00,ring_u_20_5,ring_d_20,ring_ip_20,ring_m_4,2461.08,1
tx_001681,2025-01-18 12:15:00,u_00031,d_0678,ip_1706,m_0159,270.53,0
tx_001682,2025-01-18 12:30:00,u_00087,d_1690,ip_0923,m_0232,361.29,0
tx_001683,2025-01-18 12:45:00,u_01990,d_0599,ip_1397,m_0180,26.78,0
tx_001684,2025-01-18 13:00:00,u_00896,d_1102,ip_0279,m_0002,123.53,0
tx_001685,2025-01-18 13:15:00,u_01300,d_0487,ip_0537,m_0128,51.14,0
tx_001686,2025-01-18 13:30:00,u_01070,d_1157,ip_1701,m_0078,260.07,0
tx_001687,2025-01-18 13:45:00,u_01019,d_1021,ip_1771,m_0025,306.96,0
tx_001688,2025-01-18 14:00:00,u_02348,d_0270,ip_0024,m_0178,112.8,0
tx_001689,2025-01-18 14:15:00,u_00235,d_0832,ip_0471,m_0278,71.57,0
tx_001690,2025-01-18 14:30:00,u_01930,d_0189,ip_1336,m_0016,269.61,0
tx_001691,2025-01-18 14:45:00,u_02224,d_1600,ip_1992,m_0098,129.9,0
tx_001692,2025-01-18 15:00:00,u_01643,d_1267,ip_1483,m_0200,617.99,0
tx_001693,2025-01-18 15:15:00,u_00987,d_1694,ip_1554,m_0093,873.89,0
tx_001694,2025-01-18 15:30:00,u_00400,d_1576,ip_0855,m_0034,403.72,0
tx_001695,2025-01-18 15:45:00,u_01706,d_0395,ip_0120,m_0057,187.29,0
tx_001696,2025-01-18 16:00:00,u_01171,d_1273,ip_1685,m_0007,921.11,0
tx_001697,2025-01-18 16:15:00,u_00373,d_0180,ip_1758,m_0297,188.81,0
tx_001698,2025-01-18 16:30:00,u_00899,d_1729,ip_0975,m_0147,91.91,0
tx_001699,2025-01-18 16:45:00,u_02403,d_1413,ip_1114,m_0282,75.54,0
tx_001700,2025-01-18 17:00:00,u_00663,d_1224,ip_0517,m_0205,73.44,0
tx_001701,2025-01-18 17:15:00,u_00446,d_1790,ip_0995,m_0104,147.47,0
tx_001702,2025-01-18 17:30:00,u_01704,d_1524,ip_0532,m_0282,235.82,0
tx_001703,2025-01-18 17:45:00,u_00498,d_1554,ip_0925,m_0078,36.05,0
tx_001704,2025-01-18 18:00:00,u_02299,d_0180,ip_0294,m_0054,94.73,0
tx_001705,2025-01-18 18:15:00,u_02147,d_0042,ip_1334,m_0241,183.62,0
tx_001706,2025-01-18 18:30:00,u_02458,d_1729,ip_0544,m_0166,282.49,0
tx_001707,2025-01-18 18:45:00,u_02281,d_0452,ip_1594,m_0126,144.62,0
tx_001708,2025-01-18 19:00:00,u_00609,d_0767,ip_1139,m_0176,189.52,0
tx_001709,2025-01-18 19:15:00,u_00530,d_0078,ip_1971,m_0290,43.01,0
tx_001710,2025-01-18 19:30:00,u_00856,d_1121,ip_0486,m_0084,59.63,0
tx_001711,2025-01-18 19:45:00,u_01174,d_1477,ip_0600,m_0270,139.65,0
tx_001712,2025-01-18 20:00:00,u_02199,d_1515,ip_0534,m_0273,247.29,0
tx_001713,2025-01-18 20:15:00,u_01833,d_1046,ip_1387,m_0227,187.04,0
tx_001714,2025-01-18 20:30:00,u_01611,d_1190,ip_0235,m_0047,63.51,0
tx_001715,2025-01-18 20:45:00,u_02195,d_0924,ip_1509,m_0026,117.15,0
tx_001716,2025-01-18 21:00:00,u_01614,d_0803,ip_1801,m_0036,673.06,0
tx_001717,2025-01-18 21:15:00,u_00947,d_0998,ip_1484,m_0210,255.76,0
tx_001718,2025-01-18 21:30:00,u_01032,d_1684,ip_0296,m_0119,126.15,0
tx_001719,2025-01-18 21:45:00,u_01292,d_0454,ip_1084,m_0296,53.21,0
tx_001720,2025-01-18 22:00:00,u_00221,d_0846,ip_1173,m_0001,72.72,0
tx_001721,2025-01-18 22:15:00,u_01854,d_1082,ip_0860,m_0111,149.39,0
tx_001722,2025-01-18 22:30:00,u_01631,d_1026,ip_1025,m_0079,195.58,0
tx_001723,2025-01-18 22:45:00,u_01827,d_0055,ip_1677,m_0264,261.27,0
tx_001724,2025-01-18 23:00:00,u_01334,d_0517,ip_1836,m_0036,218.76,0
tx_001725,2025-01-18 23:15:00,u_01957,d_1162,ip_0660,m_0122,102.49,0
tx_001726,2025-01-18 23:30:00,u_02374,d_1249,ip_0725,m_0260,89.02,0
tx_001727,2025-01-18 23:45:00,u_01424,d_1321,ip_0457,m_0291,1149.39,0
tx_001728,2025-01-19 00:00:00,u_01110,d_1784,ip_0883,m_0274,85.07,0
tx_001729,2025-01-19 00:15:00,u_00261,d_1211,ip_1200,m_0196,40.78,0
tx_001730,2025-01-19 00:30:00,u_01946,d_1043,ip_1569,m_0048,28.83,0
tx_001731,2025-01-19 00:45:00,u_02259,d_0597,ip_0588,m_0028,104.25,0
tx_001732,2025-01-19 01:00:00,u_01748,d_0666,ip_0475,m_0123,379.93,0
tx_001733,2025-01-19 01:15:00,u_02163,d_1487,ip_0073,m_0143,83.43,0
tx_001734,2025-01-19 01:30:00,u_02152,d_0843,ip_0206,m_0154,650.35,0
tx_001735,2025-01-19 01:45:00,u_01995,d_1287,ip_0113,m_0014,147.34,0
tx_001736,2025-01-19 02:00:00,u_01257,d_0223,ip_0456,m_0202,450.14,0
tx_001737,2025-01-19 02:15:00,u_00249,d_0230,ip_1529,m_0118,69.57,0
tx_001738,2025-01-19 02:30:00,u_00008,d_0387,ip_1703,m_0032,70.65,0
tx_001739,2025-01-19 02:45:00,u_00510,d_0351,ip_2140,m_0274,162.56,0
tx_001740,2025-01-19 03:00:00,u_01077,d_1092,ip_1199,m_0107,240.46,0
tx_001741,2025-01-19 03:15:00,ring_u_8_4,ring_d_8,ring_ip_8,ring_m_0,3794.55,1
tx_001742,2025-01-19 03:30:00,u_01139,d_1004,ip_1978,m_0147,198.83,0
tx_001743,2025-01-19 03:45:00,u_00057,d_0520,ip_0323,m_0285,267.33,0
tx_001744,2025-01-19 04:00:00,u_00525,d_1038,ip_1386,m_0247,35.86,0
tx_001745,2025-01-19 04:15:00,u_02448,d_0214,ip_1799,m_0029,105.54,0
tx_001746,2025-01-19 04:30:00,u_02470,d_0851,ip_1105,m_0206,88.35,0
tx_001747,2025-01-19 04:45:00,u_00942,d_0278,ip_0575,m_0199,92.75,0
tx_001748,2025-01-19 05:00:00,ring_u_6_0,ring_d_6,ring_ip_6,ring_m_6,40.81,1
tx_001749,2025-01-19 05:15:00,u_01798,d_0298,ip_2190,m_0289,89.59,0
tx_001750,2025-01-19 05:30:00,u_02328,d_0200,ip_0519,m_0223,19.98,0
tx_001751,2025-01-19 05:45:00,u_02218,d_0860,ip_1239,m_0196,117.15,0
tx_001752,2025-01-19 06:00:00,u_01571,d_0982,ip_0111,m_0106,51.19,0
tx_001753,2025-01-19 06:15:00,u_00986,d_1093,ip_0511,m_0269,243.8,0
tx_001754,2025-01-19 06:30:00,u_01566,d_0791,ip_1687,m_0282,332.19,0
tx_001755,2025-01-19 06:45:00,u_00797,d_0317,ip_1091,m_0297,16.86,0
tx_001756,2025-01-19 07:00:00,u_00870,d_0037,ip_0438,m_0286,68.43,0
tx_001757,2025-01-19 07:15:00,u_01521,d_1282,ip_0737,m_0192,211.32,0
tx_001758,2025-01-19 07:30:00,u_01428,d_1768,ip_0266,m_0286,36.27,0
tx_001759,2025-01-19 07:45:00,u_01452,d_0505,ip_1714,m_0234,324.62,0
tx_001760,2025-01-19 08:00:00,u_00961,d_0368,ip_2074,m_0072,423.82,0
tx_001761,2025-01-19 08:15:00,u_01022,d_0560,ip_0232,m_0009,126.21,0
tx_001762,2025-01-19 08:30:00,u_00025,d_0385,ip_0523,m_0294,68.45,0
tx_001763,2025-01-19 08:45:00,u_01504,d_0402,ip_1885,m_0128,14.72,0
tx_001764,2025-01-19 09:00:00,ring_u_11_17,ring_d_11,ring_ip_11,ring_m_3,2308.31,1
tx_001765,2025-01-19 09:15:00,u_02338,d_1413,ip_1688,m_0086,1099.42,0
tx_001766,2025-01-19 09:30:00,u_01260,d_1282,ip_1573,m_0108,893.95,0
tx_001767,2025-01-19 09:45:00,u_01169,d_1727,ip_1895,m_0247,122.12,0
tx_001768,2025-01-19 10:00:00,u_00169,d_0643,ip_0821,m_0157,49.77,0
tx_001769,2025-01-19 10:15:00,u_00491,d_0886,ip_1968,m_0203,342.96,0
tx_001770,2025-01-19 10:30:00,u_00845,d_0684,ip_1950,m_0096,130.73,0
tx_001771,2025-01-19 10:45:00,u_00943,d_0075,ip_0505,m_0184,239.4,0
tx_001772,2025-01-19 11:00:00,u_00906,d_0699,ip_0160,m_0146,200.89,0
tx_001773,2025-01-19 11:15:00,u_00985,d_0469,ip_1146,m_0279,162.88,0
tx_001774,2025-01-19 11:30:00,u_01922,d_0861,ip_1668,m_0147,415.1,0
tx_001775,2025-01-19 11:45:00,u_00327,d_0284,ip_1869,m_0026,430.81,0
tx_001776,2025-01-19 12:00:00,u_00830,d_1334,ip_0313,m_0220,88.0,0
tx_001777,2025-01-19 12:15:00,u_00407,d_1516,ip_0830,m_0286,58.96,0
tx_001778,2025-01-19 12:30:00,u_00769,d_1729,ip_1689,m_0264,12.19,0
tx_001779,2025-01-19 12:45:00,u_01711,d_0152,ip_0132,m_0030,104.99,0
tx_001780,2025-01-19 13:00:00,u_00116,d_0211,ip_1590,m_0299,49.73,0
tx_001781,2025-01-19 13:15:00,u_00848,d_1739,ip_0641,m_0104,225.7,0
tx_001782,2025-01-19 13:30:00,u_00059,d_1526,ip_0049,m_0250,106.07,0
tx_001783,2025-01-19 13:45:00,u_02387,d_1059,ip_0532,m_0189,118.22,0
tx_001784,2025-01-19 14:00:00,u_01818,d_0578,ip_1632,m_0291,334.28,0
tx_001785,2025-01-19 14:15:00,u_00608,d_0931,ip_1914,m_0102,220.8,0
tx_001786,2025-01-19 14:30:00,u_00495,d_0964,ip_0178,m_0182,132.07,0
tx_001787,2025-01-19 14:45:00,u_00247,d_1525,ip_1020,m_0204,801.45,0
tx_001788,2025-01-19 15:00:00,u_01182,d_0952,ip_0442,m_0046,310.49,0
tx_001789,2025-01-19 15:15:00,u_01883,d_0049,ip_1503,m_0232,97.92,0
tx_001790,2025-01-19 15:30:00,u_01460,d_1259,ip_1717,m_0043,102.39,0
tx_001791,2025-01-19 15:45:00,u_02202,d_1398,ip_2116,m_0248,326.48,0
tx_001792,2025-01-19 16:00:00,u_00859,d_0536,ip_0780,m_0037,181.79,0
tx_001793,2025-01-19 16:15:00,u_00695,d_0209,ip_0658,m_0053,48.37,0
tx_001794,2025-01-19 16:30:00,u_01195,d_0255,ip_0681,m_0148,363.11,0
tx_001795,2025-01-19 16:45:00,u_00505,d_1513,ip_1674,m_0054,521.77,0
tx_001796,2025-01-19 17:00:00,u_02439,d_0805,ip_0979,m_0023,483.66,0
tx_001797,2025-01-19 17:15:00,u_00464,d_0952,ip_0050,m_0015,694.19,0
tx_001798,2025-01-19 17:30:00,u_01197,d_1729,ip_2084,m_0085,1175.21,0
tx_001799,2025-01-19 17:45:00,u_01305,d_0110,ip_0229,m_0147,837.11,0
tx_001800,2025-01-19 18:00:00,u_00142,d_0370,ip_2041,m_0013,208.65,0
tx_001801,2025-01-19 18:15:00,u_01171,d_1499,ip_0356,m_0041,120.49,0
tx_001802,2025-01-19 18:30:00,u_01136,d_0972,ip_1183,m_0183,23.82,0
tx_001803,2025-01-19 18:45:00,u_00648,d_0049,ip_0687,m_0095,150.03,0
tx_001804,2025-01-19 19:00:00,u_00319,d_1265,ip_1510,m_0227,249.42,0
tx_001805,2025-01-19 19:15:00,u_00112,d_0249,ip_0886,m_0252,155.02,0
tx_001806,2025-01-19 19:30:00,u_00021,d_1407,ip_0808,m_0009,22.46,0
tx_001807,2025-01-19 19:45:00,u_01203,d_1436,ip_1049,m_0284,111.43,0
tx_001808,2025-01-19 20:00:00,u_00224,d_1483,ip_2135,m_0205,282.97,0
tx_001809,2025-01-19 20:15:00,u_02398,d_0836,ip_0539,m_0246,53.2,0
tx_001810,2025-01-19 20:30:00,u_00611,d_0482,ip_0483,m_0143,175.16,0
tx_001811,2025-01-19 20:45:00,u_01631,d_1586,ip_0145,m_0000,228.52,0
tx_001812,2025-01-19 21:00:00,u_01683,d_1005,ip_1625,m_0265,453.94,0
tx_001813,2025-01-19 21:15:00,u_01238,d_1143,ip_1490,m_0170,822.71,0
tx_001814,2025-01-19 21:30:00,u_02209,d_0245,ip_1339,m_0011,101.71,0
tx_001815,2025-01-19 21:45:00,u_00276,d_1122,ip_0052,m_0049,178.35,0
tx_001816,2025-01-19 22:00:00,u_00585,d_1044,ip_1739,m_0061,184.02,0
tx_001817,2025-01-19 22:15:00,u_00631,d_0526,ip_1780,m_0112,284.11,0
tx_001818,2025-01-19 22:30:00,u_00338,d_1380,ip_2079,m_0132,254.02,0
tx_001819,2025-01-19 22:45:00,ring_u_23_6,ring_d_23,ring_ip_23,ring_m_7,4641.45,1
tx_001820,2025-01-19 23:00:00,u_00781,d_1294,ip_0578,m_0260,14.42,0
tx_001821,2025-01-19 23:15:00,u_01912,d_1730,ip_1562,m_0282,225.43,0
tx_001822,2025-01-19 23:30:00,ring_u_21_9,ring_d_21,ring_ip_21,ring_m_5,126.27,1
tx_001823,2025-01-19 23:45:00,u_02191,d_0188,ip_1311,m_0190,117.3,0
tx_001824,2025-01-20 00:00:00,u_01931,d_0995,ip_0731,m_0259,15.43,0
tx_001825,2025-01-20 00:15:00,u_02254,d_0952,ip_1445,m_0080,139.63,0
tx_001826,2025-01-20 00:30:00,u_00263,d_0993,ip_2096,m_0167,72.93,0
tx_001827,2025-01-20 00:45:00,u_02461,d_0490,ip_1434,m_0192,794.69,0
tx_001828,2025-01-20 01:00:00,u_01534,d_1126,ip_2025,m_0085,216.0,0
tx_001829,2025-01-20 01:15:00,u_02455,d_0475,ip_2049,m_0285,66.99,0
tx_001830,2025-01-20 01:30:00,u_00887,d_1004,ip_0261,m_0070,19.06,0
tx_001831,2025-01-20 01:45:00,u_02382,d_1070,ip_2121,m_0017,267.9,0
tx_001832,2025-01-20 02:00:00,u_01471,d_1162,ip_1800,m_0097,297.72,0
tx_001833,2025-01-20 02:15:00,u_00179,d_1436,ip_0938,m_0244,119.61,0
tx_001834,2025-01-20 02:30:00,ring_u_12_0,ring_d_12,ring_ip_12,ring_m_4,78.57,1
tx_001835,2025-01-20 02:45:00,u_00344,d_1398,ip_1357,m_0065,104.77,0
tx_001836,2025-01-20 03:00:00,u_02353,d_1432,ip_1730,m_0261,431.48,0
tx_001837,2025-01-20 03:15:00,u_00761,d_1563,ip_1766,m_0045,400.49,0
tx_001838,2025-01-20 03:30:00,u_00555,d_0436,ip_0225,m_0047,28.82,0
tx_001839,2025-01-20 03:45:00,u_01382,d_0527,ip_0002,m_0269,36.77,0
tx_001840,2025-01-20 04:00:00,u_01062,d_0959,ip_0542,m_0096,1131.48,0
tx_001841,2025-01-20 04:15:00,u_00242,d_0838,ip_1159,m_0000,376.98,0
tx_001842,2025-01-20 04:30:00,u_02041,d_1263,ip_1868,m_0130,42.0,0
tx_001843,2025-01-20 04:45:00,u_02114,d_0016,ip_1436,m_0222,30.86,0
tx_001844,2025-01-20 05:00:00,u_01857,d_0250,ip_0298,m_0227,182.69,0
tx_001845,2025-01-20 05:15:00,u_01541,d_1344,ip_1577,m_0026,47.36,0
tx_001846,2025-01-20 05:30:00,u_01006,d_1479,ip_1030,m_0084,108.13,0
tx_001847,2025-01-20 05:45:00,u_01355,d_0544,ip_0811,m_0185,141.56,0
tx_001848,2025-01-20 06:00:00,u_01302,d_0559,ip_1697,m_0198,135.58,0
tx_001849,2025-01-20 06:15:00,u_00413,d_1010,ip_0650,m_0186,457.85,0
tx_001850,2025-01-20 06:30:00,u_00204,d_0858,ip_1361,m_0101,929.6,0
tx_001851,2025-01-20 06:45:00,u_00633,d_0304,ip_0400,m_0258,91.94,0
tx_001852,2025-01-20 07:00:00,u_01135,d_0900,ip_0839,m_0023,47.91,0
tx_001853,2025-01-20 07:15:00,u_00400,d_1474,ip_1227,m_0246,218.95,0
tx_001854,2025-01-20 07:30:00,u_00266,d_1313,ip_1371,m_0281,758.6,0
tx_001855,2025-01-20 07:45:00,u_02129,d_1471,ip_2022,m_0205,99.16,0
tx_001856,2025-01-20 08:00:00,u_00937,d_1158,ip_0638,m_0128,347.36,0
tx_001857,2025-01-20 08:15:00,u_01460,d_1579,ip_1971,m_0114,64.26,0
tx_001858,2025-01-20 08:30:00,u_01310,d_0449,ip_1796,m_0130,151.6,0
tx_001859,2025-01-20 08:45:00,u_01837,d_0082,ip_0791,m_0049,46.44,0
tx_001860,2025-01-20 09:00:00,u_01849,d_0205,ip_0308,m_0066,150.03,0
tx_001861,2025-01-20 09:15:00,u_00740,d_1786,ip_0567,m_0190,132.1,0
tx_001862,2025-01-20 09:30:00,u_02119,d_1152,ip_1447,m_0165,272.63,0
tx_001863,2025-01-20 09:45:00,u_00928,d_0446,ip_1735,m_0149,878.36,0
tx_001864,2025-01-20 10:00:00,u_02088,d_1537,ip_1346,m_0142,100.6,0
tx_001865,2025-01-20 10:15:00,ring_u_7_10,ring_d_7,ring_ip_7,ring_m_7,655.04,1
tx_001866,2025-01-20 10:30:00,u_00277,d_1075,ip_0223,m_0260,121.26,0
tx_001867,2025-01-20 10:45:00,u_01900,d_0448,ip_1111,m_0286,200.2,0
tx_001868,2025-01-20 11:00:00,u_00075,d_0170,ip_1922,m_0073,181.62,0
tx_001869,2025-01-20 11:15:00,u_01930,d_0481,ip_0855,m_0094,126.8,0
tx_001870,2025-01-20 11:30:00,u_00107,d_0410,ip_1977,m_0189,657.02,0
tx_001871,2025-01-20 11:45:00,u_00517,d_0994,ip_0272,m_0000,170.07,0
tx_001872,2025-01-20 12:00:00,u_01508,d_0037,ip_2153,m_0030,133.65,0
tx_001873,2025-01-20 12:15:00,u_02353,d_0431,ip_1727,m_0270,68.19,0
tx_001874,2025-01-20 12:30:00,ring_u_3_15,ring_d_3,ring_ip_3,ring_m_3,31.11,1
tx_001875,2025-01-20 12:45:00,u_00301,d_0708,ip_1358,m_0173,206.28,0
tx_001876,2025-01-20 13:00:00,u_00582,d_1144,ip_2059,m_0264,189.7,0
tx_001877,2025-01-20 13:15:00,u_02240,d_1180,ip_0829,m_0219,51.45,0
tx_001878,2025-01-20 13:30:00,u_01816,d_1737,ip_0362,m_0081,141.97,0
tx_001879,2025-01-20 13:45:00,u_00250,d_1504,ip_2021,m_0045,128.53,0
tx_001880,2025-01-20 14:00:00,u_00962,d_0410,ip_0226,m_0215,79.48,0
tx_001881,2025-01-20 14:15:00,u_00661,d_1246,ip_1451,m_0121,67.13,0
tx_001882,2025-01-20 14:30:00,u_00444,d_1129,ip_0585,m_0290,222.53,0
tx_001883,2025-01-20 14:45:00,u_02116,d_1069,ip_2044,m_0193,118.41,0
tx_001884,2025-01-20 15:00:00,u_01544,d_1438,ip_2142,m_0003,82.19,0
tx_001885,2025-01-20 15:15:00,u_00448,d_0265,ip_1043,m_0075,62.7,0
tx_001886,2025-01-20 15:30:00,u_01626,d_0675,ip_1173,m_0223,130.32,0
tx_001887,2025-01-20 15:45:00,ring_u_0_5,ring_d_0,ring_ip_0,ring_m_0,104.95,1
tx_001888,2025-01-20 16:00:00,ring_u_24_12,ring_d_24,ring_ip_24,ring_m_0,74.79,1
tx_001889,2025-01-20 16:15:00,u_01124,d_0067,ip_2061,m_0070,117.08,0
tx_001890,2025-01-20 16:30:00,u_00463,d_0848,ip_0631,m_0074,202.04,0
tx_001891,2025-01-20 16:45:00,u_00613,d_0475,ip_2111,m_0062,580.79,0
tx_001892,2025-01-20 17:00:00,u_02197,d_0302,ip_1430,m_0208,242.36,0
tx_001893,2025-01-20 17:15:00,u_01775,d_0102,ip_2113,m_0003,192.52,0
tx_001894,2025-01-20 17:30:00,u_00335,d_0968,ip_1346,m_0244,281.05,0
tx_001895,2025-01-20 17:45:00,u_02128,d_1201,ip_1801,m_0084,126.72,0
tx_001896,2025-01-20 18:00:00,u_01435,d_0956,ip_1077,m_0146,178.41,0
tx_001897,2025-01-20 18:15:00,u_02186,d_0663,ip_1017,m_0074,91.02,0
tx_001898,2025-01-20 18:30:00,u_01867,d_1388,ip_0566,m_0127,31.48,0
tx_001899,2025-01-20 18:45:00,u_00848,d_1173,ip_0462,m_0229,209.1,0
tx_001900,2025-01-20 19:00:00,u_01337,d_1635,ip_0082,m_0059,209.91,0
tx_001901,2025-01-20 19:15:00,u_01327,d_0624,ip_0843,m_0170,111.31,0
tx_001902,2025-01-20 19:30:00,u_01799,d_0430,ip_2173,m_0017,418.14,0
tx_001903,2025-01-20 19:45:00,u_00621,d_0820,ip_2064,m_0053,72.12,0
tx_001904,2025-01-20 20:00:00,u_00832,d_0912,ip_1518,m_0205,25.24,0
tx_001905,2025-01-20 20:15:00,u_00611,d_0824,ip_0799,m_0170,73.91,0
tx_001906,2025-01-20 20:30:00,u_00740,d_1498,ip_1144,m_0183,31.79,0
tx_001907,2025-01-20 20:45:00,u_00403,d_0082,ip_1664,m_0067,208.1,0
tx_001908,2025-01-20 21:00:00,u_00091,d_0949,ip_0004,m_0061,69.96,0
tx_001909,2025-01-20 21:15:00,u_02350,d_0774,ip_2030,m_0127,397.3,0
tx_001910,2025-01-20 21:30:00,u_00185,d_0379,ip_1914,m_0038,389.09,0
tx_001911,2025-01-20 21:45:00,ring_u_14_9,ring_d_14,ring_ip_14,ring_m_6,3948.47,1
tx_001912,2025-01-20 22:00:00,u_00007,d_1442,ip_0207,m_0080,66.15,0
tx_001913,2025-01-20 22:15:00,u_01943,d_0982,ip_2084,m_0215,253.27,0
tx_001914,2025-01-20 22:30:00,u_00821,d_0152,ip_1349,m_0047,395.38,0
tx_001915,2025-01-20 22:45:00,u_01294,d_0135,ip_1221,m_0195,19.83,0
tx_001916,2025-01-20 23:00:00,u_00705,d_0758,ip_0394,m_0061,196.7,0
tx_001917,2025-01-20 23:15:00,u_01226,d_1202,ip_1082,m_0084,16.48,0
tx_001918,2025-01-20 23:30:00,u_01128,d_0564,ip_0799,m_0123,85.75,0
tx_001919,2025-01-20 23:45:00,u_01324,d_0555,ip_2172,m_0037,443.04,0
tx_001920,2025-01-21 00:00:00,u_00983,d_1548,ip_0747,m_0037,3010.23,0
tx_001921,2025-01-21 00:15:00,u_01341,d_0025,ip_0479,m_0225,116.88,0
tx_001922,2025-01-21 00:30:00,u_02063,d_0143,ip_2082,m_0103,42.64,0
tx_001923,2025-01-21 00:45:00,ring_u_21_13,ring_d_21,ring_ip_21,ring_m_5,70.83,1
tx_001924,2025-01-21 01:00:00,u_00903,d_1770,ip_1989,m_0193,158.55,0
tx_001925,2025-01-21 01:15:00,u_00329,d_0895,ip_2119,m_0186,75.93,0
tx_001926,2025-01-21 01:30:00,u_00899,d_0284,ip_0676,m_0188,58.86,0
tx_001927,2025-01-21 01:45:00,u_00314,d_0558,ip_1516,m_0292,96.85,0
tx_001928,2025-01-21 02:00:00,u_00456,d_1744,ip_1752,m_0189,220.43,0
tx_001929,2025-01-21 02:15:00,u_02380,d_1249,ip_1179,m_0104,125.28,0
tx_001930,2025-01-21 02:30:00,u_00223,d_0402,ip_1533,m_0085,61.46,0
tx_001931,2025-01-21 02:45:00,u_01205,d_0433,ip_0290,m_0240,75.94,0
tx_001932,2025-01-21 03:00:00,u_02085,d_0134,ip_1135,m_0126,98.12,0
tx_001933,2025-01-21 03:15:00,u_02383,d_1391,ip_1129,m_0167,54.63,0
tx_001934,2025-01-21 03:30:00,u_00366,d_0247,ip_1246,m_0244,73.18,0
tx_001935,2025-01-21 03:45:00,u_00408,d_0515,ip_2077,m_0070,282.49,0
tx_001936,2025-01-21 04:00:00,u_00931,d_0627,ip_1814,m_0066,117.88,0
tx_001937,2025-01-21 04:15:00,u_01386,d_1117,ip_1326,m_0015,25.7,0
tx_001938,2025-01-21 04:30:00,u_02399,d_1091,ip_0887,m_0021,413.62,0
tx_001939,2025-01-21 04:45:00,u_00519,d_1438,ip_0890,m_0184,225.14,0
tx_001940,2025-01-21 05:00:00,u_00410,d_0535,ip_0044,m_0151,37.22,0
tx_001941,2025-01-21 05:15:00,u_00632,d_0694,ip_1212,m_0089,102.99,0
tx_001942,2025-01-21 05:30:00,u_02185,d_0699,ip_0555,m_0063,67.22,0
tx_001943,2025-01-21 05:45:00,u_00075,d_0084,ip_1949,m_0208,292.04,0
tx_001944,2025-01-21 06:00:00,u_00950,d_1327,ip_1701,m_0025,102.34,0
tx_001945,2025-01-21 06:15:00,u_00297,d_0963,ip_2008,m_0210,138.0,0
tx_001946,2025-01-21 06:30:00,u_00392,d_0856,ip_2190,m_0271,122.83,0
tx_001947,2025-01-21 06:45:00,u_02292,d_1791,ip_0880,m_0136,33.78,0
tx_001948,2025-01-21 07:00:00,u_00004,d_0321,ip_0942,m_0148,605.1,0
tx_001949,2025-01-21 07:15:00,u_00803,d_1744,ip_1337,m_0160,287.82,0
tx_001950,2025-01-21 07:30:00,u_02288,d_1224,ip_0947,m_0028,70.29,0
tx_001951,2025-01-21 07:45:00,u_01520,d_0397,ip_0614,m_0187,179.8,0
tx_001952,2025-01-21 08:00:00,u_00179,d_1221,ip_1555,m_0109,393.12,0
tx_001953,2025-01-21 08:15:00,u_01162,d_1360,ip_0992,m_0140,156.92,0
tx_001954,2025-01-21 08:30:00,u_02427,d_0652,ip_2072,m_0006,703.98,0
tx_001955,2025-01-21 08:45:00,u_01001,d_0620,ip_0483,m_0263,2745.86,0
tx_001956,2025-01-21 09:00:00,u_01321,d_1503,ip_0976,m_0100,130.83,0
tx_001957,2025-01-21 09:15:00,u_01329,d_0288,ip_1169,m_0022,82.89,0
tx_001958,2025-01-21 09:30:00,u_01651,d_0024,ip_1997,m_0234,55.18,0
tx_001959,2025-01-21 09:45:00,u_00468,d_1198,ip_1272,m_0293,16.22,0
tx_001960,2025-01-21 10:00:00,u_02099,d_1631,ip_0151,m_0155,517.05,0
tx_001961,2025-01-21 10:15:00,u_02471,d_0901,ip_0743,m_0010,104.22,0
tx_001962,2025-01-21 10:30:00,u_00356,d_0242,ip_1949,m_0297,356.15,0
tx_001963,2025-01-21 10:45:00,u_02045,d_0970,ip_0598,m_0062,435.48,0
tx_001964,2025-01-21 11:00:00,u_02042,d_0453,ip_0749,m_0072,50.35,0
tx_001965,2025-01-21 11:15:00,u_01854,d_1489,ip_0332,m_0212,58.51,0
tx_001966,2025-01-21 11:30:00,u_00927,d_1101,ip_1582,m_0099,849.53,0
tx_001967,2025-01-21 11:45:00,u_01171,d_0605,ip_0306,m_0025,138.37,0
tx_001968,2025-01-21 12:00:00,u_02098,d_1124,ip_0809,m_0204,76.69,0
tx_001969,2025-01-21 12:15:00,u_00382,d_1200,ip_1565,m_0078,52.19,0
tx_001970,2025-01-21 12:30:00,u_02071,d_1221,ip_1970,m_0258,128.84,0
tx_001971,2025-01-21 12:45:00,u_02301,d_0659,ip_0487,m_0046,670.41,0
tx_001972,2025-01-21 13:00:00,u_01704,d_1027,ip_0730,m_0271,294.55,0
tx_001973,2025-01-21 13:15:00,u_00853,d_0076,ip_0259,m_0217,178.0,0
tx_001974,2025-01-21 13:30:00,u_01397,d_0726,ip_0963,m_0071,726.71,0
tx_001975,2025-01-21 13:45:00,u_00125,d_0680,ip_2197,m_0173,599.31,0
tx_001976,2025-01-21 14:00:00,u_02329,d_0962,ip_0669,m_0281,207.29,0
tx_001977,2025-01-21 14:15:00,u_00856,d_1710,ip_0571,m_0019,2383.01,0
tx_001978,2025-01-21 14:30:00,u_00142,d_1716,ip_0879,m_0245,115.88,0
tx_001979,2025-01-21 14:45:00,u_01986,d_0869,ip_1971,m_0138,444.98,0
tx_001980,2025-01-21 15:00:00,u_01643,d_1163,ip_1203,m_0284,100.18,0
tx_001981,2025-01-21 15:15:00,ring_u_5_12,ring_d_5,ring_ip_5,ring_m_5,3556.89,1
tx_001982,2025-01-21 15:30:00,u_00135,d_0868,ip_1717,m_0215,115.77,0
tx_001983,2025-01-21 15:45:00,u_01877,d_1238,ip_1573,m_0290,235.42,0
tx_001984,2025-01-21 16:00:00,u_01593,d_1229,ip_1317,m_0103,1619.93,0
tx_001985,2025-01-21 16:15:00,u_01984,d_1734,ip_1234,m_0032,384.46,0
tx_001986,2025-01-21 16:30:00,u_02068,d_0839,ip_1173,m_0117,239.09,0
tx_001987,2025-01-21 16:45:00,u_00529,d_1634,ip_0397,m_0179,68.39,0
tx_001988,2025-01-21 17:00:00,u_00526,d_1761,ip_0911,m_0189,179.15,0
tx_001989,2025-01-21 17:15:00,u_02309,d_1029,ip_1863,m_0144,54.16,0
tx_001990,2025-01-21 17:30:00,u_01327,d_0164,ip_0086,m_0279,360.31,0
tx_001991,2025-01-21 17:45:00,u_01094,d_0677,ip_1821,m_0173,351.38,0
tx_001992,2025-01-21 18:00:00,u_00718,d_1376,ip_1245,m_0192,124.01,0
tx_001993,2025-01-21 18:15:00,u_01597,d_1045,ip_0769,m_0286,783.31,0
tx_001994,2025-01-21 18:30:00,u_01884,d_1685,ip_0250,m_0281,680.55,0
tx_001995,2025-01-21 18:45:00,u_00005,d_1468,ip_1680,m_0102,172.37,0
tx_001996,2025-01-21 19:00:00,u_01381,d_0113,ip_0001,m_0085,261.26,0
tx_001997,2025-01-21 19:15:00,u_02483,d_1550,ip_1194,m_0224,82.4,0
tx_001998,2025-01-21 19:30:00,u_00701,d_0643,ip_0357,m_0157,113.05,0
tx_001999,2025-01-21 19:45:00,u_00702,d_1473,ip_1999,m_0134,50.5,0
tx_002000,2025-01-21 20:00:00,u_02195,d_0914,ip_0401,m_0209,91.99,0
tx_002001,2025-01-21 20:15:00,u_00155,d_0819,ip_1766,m_0198,133.7,0
tx_002002,2025-01-21 20:30:00,u_00993,d_0130,ip_1262,m_0274,28.21,0
tx_002003,2025-01-21 20:45:00,u_01145,d_0213,ip_0090,m_0109,264.23,0
tx_002004,2025-01-21 21:00:00,u_01994,d_1071,ip_1584,m_0226,412.46,0
tx_002005,2025-01-21 21:15:00,u_00322,d_1024,ip_1934,m_0068,147.24,0
tx_002006,2025-01-21 21:30:00,ring_u_0_4,ring_d_0,ring_ip_0,ring_m_0,123.7,1
tx_002007,2025-01-21 21:45:00,u_00380,d_0281,ip_2130,m_0025,115.24,0
tx_002008,2025-01-21 22:00:00,u_01969,d_0917,ip_1756,m_0225,36.84,0
tx_002009,2025-01-21 22:15:00,u_01580,d_0109,ip_1632,m_0030,80.67,0
tx_002010,2025-01-21 22:30:00,u_01241,d_0259,ip_0739,m_0264,633.93,0
tx_002011,2025-01-21 22:45:00,u_00982,d_0897,ip_0263,m_0287,13.01,0
tx_002012,2025-01-21 23:00:00,u_00382,d_1110,ip_0944,m_0245,65.6,0
tx_002013,2025-01-21 23:15:00,u_02304,d_1179,ip_1776,m_0236,340.21,0
tx_002014,2025-01-21 23:30:00,u_01619,d_1767,ip_1290,m_0143,73.56,0
tx_002015,2025-01-21 23:45:00,ring_u_7_9,ring_d_7,ring_ip_7,ring_m_7,1072.92,1
tx_002016,2025-01-22 00:00:00,u_01034,d_0683,ip_1718,m_0295,1132.75,0
tx_002017,2025-01-22 00:15:00,u_01815,d_1409,ip_0745,m_0158,216.67,0
tx_002018,2025-01-22 00:30:00,u_01798,d_0172,ip_0082,m_0244,377.78,0
tx_002019,2025-01-22 00:45:00,u_01152,d_1543,ip_1944,m_0214,243.39,0
tx_002020,2025-01-22 01:00:00,u_00757,d_0695,ip_1349,m_0210,174.46,0
tx_002021,2025-01-22 01:15:00,u_01649,d_1368,ip_1244,m_0105,525.33,0
tx_002022,2025-01-22 01:30:00,u_01645,d_1747,ip_1261,m_0128,997.59,0
tx_002023,2025-01-22 01:45:00,u_01499,d_1265,ip_1876,m_0131,27.56,0
tx_002024,2025-01-22 02:00:00,u_00182,d_1656,ip_1692,m_0180,143.26,0
tx_002025,2025-01-22 02:15:00,u_01181,d_0018,ip_1474,m_0215,142.14,0
tx_002026,2025-01-22 02:30:00,u_01534,d_0306,ip_1720,m_0059,96.61,0
tx_002027,2025-01-22 02:45:00,u_02375,d_1126,ip_0634,m_0068,395.86,0
tx_002028,2025-01-22 03:00:00,u_01313,d_0973,ip_1565,m_0014,191.88,0
tx_002029,2025-01-22 03:15:00,u_00856,d_0216,ip_2145,m_0157,1017.88,0
tx_002030,2025-01-22 03:30:00,u_01389,d_1293,ip_0516,m_0200,445.98,0
tx_002031,2025-01-22 03:45:00,u_00443,d_0105,ip_1256,m_0063,580.97,0
tx_002032,2025-01-22 04:00:00,u_00226,d_1783,ip_1498,m_0213,44.74,0
tx_002033,2025-01-22 04:15:00,u_01695,d_0281,ip_1136,m_0000,66.28,0
tx_002034,2025-01-22 04:30:00,u_02465,d_0801,ip_2131,m_0259,71.97,0
tx_002035,2025-01-22 04:45:00,u_02115,d_1481,ip_0887,m_0207,557.31,0
tx_002036,2025-01-22 05:00:00,u_01459,d_0925,ip_0479,m_0204,56.42,0
tx_002037,2025-01-22 05:15:00,u_00100,d_1338,ip_0299,m_0212,58.09,0
tx_002038,2025-01-22 05:30:00,u_02469,d_1266,ip_1868,m_0107,48.36,0
tx_002039,2025-01-22 05:45:00,u_01124,d_1707,ip_1509,m_0298,2328.61,0
tx_002040,2025-01-22 06:00:00,u_00724,d_0835,ip_1271,m_0223,128.74,0
tx_002041,2025-01-22 06:15:00,u_02231,d_1762,ip_0947,m_0054,252.12,0
tx_002042,2025-01-22 06:30:00,u_01866,d_0930,ip_0901,m_0276,47.44,0
tx_002043,2025-01-22 06:45:00,u_01874,d_1607,ip_2056,m_0221,387.32,0
tx_002044,2025-01-22 07:00:00,u_00694,d_1318,ip_1496,m_0093,25.19,0
tx_002045,2025-01-22 07:15:00,u_02479,d_0239,ip_2123,m_0284,55.76,0
tx_002046,2025-01-22 07:30:00,u_01132,d_1158,ip_1763,m_0074,71.42,0
tx_002047,2025-01-22 07:45:00,u_01328,d_1581,ip_1688,m_0193,184.73,0
tx_002048,2025-01-22 08:00:00,u_01877,d_0231,ip_1218,m_0201,67.15,0
tx_002049,2025-01-22 08:15:00,u_01649,d_1509,ip_0533,m_0288,681.3,0
tx_002050,2025-01-22 08:30:00,u_00430,d_0189,ip_1437,m_0171,245.48,0
tx_002051,2025-01-22 08:45:00,u_00756,d_1567,ip_1575,m_0298,74.47,0
tx_002052,2025-01-22 09:00:00,u_00902,d_1420,ip_1148,m_0085,402.47,0
tx_002053,2025-01-22 09:15:00,u_02368,d_0273,ip_0044,m_0240,100.15,0
tx_002054,2025-01-22 09:30:00,u_01786,d_1307,ip_2112,m_0073,82.23,0
tx_002055,2025-01-22 09:45:00,u_00915,d_0210,ip_1818,m_0299,363.51,0
tx_002056,2025-01-22 10:00:00,u_01836,d_1022,ip_0774,m_0229,12.77,0
tx_002057,2025-01-22 10:15:00,u_01846,d_1662,ip_1085,m_0187,309.46,0
tx_002058,2025-01-22 10:30:00,u_00985,d_0370,ip_0271,m_0019,72.74,0
tx_002059,2025-01-22 10:45:00,u_01007,d_0312,ip_2060,m_0149,72.63,0
tx_002060,2025-01-22 11:00:00,u_02235,d_0761,ip_0507,m_0043,1051.67,0
tx_002061,2025-01-22 11:15:00,u_01404,d_0663,ip_0831,m_0275,87.25,0
tx_002062,2025-01-22 11:30:00,u_00373,d_0087,ip_0942,m_0113,386.03,0
tx_002063,2025-01-22 11:45:00,u_01799,d_0820,ip_0578,m_0249,196.22,0
tx_002064,2025-01-22 12:00:00,u_01473,d_0467,ip_1396,m_0271,217.67,0
tx_002065,2025-01-22 12:15:00,u_01272,d_0223,ip_2189,m_0033,115.52,0
tx_002066,2025-01-22 12:30:00,u_01812,d_0496,ip_1881,m_0227,109.65,0
tx_002067,2025-01-22 12:45:00,u_02267,d_0037,ip_1167,m_0090,684.02,0
tx_002068,2025-01-22 13:00:00,u_00826,d_1647,ip_0288,m_0032,376.33,0
tx_002069,2025-01-22 13:15:00,u_01048,d_1789,ip_1899,m_0078,90.05,0
tx_002070,2025-01-22 13:30:00,u_00473,d_0661,ip_0564,m_0164,52.15,0
tx_002071,2025-01-22 13:45:00,u_01617,d_1577,ip_2004,m_0256,82.73,0
tx_002072,2025-01-22 14:00:00,u_01006,d_0830,ip_0869,m_0207,396.03,0
tx_002073,2025-01-22 14:15:00,u_00855,d_1642,ip_1140,m_0069,482.36,0
tx_002074,2025-01-22 14:30:00,u_01741,d_0311,ip_0960,m_0088,258.51,0
tx_002075,2025-01-22 14:45:00,u_01020,d_0512,ip_1002,m_0091,29.47,0
tx_002076,2025-01-22 15:00:00,u_01160,d_1331,ip_0362,m_0220,315.38,0
tx_002077,2025-01-22 15:15:00,u_01100,d_0396,ip_1216,m_0155,546.52,0
tx_002078,2025-01-22 15:30:00,u_00646,d_1482,ip_0886,m_0007,176.54,0
tx_002079,2025-01-22 15:45:00,u_00314,d_0766,ip_1865,m_0022,1074.71,0
tx_002080,2025-01-22 16:00:00,u_02068,d_0727,ip_1049,m_0022,39.61,0
tx_002081,2025-01-22 16:15:00,u_00229,d_0815,ip_2122,m_0288,294.36,0
tx_002082,2025-01-22 16:30:00,u_00812,d_1436,ip_0652,m_0151,53.51,0
tx_002083,2025-01-22 16:45:00,u_01668,d_0010,ip_0722,m_0147,427.75,0
tx_002084,2025-01-22 17:00:00,u_00328,d_1351,ip_0080,m_0228,273.93,0
tx_002085,2025-01-22 17:15:00,u_01638,d_1402,ip_1624,m_0057,899.07,0
tx_002086,2025-01-22 17:30:00,u_01832,d_1478,ip_0161,m_0009,244.62,0
tx_002087,2025-01-22 17:45:00,u_01657,d_1794,ip_0627,m_0081,99.09,0
tx_002088,2025-01-22 18:00:00,u_00762,d_1408,ip_2003,m_0062,90.82,0
tx_002089,2025-01-22 18:15:00,u_00049,d_0951,ip_1344,m_0239,115.56,0
tx_002090,2025-01-22 18:30:00,u_02218,d_0839,ip_1229,m_0245,89.06,0
tx_002091,2025-01-22 18:45:00,u_00816,d_0698,ip_1770,m_0190,570.84,0
tx_002092,2025-01-22 19:00:00,u_02012,d_1488,ip_1697,m_0272,531.47,0
tx_002093,2025-01-22 19:15:00,u_00494,d_0706,ip_1950,m_0139,33.23,0
tx_002094,2025-01-22 19:30:00,u_00406,d_1030,ip_1463,m_0072,154.22,0
tx_002095,2025-01-22 19:45:00,u_01945,d_0172,ip_0987,m_0099,157.98,0
tx_002096,2025-01-22 20:00:00,ring_u_19_11,ring_d_19,ring_ip_19,ring_m_3,571.16,1
tx_002097,2025-01-22 20:15:00,u_02151,d_0479,ip_0813,m_0270,230.04,0
tx_002098,2025-01-22 20:30:00,u_01878,d_0783,ip_1551,m_0181,639.61,0
tx_002099,2025-01-22 20:45:00,u_00616,d_0903,ip_0557,m_0231,362.06,0
tx_002100,2025-01-22 21:00:00,u_02283,d_1289,ip_1476,m_0084,570.82,0
tx_002101,2025-01-22 21:15:00,u_01669,d_0777,ip_0293,m_0215,72.35,0
tx_002102,2025-01-22 21:30:00,u_00430,d_0270,ip_0132,m_0099,153.93,0
tx_002103,2025-01-22 21:45:00,u_00323,d_0981,ip_0802,m_0133,69.02,0
tx_002104,2025-01-22 22:00:00,u_02177,d_0098,ip_0505,m_0195,188.56,0
tx_002105,2025-01-22 22:15:00,u_00687,d_1528,ip_1918,m_0294,206.32,0
tx_002106,2025-01-22 22:30:00,u_01914,d_1387,ip_0832,m_0167,387.55,0
tx_002107,2025-01-22 22:45:00,u_00346,d_0405,ip_0921,m_0213,551.97,0
tx_002108,2025-01-22 23:00:00,u_00701,d_0473,ip_0887,m_0178,295.59,0
tx_002109,2025-01-22 23:15:00,u_00708,d_0049,ip_0698,m_0127,62.79,0
tx_002110,2025-01-22 23:30:00,ring_u_4_1,ring_d_4,ring_ip_4,ring_m_4,684.59,1
tx_002111,2025-01-22 23:45:00,u_01686,d_0068,ip_1626,m_0288,249.64,0
tx_002112,2025-01-23 00:00:00,u_02285,d_1685,ip_0349,m_0093,665.49,0
tx_002113,2025-01-23 00:15:00,u_02275,d_0241,ip_0474,m_0268,144.78,0
tx_002114,2025-01-23 00:30:00,u_01853,d_1186,ip_0178,m_0135,32.22,0
tx_002115,2025-01-23 00:45:00,u_00506,d_1026,ip_0563,m_0221,1193.63,0
tx_002116,2025-01-23 01:00:00,u_02401,d_0426,ip_1444,m_0155,242.11,0
tx_002117,2025-01-23 01:15:00,u_01355,d_1454,ip_2058,m_0230,176.12,0
tx_002118,2025-01-23 01:30:00,u_01364,d_0195,ip_1059,m_0261,46.16,0
tx_002119,2025-01-23 01:45:00,u_01753,d_1596,ip_0179,m_0127,150.84,0
tx_002120,2025-01-23 02:00:00,u_01922,d_1332,ip_0104,m_0210,294.97,0
tx_002121,2025-01-23 02:15:00,u_02382,d_1143,ip_0912,m_0152,245.43,0
tx_002122,2025-01-23 02:30:00,u_01455,d_1583,ip_0582,m_0239,75.2,0
tx_002123,2025-01-23 02:45:00,u_01525,d_0725,ip_1268,m_0057,140.18,0
tx_002124,2025-01-23 03:00:00,u_01863,d_0506,ip_0260,m_0218,80.16,0
tx_002125,2025-01-23 03:15:00,u_00637,d_0278,ip_0506,m_0178,783.81,0
tx_002126,2025-01-23 03:30:00,ring_u_11_7,ring_d_11,ring_ip_11,ring_m_3,3849.94,1
tx_002127,2025-01-23 03:45:00,u_01563,d_0722,ip_0618,m_0110,87.85,0
tx_002128,2025-01-23 04:00:00,u_00160,d_1492,ip_0802,m_0210,46.13,0
tx_002129,2025-01-23 04:15:00,u_00801,d_0598,ip_0488,m_0104,195.94,0
tx_002130,2025-01-23 04:30:00,u_01794,d_1718,ip_0113,m_0009,90.67,0
tx_002131,2025-01-23 04:45:00,u_02440,d_1566,ip_0759,m_0284,97.68,0
tx_002132,2025-01-23 05:00:00,u_01298,d_0554,ip_0725,m_0134,47.69,0
tx_002133,2025-01-23 05:15:00,u_00999,d_0876,ip_1976,m_0049,53.98,0
tx_002134,2025-01-23 05:30:00,u_01100,d_1429,ip_1963,m_0067,174.63,0
tx_002135,2025-01-23 05:45:00,u_01713,d_0407,ip_0949,m_0248,113.65,0
tx_002136,2025-01-23 06:00:00,u_01361,d_0042,ip_0633,m_0099,1801.75,0
tx_002137,2025-01-23 06:15:00,u_00058,d_0519,ip_0919,m_0084,268.88,0
tx_002138,2025-01-23 06:30:00,u_01348,d_1063,ip_1337,m_0146,46.91,0
tx_002139,2025-01-23 06:45:00,u_01000,d_0245,ip_0850,m_0008,31.96,0
tx_002140,2025-01-23 07:00:00,u_01752,d_0600,ip_1663,m_0168,221.0,0
tx_002141,2025-01-23 07:15:00,u_02187,d_1653,ip_2121,m_0012,99.8,0
tx_002142,2025-01-23 07:30:00,u_02406,d_0135,ip_0887,m_0250,561.98,0
tx_002143,2025-01-23 07:45:00,u_01525,d_0090,ip_0258,m_0128,196.74,0
tx_002144,2025-01-23 08:00:00,u_00906,d_0762,ip_0265,m_0065,20.44,0
tx_002145,2025-01-23 08:15:00,ring_u_16_12,ring_d_16,ring_ip_16,ring_m_0,1175.64,1
tx_002146,2025-01-23 08:30:00,u_00441,d_0050,ip_0915,m_0052,75.54,0
tx_002147,2025-01-23 08:45:00,u_02339,d_0329,ip_0719,m_0096,230.91,0
tx_002148,2025-01-23 09:00:00,u_02118,d_0184,ip_1362,m_0039,51.79,0
tx_002149,2025-01-23 09:15:00,u_02134,d_1459,ip_2104,m_0200,172.92,0
tx_002150,2025-01-23 09:30:00,u_00820,d_0220,ip_0934,m_0292,39.01,0
tx_002151,2025-01-23 09:45:00,u_00805,d_0942,ip_0693,m_0145,149.33,0
tx_002152,2025-01-23 10:00:00,ring_u_22_0,ring_d_22,ring_ip_22,ring_m_6,609.72,1
tx_002153,2025-01-23 10:15:00,u_01361,d_1126,ip_0182,m_0022,640.03,0
tx_002154,2025-01-23 10:30:00,u_01761,d_1176,ip_1857,m_0249,189.72,0
tx_002155,2025-01-23 10:45:00,u_01224,d_0643,ip_1144,m_0104,65.58,0
tx_002156,2025-01-23 11:00:00,u_01106,d_1599,ip_0044,m_0088,660.51,0
tx_002157,2025-01-23 11:15:00,u_01580,d_0123,ip_0501,m_0030,123.57,0
tx_002158,2025-01-23 11:30:00,u_02032,d_0193,ip_1494,m_0199,321.68,0
tx_002159,2025-01-23 11:45:00,u_00835,d_1541,ip_1656,m_0018,80.41,0
tx_002160,2025-01-23 12:00:00,u_02022,d_0123,ip_0430,m_0271,162.52,0
tx_002161,2025-01-23 12:15:00,u_00610,d_0345,ip_1446,m_0062,66.6,0
tx_002162,2025-01-23 12:30:00,u_01007,d_0311,ip_2176,m_0020,204.85,0
tx_002163,2025-01-23 12:45:00,u_02281,d_0059,ip_1510,m_0210,331.57,0
tx_002164,2025-01-23 13:00:00,u_02386,d_0210,ip_1545,m_0106,90.49,0
tx_002165,2025-01-23 13:15:00,u_02309,d_1030,ip_0425,m_0208,85.54,0
tx_002166,2025-01-23 13:30:00,u_00790,d_1190,ip_1402,m_0011,212.05,0
tx_002167,2025-01-23 13:45:00,u_02108,d_0149,ip_1558,m_0258,65.04,0
tx_002168,2025-01-23 14:00:00,u_02340,d_1696,ip_0243,m_0092,32.53,0
tx_002169,2025-01-23 14:15:00,u_02445,d_0172,ip_0684,m_0226,211.28,0
tx_002170,2025-01-23 14:30:00,u_00052,d_1236,ip_1941,m_0280,133.26,0
tx_002171,2025-01-23 14:45:00,u_01862,d_1440,ip_2197,m_0160,130.47,0
tx_002172,2025-01-23 15:00:00,u_02491,d_0937,ip_0381,m_0100,249.9,0
tx_002173,2025-01-23 15:15:00,u_01911,d_0884,ip_1609,m_0093,287.36,0
tx_002174,2025-01-23 15:30:00,u_00582,d_0196,ip_1103,m_0205,126.34,0
tx_002175,2025-01-23 15:45:00,u_01906,d_0434,ip_1298,m_0001,48.3,0
tx_002176,2025-01-23 16:00:00,u_00263,d_1531,ip_1124,m_0044,78.37,0
tx_002177,2025-01-23 16:15:00,u_01201,d_0627,ip_1907,m_0194,266.39,0
tx_002178,2025-01-23 16:30:00,u_01565,d_0062,ip_0979,m_0007,170.1,0
tx_002179,2025-01-23 16:45:00,u_01141,d_1312,ip_1296,m_0086,85.65,0
tx_002180,2025-01-23 17:00:00,u_01749,d_1230,ip_1472,m_0194,67.74,0
tx_002181,2025-01-23 17:15:00,u_00600,d_0119,ip_1216,m_0075,275.29,0
tx_002182,2025-01-23 17:30:00,u_01515,d_0091,ip_1935,m_0279,118.91,0
tx_002183,2025-01-23 17:45:00,ring_u_11_12,ring_d_11,ring_ip_11,ring_m_3,4715.28,1
tx_002184,2025-01-23 18:00:00,u_01584,d_0091,ip_2085,m_0010,357.57,0
tx_002185,2025-01-23 18:15:00,u_00723,d_1109,ip_1491,m_0052,108.54,0
tx_002186,2025-01-23 18:30:00,u_00763,d_0238,ip_2112,m_0272,383.62,0
tx_002187,2025-01-23 18:45:00,u_00644,d_1092,ip_0824,m_0009,170.44,0
tx_002188,2025-01-23 19:00:00,u_01154,d_0317,ip_1053,m_0145,193.98,0
tx_002189,2025-01-23 19:15:00,u_01464,d_1750,ip_0094,m_0284,16.63,0
tx_002190,2025-01-23 19:30:00,u_00906,d_1306,ip_2032,m_0176,56.21,0
tx_002191,2025-01-23 19:45:00,u_01024,d_0674,ip_1795,m_0091,59.34,0
tx_002192,2025-01-23 20:00:00,u_00716,d_0771,ip_0651,m_0001,107.92,0
tx_002193,2025-01-23 20:15:00,u_00547,d_0117,ip_0114,m_0118,166.39,0
tx_002194,2025-01-23 20:30:00,u_01643,d_0098,ip_1533,m_0162,173.34,0
tx_002195,2025-01-23 20:45:00,u_02040,d_0967,ip_1479,m_0024,197.5,0
tx_002196,2025-01-23 21:00:00,u_00726,d_0040,ip_1160,m_0158,74.82,0
tx_002197,2025-01-23 21:15:00,u_02151,d_1149,ip_0344,m_0121,296.3,0
tx_002198,2025-01-23 21:30:00,u_01427,d_0688,ip_2020,m_0097,906.23,0
tx_002199,2025-01-23 21:45:00,u_00419,d_0251,ip_0951,m_0291,104.24,0
tx_002200,2025-01-23 22:00:00,u_00914,d_0964,ip_1594,m_0268,76.43,0
tx_002201,2025-01-23 22:15:00,u_00018,d_0995,ip_1890,m_0208,74.79,0
tx_002202,2025-01-23 22:30:00,u_00097,d_1343,ip_1206,m_0177,161.66,0
tx_002203,2025-01-23 22:45:00,u_00840,d_0355,ip_0207,m_0142,87.73,0
tx_002204,2025-01-23 23:00:00,u_01136,d_0985,ip_1952,m_0021,26.3,0
tx_002205,2025-01-23 23:15:00,u_01993,d_1520,ip_1467,m_0092,34.58,0
tx_002206,2025-01-23 23:30:00,u_00335,d_0485,ip_1967,m_0003,411.66,0
tx_002207,2025-01-23 23:45:00,u_02097,d_1503,ip_1347,m_0109,534.75,0
tx_002208,2025-01-24 00:00:00,u_00586,d_1302,ip_1996,m_0142,735.01,0
tx_002209,2025-01-24 00:15:00,u_00345,d_0773,ip_1908,m_0183,186.1,0
tx_002210,2025-01-24 00:30:00,u_01749,d_1589,ip_0474,m_0106,55.1,0
tx_002211,2025-01-24 00:45:00,u_01935,d_1740,ip_0380,m_0076,95.77,0
tx_002212,2025-01-24 01:00:00,u_01512,d_0426,ip_0352,m_0213,33.4,0
tx_002213,2025-01-24 01:15:00,u_00289,d_1763,ip_1759,m_0045,32.14,0
tx_002214,2025-01-24 01:30:00,u_00288,d_0004,ip_0528,m_0037,191.57,0
tx_002215,2025-01-24 01:45:00,u_00975,d_0232,ip_0990,m_0208,254.43,0
tx_002216,2025-01-24 02:00:00,u_01126,d_0077,ip_1733,m_0175,1051.92,0
tx_002217,2025-01-24 02:15:00,u_02496,d_0661,ip_0943,m_0260,136.58,0
tx_002218,2025-01-24 02:30:00,u_00716,d_1686,ip_0136,m_0221,38.17,0
tx_002219,2025-01-24 02:45:00,u_00481,d_1080,ip_0795,m_0270,131.38,0
tx_002220,2025-01-24 03:00:00,u_02364,d_1109,ip_0208,m_0199,111.89,0
tx_002221,2025-01-24 03:15:00,u_00384,d_0152,ip_0848,m_0252,90.81,0
tx_002222,2025-01-24 03:30:00,u_00066,d_0929,ip_1620,m_0050,209.3,0
tx_002223,2025-01-24 03:45:00,u_01057,d_0688,ip_1143,m_0159,44.06,0
tx_002224,2025-01-24 04:00:00,u_01002,d_0862,ip_1484,m_0283,169.14,0
tx_002225,2025-01-24 04:15:00,u_01549,d_0470,ip_0234,m_0236,284.74,0
tx_002226,2025-01-24 04:30:00,u_02194,d_0362,ip_1650,m_0120,613.84,0
tx_002227,2025-01-24 04:45:00,u_02332,d_1713,ip_0935,m_0277,202.43,0
tx_002228,2025-01-24 05:00:00,u_00724,d_1005,ip_0631,m_0093,421.21,0
tx_002229,2025-01-24 05:15:00,ring_u_16_17,ring_d_16,ring_ip_16,ring_m_0,874.78,1
tx_002230,2025-01-24 05:30:00,u_01581,d_0132,ip_0296,m_0238,109.48,0
tx_002231,2025-01-24 05:45:00,u_00174,d_1372,ip_1096,m_0123,571.26,0
tx_002232,2025-01-24 06:00:00,u_02346,d_0850,ip_0928,m_0010,37.65,0
tx_002233,2025-01-24 06:15:00,u_00344,d_0696,ip_0364,m_0061,99.17,0
tx_002234,2025-01-24 06:30:00,ring_u_6_3,ring_d_6,ring_ip_6,ring_m_6,130.8,1
tx_002235,2025-01-24 06:45:00,u_01976,d_0237,ip_0798,m_0299,120.17,0
tx_002236,2025-01-24 07:00:00,u_00623,d_0959,ip_0089,m_0254,111.54,0
tx_002237,2025-01-24 07:15:00,u_00676,d_1553,ip_0974,m_0278,113.83,0
tx_002238,2025-01-24 07:30:00,u_01190,d_0835,ip_2126,m_0054,166.86,0
tx_002239,2025-01-24 07:45:00,ring_u_12_11,ring_d_12,ring_ip_12,ring_m_4,101.74,1
tx_002240,2025-01-24 08:00:00,u_00559,d_0413,ip_1400,m_0169,373.99,0
tx_002241,2025-01-24 08:15:00,u_01658,d_0100,ip_1981,m_0088,150.12,0
tx_002242,2025-01-24 08:30:00,u_01131,d_0900,ip_0184,m_0200,442.48,0
tx_002243,2025-01-24 08:45:00,u_00279,d_0655,ip_1210,m_0285,208.89,0
tx_002244,2025-01-24 09:00:00,u_01777,d_0238,ip_0705,m_0138,350.42,0
tx_002245,2025-01-24 09:15:00,u_02081,d_1236,ip_1488,m_0008,53.07,0
tx_002246,2025-01-24 09:30:00,u_01439,d_0317,ip_1876,m_0252,844.34,0
tx_002247,2025-01-24 09:45:00,u_00440,d_0615,ip_0169,m_0056,184.97,0
tx_002248,2025-01-24 10:00:00,ring_u_9_13,ring_d_9,ring_ip_9,ring_m_1,123.07,1
tx_002249,2025-01-24 10:15:00,u_01058,d_0119,ip_2099,m_0185,780.18,0
tx_002250,2025-01-24 10:30:00,u_01266,d_0445,ip_1082,m_0239,149.17,0
tx_002251,2025-01-24 10:45:00,u_01380,d_0572,ip_0693,m_0237,99.93,0
tx_002252,2025-01-24 11:00:00,u_00609,d_0915,ip_0334,m_0260,80.99,0
tx_002253,2025-01-24 11:15:00,u_01251,d_0440,ip_0779,m_0265,230.33,0
tx_002254,2025-01-24 11:30:00,u_00737,d_1746,ip_0010,m_0038,61.04,0
tx_002255,2025-01-24 11:45:00,ring_u_4_15,ring_d_4,ring_ip_4,ring_m_4,1009.13,1
tx_002256,2025-01-24 12:00:00,u_01991,d_1706,ip_0402,m_0216,85.38,0
tx_002257,2025-01-24 12:15:00,u_01631,d_0962,ip_0186,m_0117,110.8,0
tx_002258,2025-01-24 12:30:00,ring_u_11_1,ring_d_11,ring_ip_11,ring_m_3,4222.09,1
tx_002259,2025-01-24 12:45:00,ring_u_16_1,ring_d_16,ring_ip_16,ring_m_0,465.86,1
tx_002260,2025-01-24 13:00:00,u_00059,d_0185,ip_2068,m_0135,194.62,0
tx_002261,2025-01-24 13:15:00,u_02498,d_0517,ip_0529,m_0008,219.87,0
tx_002262,2025-01-24 13:30:00,u_00079,d_0599,ip_0634,m_0182,273.31,0
tx_002263,2025-01-24 13:45:00,u_01291,d_1154,ip_0621,m_0259,135.22,0
tx_002264,2025-01-24 14:00:00,u_00264,d_0560,ip_1228,m_0245,53.5,0
tx_002265,2025-01-24 14:15:00,u_00237,d_1305,ip_0399,m_0101,902.5,0
tx_002266,2025-01-24 14:30:00,u_01708,d_0528,ip_0518,m_0203,375.23,0
tx_002267,2025-01-24 14:45:00,u_01819,d_0474,ip_2144,m_0059,744.58,0
tx_002268,2025-01-24 15:00:00,u_00295,d_0495,ip_0774,m_0190,417.61,0
tx_002269,2025-01-24 15:15:00,u_02441,d_0592,ip_1718,m_0122,93.66,0
tx_002270,2025-01-24 15:30:00,u_00801,d_1507,ip_0503,m_0278,14.18,0
tx_002271,2025-01-24 15:45:00,u_00795,d_0444,ip_2045,m_0213,43.42,0
tx_002272,2025-01-24 16:00:00,u_00742,d_0491,ip_1526,m_0021,280.49,0
tx_002273,2025-01-24 16:15:00,u_01153,d_1722,ip_1895,m_0261,134.06,0
tx_002274,2025-01-24 16:30:00,u_00444,d_1176,ip_1136,m_0217,97.53,0
tx_002275,2025-01-24 16:45:00,u_01061,d_0342,ip_1993,m_0064,12.24,0
tx_002276,2025-01-24 17:00:00,u_00524,d_1562,ip_0797,m_0084,146.48,0
tx_002277,2025-01-24 17:15:00,u_00128,d_0329,ip_1053,m_0051,50.31,0
tx_002278,2025-01-24 17:30:00,u_00921,d_0291,ip_0135,m_0093,71.92,0
tx_002279,2025-01-24 17:45:00,u_01680,d_0801,ip_0375,m_0283,347.27,0
tx_002280,2025-01-24 18:00:00,u_01907,d_1244,ip_1696,m_0270,53.03,0
tx_002281,2025-01-24 18:15:00,u_00883,d_0340,ip_0719,m_0165,58.34,0
tx_002282,2025-01-24 18:30:00,u_00809,d_1355,ip_0224,m_0108,178.68,0
tx_002283,2025-01-24 18:45:00,u_01968,d_0282,ip_0643,m_0109,355.09,0
tx_002284,2025-01-24 19:00:00,u_01702,d_1407,ip_0776,m_0287,99.22,0
tx_002285,2025-01-24 19:15:00,u_02080,d_0172,ip_1577,m_0059,643.69,0
tx_002286,2025-01-24 19:30:00,u_02265,d_0835,ip_0199,m_0227,41.32,0
tx_002287,2025-01-24 19:45:00,ring_u_6_4,ring_d_6,ring_ip_6,ring_m_6,87.06,1
tx_002288,2025-01-24 20:00:00,u_02341,d_0478,ip_1593,m_0256,31.84,0
tx_002289,2025-01-24 20:15:00,u_01041,d_1101,ip_0312,m_0215,28.44,0
tx_002290,2025-01-24 20:30:00,u_00986,d_1239,ip_0923,m_0269,207.79,0
tx_002291,2025-01-24 20:45:00,u_00803,d_1170,ip_1502,m_0065,55.82,0
tx_002292,2025-01-24 21:00:00,u_00588,d_0714,ip_1131,m_0295,36.23,0
tx_002293,2025-01-24 21:15:00,u_01872,d_1391,ip_0271,m_0027,216.98,0
tx_002294,2025-01-24 21:30:00,u_01786,d_1316,ip_1588,m_0004,338.31,0
tx_002295,2025-01-24 21:45:00,u_02003,d_0587,ip_0106,m_0059,424.48,0
tx_002296,2025-01-24 22:00:00,u_00418,d_1320,ip_0511,m_0182,356.13,0
tx_002297,2025-01-24 22:15:00,u_01228,d_1653,ip_0240,m_0074,59.26,0
tx_002298,2025-01-24 22:30:00,u_00554,d_1470,ip_1127,m_0190,195.6,0
tx_002299,2025-01-24 22:45:00,u_02232,d_1319,ip_1519,m_0033,243.93,0
tx_002300,2025-01-24 23:00:00,u_00668,d_1379,ip_1429,m_0209,92.31,0
tx_002301,2025-01-24 23:15:00,ring_u_2_2,ring_d_2,ring_ip_2,ring_m_2,1673.75,1
tx_002302,2025-01-24 23:30:00,u_01424,d_0520,ip_0755,m_0157,42.45,0
tx_002303,2025-01-24 23:45:00,u_02197,d_1297,ip_0321,m_0035,79.23,0
tx_002304,2025-01-25 00:00:00,u_02289,d_0358,ip_0753,m_0291,215.25,0
tx_002305,2025-01-25 00:15:00,u_00240,d_0645,ip_0506,m_0113,670.18,0
tx_002306,2025-01-25 00:30:00,u_00814,d_1682,ip_1628,m_0181,469.39,0
tx_002307,2025-01-25 00:45:00,u_00383,d_0509,ip_1652,m_0145,287.4,0
tx_002308,2025-01-25 01:00:00,u_00769,d_1518,ip_1800,m_0178,160.73,0
tx_002309,2025-01-25 01:15:00,u_01334,d_0760,ip_0440,m_0136,137.66,0
tx_002310,2025-01-25 01:30:00,u_00701,d_0377,ip_0029,m_0021,34.9,0
tx_002311,2025-01-25 01:45:00,u_00168,d_0174,ip_0077,m_0248,64.36,0
tx_002312,2025-01-25 02:00:00,u_01275,d_0986,ip_1855,m_0192,66.5,0
tx_002313,2025-01-25 02:15:00,u_00132,d_0812,ip_1992,m_0076,263.69,0
tx_002314,2025-01-25 02:30:00,u_00566,d_0920,ip_0465,m_0025,381.82,0
tx_002315,2025-01-25 02:45:00,u_00001,d_0077,ip_1927,m_0266,310.0,0
tx_002316,2025-01-25 03:00:00,u_00217,d_0482,ip_1165,m_0099,484.28,0
tx_002317,2025-01-25 03:15:00,u_01090,d_0007,ip_0406,m_0272,159.53,0
tx_002318,2025-01-25 03:30:00,u_02126,d_0544,ip_0688,m_0229,55.54,0
tx_002319,2025-01-25 03:45:00,u_01936,d_1676,ip_0583,m_0287,141.18,0
tx_002320,2025-01-25 04:00:00,u_00247,d_0274,ip_1679,m_0197,71.89,0
tx_002321,2025-01-25 04:15:00,u_00087,d_1240,ip_0414,m_0054,286.53,0
tx_002322,2025-01-25 04:30:00,u_00845,d_0010,ip_0402,m_0010,103.64,0
tx_002323,2025-01-25 04:45:00,u_01630,d_1011,ip_1582,m_0073,134.49,0
tx_002324,2025-01-25 05:00:00,u_01866,d_1657,ip_0664,m_0131,296.97,0
tx_002325,2025-01-25 05:15:00,u_02057,d_0613,ip_0550,m_0187,70.73,0
tx_002326,2025-01-25 05:30:00,u_00855,d_0354,ip_1777,m_0268,389.15,0
tx_002327,2025-01-25 05:45:00,u_00420,d_1026,ip_2049,m_0042,38.57,0
tx_002328,2025-01-25 06:00:00,u_00065,d_0502,ip_1221,m_0190,201.65,0
tx_002329,2025-01-25 06:15:00,u_00367,d_1604,ip_1820,m_0025,135.52,0
tx_002330,2025-01-25 06:30:00,u_00162,d_1528,ip_1850,m_0144,339.46,0
tx_002331,2025-01-25 06:45:00,u_02152,d_1174,ip_1294,m_0022,37.55,0
tx_002332,2025-01-25 07:00:00,u_00671,d_1150,ip_1825,m_0112,32.11,0
tx_002333,2025-01-25 07:15:00,u_02057,d_1084,ip_0019,m_0181,314.2,0
tx_002334,2025-01-25 07:30:00,u_01382,d_1323,ip_0077,m_0221,100.39,0
tx_002335,2025-01-25 07:45:00,u_01347,d_0828,ip_1944,m_0241,135.53,0
tx_002336,2025-01-25 08:00:00,u_01136,d_1745,ip_0308,m_0157,76.73,0
tx_002337,2025-01-25 08:15:00,u_02047,d_0622,ip_1601,m_0077,369.74,0
tx_002338,2025-01-25 08:30:00,u_00108,d_0016,ip_0924,m_0273,200.18,0
tx_002339,2025-01-25 08:45:00,u_00231,d_1257,ip_1733,m_0280,188.8,0
tx_002340,2025-01-25 09:00:00,u_01058,d_1192,ip_1463,m_0290,46.08,0
tx_002341,2025-01-25 09:15:00,u_00986,d_1765,ip_0158,m_0237,245.06,0
tx_002342,2025-01-25 09:30:00,u_01363,d_0711,ip_0741,m_0233,55.02,0
tx_002343,2025-01-25 09:45:00,u_01844,d_0764,ip_1558,m_0023,76.82,0
tx_002344,2025-01-25 10:00:00,u_01468,d_1011,ip_2027,m_0171,37.89,0
tx_002345,2025-01-25 10:15:00,u_00643,d_0705,ip_1770,m_0122,126.91,0
tx_002346,2025-01-25 10:30:00,u_00818,d_1412,ip_1962,m_0077,430.3,0
tx_002347,2025-01-25 10:45:00,u_01880,d_0770,ip_2104,m_0020,186.18,0
tx_002348,2025-01-25 11:00:00,u_00503,d_1410,ip_1967,m_0063,95.41,0
tx_002349,2025-01-25 11:15:00,u_01260,d_0765,ip_1277,m_0274,165.53,0
tx_002350,2025-01-25 11:30:00,u_01346,d_0405,ip_0739,m_0272,164.62,0
tx_002351,2025-01-25 11:45:00,u_01875,d_1783,ip_1117,m_0222,158.55,0
tx_002352,2025-01-25 12:00:00,u_01785,d_0947,ip_1750,m_0030,177.21,0
tx_002353,2025-01-25 12:15:00,u_01161,d_1272,ip_0935,m_0205,52.46,0
tx_002354,2025-01-25 12:30:00,u_00772,d_1064,ip_1827,m_0038,165.1,0
tx_002355,2025-01-25 12:45:00,u_00919,d_0646,ip_1542,m_0204,25.66,0
tx_002356,2025-01-25 13:00:00,u_01028,d_1749,ip_0460,m_0010,263.91,0
tx_002357,2025-01-25 13:15:00,u_00547,d_0668,ip_2025,m_0085,49.27,0
tx_002358,2025-01-25 13:30:00,u_01563,d_1787,ip_1861,m_0036,481.83,0
tx_002359,2025-01-25 13:45:00,u_00520,d_0775,ip_1319,m_0280,12.87,0
tx_002360,2025-01-25 14:00:00,u_01621,d_0040,ip_0427,m_0170,791.89,0
tx_002361,2025-01-25 14:15:00,u_01878,d_0066,ip_0500,m_0276,28.81,0
tx_002362,2025-01-25 14:30:00,u_02404,d_1752,ip_1846,m_0006,44.7,0
tx_002363,2025-01-25 14:45:00,u_00297,d_0950,ip_0038,m_0221,200.15,0
tx_002364,2025-01-25 15:00:00,u_01899,d_0697,ip_1063,m_0143,275.54,0
tx_002365,2025-01-25 15:15:00,u_00214,d_1460,ip_1362,m_0140,111.79,0
tx_002366,2025-01-25 15:30:00,u_00843,d_1110,ip_0511,m_0261,362.35,0
tx_002367,2025-01-25 15:45:00,u_00440,d_1189,ip_1902,m_0014,66.92,0
tx_002368,2025-01-25 16:00:00,u_00405,d_1233,ip_1149,m_0283,99.51,0
tx_002369,2025-01-25 16:15:00,u_00438,d_0357,ip_0145,m_0008,109.72,0
tx_002370,2025-01-25 16:30:00,u_00109,d_0158,ip_0704,m_0108,86.63,0
tx_002371,2025-01-25 16:45:00,u_02057,d_1310,ip_0874,m_0041,21.45,0
tx_002372,2025-01-25 17:00:00,u_00152,d_0039,ip_0490,m_0156,144.8,0
tx_002373,2025-01-25 17:15:00,u_00996,d_1295,ip_2068,m_0178,132.29,0
tx_002374,2025-01-25 17:30:00,u_01747,d_0233,ip_0793,m_0192,436.24,0
tx_002375,2025-01-25 17:45:00,u_02475,d_0472,ip_1103,m_0239,41.02,0
tx_002376,2025-01-25 18:00:00,u_02134,d_1273,ip_1177,m_0225,78.3,0
tx_002377,2025-01-25 18:15:00,u_00343,d_1121,ip_0485,m_0284,494.47,0
tx_002378,2025-01-25 18:30:00,u_02469,d_1406,ip_1249,m_0134,199.0,0
tx_002379,2025-01-25 18:45:00,u_01633,d_1099,ip_0778,m_0052,257.08,0
tx_002380,2025-01-25 19:00:00,u_00448,d_0086,ip_0022,m_0046,233.56,0
tx_002381,2025-01-25 19:15:00,u_01121,d_1511,ip_0897,m_0082,234.6,0
tx_002382,2025-01-25 19:30:00,u_02294,d_0388,ip_1284,m_0180,916.95,0
tx_002383,2025-01-25 19:45:00,u_00982,d_0244,ip_0258,m_0016,162.64,0
tx_002384,2025-01-25 20:00:00,u_00459,d_1581,ip_1714,m_0286,53.98,0
tx_002385,2025-01-25 20:15:00,ring_u_15_8,ring_d_15,ring_ip_15,ring_m_7,46.15,1
tx_002386,2025-01-25 20:30:00,u_02382,d_0964,ip_0681,m_0049,84.22,0
tx_002387,2025-01-25 20:45:00,u_02438,d_0874,ip_1302,m_0234,132.96,0
tx_002388,2025-01-25 21:00:00,u_02389,d_1385,ip_0668,m_0178,214.9,0
tx_002389,2025-01-25 21:15:00,u_02182,d_0079,ip_1424,m_0144,65.28,0
tx_002390,2025-01-25 21:30:00,u_01136,d_0192,ip_0338,m_0220,89.1,0
tx_002391,2025-01-25 21:45:00,u_00480,d_0748,ip_1343,m_0172,238.85,0
tx_002392,2025-01-25 22:00:00,u_01542,d_0851,ip_0121,m_0097,85.74,0
tx_002393,2025-01-25 22:15:00,u_00551,d_1418,ip_0036,m_0168,392.83,0
tx_002394,2025-01-25 22:30:00,u_01182,d_1090,ip_0559,m_0040,55.36,0
tx_002395,2025-01-25 22:45:00,u_01640,d_0267,ip_0383,m_0076,55.17,0
tx_002396,2025-01-25 23:00:00,u_02366,d_1761,ip_1079,m_0291,998.3,0
tx_002397,2025-01-25 23:15:00,u_00722,d_0827,ip_0364,m_0055,32.13,0
tx_002398,2025-01-25 23:30:00,u_00629,d_1736,ip_0537,m_0179,144.5,0
tx_002399,2025-01-25 23:45:00,u_01836,d_1781,ip_0215,m_0089,945.28,0
tx_002400,2025-01-26 00:00:00,u_00016,d_0093,ip_1951,m_0139,144.23,0
tx_002401,2025-01-26 00:15:00,u_01416,d_0910,ip_1618,m_0074,570.65,0
tx_002402,2025-01-26 00:30:00,u_01864,d_0759,ip_0478,m_0170,285.0,0
tx_002403,2025-01-26 00:45:00,u_01377,d_0896,ip_0264,m_0167,147.35,0
tx_002404,2025-01-26 01:00:00,u_00959,d_0557,ip_1870,m_0185,130.24,0
tx_002405,2025-01-26 01:15:00,u_02071,d_1005,ip_1470,m_0092,17.83,0
tx_002406,2025-01-26 01:30:00,u_00927,d_0885,ip_1948,m_0173,107.87,0
tx_002407,2025-01-26 01:45:00,u_01776,d_0334,ip_0392,m_0218,187.21,0
tx_002408,2025-01-26 02:00:00,u_01160,d_0519,ip_0789,m_0215,187.1,0
tx_002409,2025-01-26 02:15:00,u_00066,d_0264,ip_0260,m_0170,1747.36,0
tx_002410,2025-01-26 02:30:00,u_01326,d_1518,ip_0931,m_0089,196.56,0
tx_002411,2025-01-26 02:45:00,u_00123,d_1219,ip_0357,m_0159,278.7,0
tx_002412,2025-01-26 03:00:00,u_02327,d_0697,ip_0009,m_0161,475.78,0
tx_002413,2025-01-26 03:15:00,u_01503,d_0712,ip_1118,m_0285,254.81,0
tx_002414,2025-01-26 03:30:00,u_00930,d_0142,ip_2153,m_0113,136.18,0
tx_002415,2025-01-26 03:45:00,u_01215,d_0521,ip_1420,m_0096,136.84,0
tx_002416,2025-01-26 04:00:00,u_01547,d_1663,ip_1665,m_0224,104.52,0
tx_002417,2025-01-26 04:15:00,u_00650,d_0056,ip_1786,m_0190,231.41,0
tx_002418,2025-01-26 04:30:00,u_00720,d_0263,ip_2138,m_0128,125.17,0
tx_002419,2025-01-26 04:45:00,u_01046,d_1522,ip_0282,m_0000,277.25,0
tx_002420,2025-01-26 05:00:00,u_00646,d_0936,ip_0551,m_0211,54.1,0
tx_002421,2025-01-26 05:15:00,ring_u_13_17,ring_d_13,ring_ip_13,ring_m_5,759.28,1
tx_002422,2025-01-26 05:30:00,u_00259,d_0881,ip_1806,m_0279,700.69,0
tx_002423,2025-01-26 05:45:00,u_02066,d_1349,ip_1702,m_0150,118.55,0
tx_002424,2025-01-26 06:00:00,u_00871,d_0621,ip_1600,m_0154,937.3,0
tx_002425,2025-01-26 06:15:00,u_01403,d_0687,ip_0687,m_0062,174.81,0
tx_002426,2025-01-26 06:30:00,u_00394,d_1136,ip_0802,m_0137,140.26,0
tx_002427,2025-01-26 06:45:00,u_00963,d_1077,ip_0175,m_0000,166.77,0
tx_002428,2025-01-26 07:00:00,u_01886,d_1625,ip_0690,m_0150,108.7,0
tx_002429,2025-01-26 07:15:00,u_00676,d_0445,ip_0343,m_0212,20.48,0
tx_002430,2025-01-26 07:30:00,u_00330,d_0496,ip_2063,m_0235,357.87,0
tx_002431,2025-01-26 07:45:00,u_01304,d_0279,ip_0201,m_0198,1329.71,0
tx_002432,2025-01-26 08:00:00,u_00406,d_1196,ip_0799,m_0241,239.95,0
tx_002433,2025-01-26 08:15:00,ring_u_3_13,ring_d_3,ring_ip_3,ring_m_3,121.74,1
tx_002434,2025-01-26 08:30:00,u_01126,d_0624,ip_2102,m_0233,123.64,0
tx_002435,2025-01-26 08:45:00,u_01410,d_1252,ip_0828,m_0131,472.38,0
tx_002436,2025-01-26 09:00:00,u_01598,d_0678,ip_1023,m_0180,142.7,0
tx_002437,2025-01-26 09:15:00,u_01691,d_0351,ip_1151,m_0191,193.88,0
tx_002438,2025-01-26 09:30:00,u_02110,d_0971,ip_1808,m_0171,31.02,0
tx_002439,2025-01-26 09:45:00,u_00165,d_0785,ip_1691,m_0171,87.41,0
tx_002440,2025-01-26 10:00:00,u_00905,d_0729,ip_1153,m_0234,214.29,0
tx_002441,2025-01-26 10:15:00,u_00002,d_0800,ip_0817,m_0071,367.68,0
tx_002442,2025-01-26 10:30:00,ring_u_11_14,ring_d_11,ring_ip_11,ring_m_3,2422.77,1
tx_002443,2025-01-26 10:45:00,u_00530,d_0388,ip_1428,m_0155,30.59,0
tx_002444,2025-01-26 11:00:00,u_01495,d_0496,ip_1837,m_0193,33.86,0
tx_002445,2025-01-26 11:15:00,u_02236,d_1017,ip_0168,m_0154,266.17,0
tx_002446,2025-01-26 11:30:00,u_01933,d_0084,ip_1691,m_0059,70.33,0
tx_002447,2025-01-26 11:45:00,u_01615,d_0262,ip_1057,m_0247,363.07,0
tx_002448,2025-01-26 12:00:00,u_01945,d_1019,ip_0319,m_0163,29.07,0
tx_002449,2025-01-26 12:15:00,u_00429,d_0917,ip_0212,m_0130,134.5,0
tx_002450,2025-01-26 12:30:00,u_02099,d_1175,ip_0741,m_0263,143.42,0
tx_002451,2025-01-26 12:45:00,u_02225,d_0204,ip_0546,m_0130,239.96,0
tx_002452,2025-01-26 13:00:00,u_00237,d_1536,ip_0229,m_0048,52.92,0
tx_002453,2025-01-26 13:15:00,u_01174,d_0873,ip_0645,m_0295,20.76,0
tx_002454,2025-01-26 13:30:00,u_02075,d_0279,ip_1834,m_0114,176.14,0
tx_002455,2025-01-26 13:45:00,u_01190,d_0560,ip_1578,m_0268,251.25,0
tx_002456,2025-01-26 14:00:00,u_02101,d_0409,ip_0459,m_0155,406.45,0
tx_002457,2025-01-26 14:15:00,u_02338,d_0814,ip_1483,m_0072,103.69,0
tx_002458,2025-01-26 14:30:00,u_01186,d_0844,ip_0993,m_0112,322.36,0
tx_002459,2025-01-26 14:45:00,u_00148,d_0780,ip_1643,m_0273,241.24,0
tx_002460,2025-01-26 15:00:00,u_00850,d_0829,ip_0544,m_0283,556.91,0
tx_002461,2025-01-26 15:15:00,u_00537,d_1634,ip_0135,m_0041,140.42,0
tx_002462,2025-01-26 15:30:00,u_01185,d_1726,ip_0688,m_0296,26.31,0
tx_002463,2025-01-26 15:45:00,u_01464,d_0881,ip_2186,m_0256,138.7,0
tx_002464,2025-01-26 16:00:00,u_01159,d_1733,ip_1222,m_0194,162.14,0
tx_002465,2025-01-26 16:15:00,u_00488,d_1473,ip_0119,m_0054,249.18,0
tx_002466,2025-01-26 16:30:00,u_00752,d_1475,ip_2145,m_0175,32.05,0
tx_002467,2025-01-26 16:45:00,u_01698,d_0406,ip_1816,m_0127,108.63,0
tx_002468,2025-01-26 17:00:00,u_00067,d_0789,ip_1196,m_0037,353.58,0
tx_002469,2025-01-26 17:15:00,u_00535,d_0633,ip_1628,m_0295,133.74,0
tx_002470,2025-01-26 17:30:00,u_02230,d_0173,ip_0406,m_0181,109.32,0
tx_002471,2025-01-26 17:45:00,u_00247,d_0135,ip_1301,m_0029,998.57,0
tx_002472,2025-01-26 18:00:00,u_01036,d_1120,ip_2008,m_0102,50.91,0
tx_002473,2025-01-26 18:15:00,u_00517,d_0757,ip_0965,m_0251,509.36,0
tx_002474,2025-01-26 18:30:00,u_00261,d_1486,ip_0085,m_0132,412.09,0
tx_002475,2025-01-26 18:45:00,u_01056,d_1203,ip_1665,m_0148,118.49,0
tx_002476,2025-01-26 19:00:00,u_01303,d_0153,ip_1606,m_0042,143.61,0
tx_002477,2025-01-26 19:15:00,u_00440,d_1508,ip_1627,m_0033,143.1,0
tx_002478,2025-01-26 19:30:00,u_00194,d_0892,ip_1426,m_0293,178.03,0
tx_002479,2025-01-26 19:45:00,u_00336,d_1018,ip_0301,m_0285,81.9,0
tx_002480,2025-01-26 20:00:00,u_01628,d_1738,ip_0251,m_0028,96.72,0
tx_002481,2025-01-26 20:15:00,u_02150,d_1152,ip_1743,m_0164,104.04,0
tx_002482,2025-01-26 20:30:00,u_00450,d_0040,ip_1881,m_0204,107.42,0
tx_002483,2025-01-26 20:45:00,u_00800,d_0319,ip_0172,m_0264,108.77,0
tx_002484,2025-01-26 21:00:00,u_00859,d_0767,ip_1278,m_0167,15.79,0
tx_002485,2025-01-26 21:15:00,u_00901,d_0066,ip_1101,m_0260,163.64,0
tx_002486,2025-01-26 21:30:00,u_00610,d_0301,ip_0770,m_0036,87.58,0
tx_002487,2025-01-26 21:45:00,u_00138,d_1425,ip_1419,m_0004,22.95,0
tx_002488,2025-01-26 22:00:00,u_01312,d_0257,ip_2011,m_0139,104.58,0
tx_002489,2025-01-26 22:15:00,u_00893,d_0300,ip_1807,m_0079,101.4,0
tx_002490,2025-01-26 22:30:00,u_00855,d_0908,ip_0336,m_0226,531.26,0
tx_002491,2025-01-26 22:45:00,u_00662,d_0164,ip_1018,m_0101,86.55,0
tx_002492,2025-01-26 23:00:00,u_02323,d_0460,ip_2058,m_0122,289.39,0
tx_002493,2025-01-26 23:15:00,u_01526,d_1687,ip_0521,m_0160,591.59,0
tx_002494,2025-01-26 23:30:00,u_01046,d_1136,ip_1878,m_0288,79.2,0
tx_002495,2025-01-26 23:45:00,u_00513,d_1734,ip_1079,m_0021,141.53,0
tx_002496,2025-01-27 00:00:00,u_02002,d_0637,ip_1147,m_0165,836.05,0
tx_002497,2025-01-27 00:15:00,u_02220,d_1109,ip_0550,m_0116,186.6,0
tx_002498,2025-01-27 00:30:00,u_00080,d_0429,ip_2022,m_0010,215.67,0
tx_002499,2025-01-27 00:45:00,u_02324,d_0681,ip_1163,m_0244,98.77,0
tx_002500,2025-01-27 01:00:00,u_01748,d_0314,ip_1264,m_0274,295.02,0
tx_002501,2025-01-27 01:15:00,u_00249,d_1499,ip_1017,m_0051,142.64,0
tx_002502,2025-01-27 01:30:00,u_01882,d_0331,ip_0196,m_0227,23.76,0
tx_002503,2025-01-27 01:45:00,u_00268,d_0368,ip_1717,m_0210,104.04,0
tx_002504,2025-01-27 02:00:00,u_00127,d_0834,ip_0722,m_0211,45.46,0
tx_002505,2025-01-27 02:15:00,u_00288,d_0772,ip_0528,m_0138,166.04,0
tx_002506,2025-01-27 02:30:00,u_01149,d_0564,ip_1720,m_0096,59.33,0
tx_002507,2025-01-27 02:45:00,u_01548,d_0642,ip_0439,m_0021,239.4,0
tx_002508,2025-01-27 03:00:00,u_01018,d_0531,ip_1502,m_0010,155.21,0
tx_002509,2025-01-27 03:15:00,u_00304,d_1642,ip_1043,m_0053,42.61,0
tx_002510,2025-01-27 03:30:00,u_00497,d_1044,ip_1759,m_0158,90.69,0
tx_002511,2025-01-27 03:45:00,u_02130,d_1655,ip_0111,m_0042,276.04,0
tx_002512,2025-01-27 04:00:00,u_02406,d_1776,ip_1704,m_0205,467.78,0
tx_002513,2025-01-27 04:15:00,u_01885,d_1171,ip_0504,m_0185,60.19,0
tx_002514,2025-01-27 04:30:00,u_00258,d_1486,ip_1915,m_0103,49.53,0
tx_002515,2025-01-27 04:45:00,u_02049,d_0199,ip_0778,m_0026,1044.18,0
tx_002516,2025-01-27 05:00:00,u_01729,d_1708,ip_0015,m_0155,146.97,0
tx_002517,2025-01-27 05:15:00,u_01315,d_0867,ip_1072,m_0246,162.63,0
tx_002518,2025-01-27 05:30:00,u_00358,d_1284,ip_0120,m_0118,70.85,0
tx_002519,2025-01-27 05:45:00,u_02491,d_0441,ip_0592,m_0241,184.05,0
tx_002520,2025-01-27 06:00:00,u_01106,d_0171,ip_1576,m_0085,824.76,0
tx_002521,2025-01-27 06:15:00,u_00110,d_1592,ip_1233,m_0024,191.4,0
tx_002522,2025-01-27 06:30:00,u_00524,d_0809,ip_1559,m_0194,430.51,0
tx_002523,2025-01-27 06:45:00,u_01003,d_0249,ip_1932,m_0266,152.78,0
tx_002524,2025-01-27 07:00:00,u_00155,d_1185,ip_1029,m_0265,53.21,0
tx_002525,2025-01-27 07:15:00,u_00809,d_0097,ip_1196,m_0287,74.95,0
tx_002526,2025-01-27 07:30:00,u_01171,d_0810,ip_0128,m_0032,48.53,0
tx_002527,2025-01-27 07:45:00,u_02371,d_1267,ip_0631,m_0013,184.53,0
tx_002528,2025-01-27 08:00:00,u_00215,d_1296,ip_1593,m_0170,504.66,0
tx_002529,2025-01-27 08:15:00,u_01442,d_0815,ip_0136,m_0285,174.34,0
tx_002530,2025-01-27 08:30:00,u_02289,d_0665,ip_0790,m_0299,109.09,0
tx_002531,2025-01-27 08:45:00,u_02015,d_1509,ip_0300,m_0083,67.38,0
tx_002532,2025-01-27 09:00:00,u_02312,d_0332,ip_1886,m_0112,211.76,0
tx_002533,2025-01-27 09:15:00,u_00425,d_0134,ip_1234,m_0199,43.03,0
tx_002534,2025-01-27 09:30:00,ring_u_20_6,ring_d_20,ring_ip_20,ring_m_4,4365.47,1
tx_002535,2025-01-27 09:45:00,u_02446,d_1441,ip_1504,m_0052,365.1,0
tx_002536,2025-01-27 10:00:00,u_00815,d_0845,ip_0493,m_0292,112.42,0
tx_002537,2025-01-27 10:15:00,u_01246,d_0067,ip_0109,m_0245,110.23,0
tx_002538,2025-01-27 10:30:00,u_01327,d_0303,ip_0875,m_0020,125.33,0
tx_002539,2025-01-27 10:45:00,u_01234,d_0050,ip_0408,m_0252,306.7,0
tx_002540,2025-01-27 11:00:00,u_00724,d_1465,ip_0708,m_0192,175.13,0
tx_002541,2025-01-27 11:15:00,u_02427,d_0830,ip_0701,m_0293,70.59,0
tx_002542,2025-01-27 11:30:00,u_02391,d_0122,ip_1720,m_0062,73.18,0
tx_002543,2025-01-27 11:45:00,u_00951,d_0398,ip_0703,m_0297,122.11,0
tx_002544,2025-01-27 12:00:00,u_02013,d_1109,ip_0332,m_0014,200.78,0
tx_002545,2025-01-27 12:15:00,u_00993,d_1068,ip_2108,m_0022,143.24,0
tx_002546,2025-01-27 12:30:00,u_01987,d_1474,ip_0107,m_0134,131.04,0
tx_002547,2025-01-27 12:45:00,u_01461,d_0046,ip_0448,m_0197,155.44,0
tx_002548,2025-01-27 13:00:00,u_01175,d_0124,ip_0763,m_0050,143.13,0
tx_002549,2025-01-27 13:15:00,u_00320,d_0063,ip_0137,m_0081,68.01,0
tx_002550,2025-01-27 13:30:00,u_01636,d_0709,ip_1978,m_0116,449.01,0
tx_002551,2025-01-27 13:45:00,u_00802,d_1308,ip_0776,m_0037,91.62,0
tx_002552,2025-01-27 14:00:00,u_00542,d_1193,ip_1720,m_0052,168.89,0
tx_002553,2025-01-27 14:15:00,u_00483,d_0378,ip_0295,m_0044,18.91,0
tx_002554,2025-01-27 14:30:00,u_02454,d_1183,ip_1147,m_0286,119.68,0
tx_002555,2025-01-27 14:45:00,u_00258,d_1181,ip_0278,m_0280,49.42,0
tx_002556,2025-01-27 15:00:00,u_01996,d_0344,ip_0509,m_0188,55.76,0
tx_002557,2025-01-27 15:15:00,u_02165,d_1349,ip_0896,m_0205,1672.69,0
tx_002558,2025-01-27 15:30:00,u_00077,d_0760,ip_1897,m_0041,190.48,0
tx_002559,2025-01-27 15:45:00,u_01473,d_0106,ip_0674,m_0015,505.74,0
tx_002560,2025-01-27 16:00:00,u_01443,d_0703,ip_1660,m_0113,349.08,0
tx_002561,2025-01-27 16:15:00,u_00896,d_1385,ip_0201,m_0295,396.72,0
tx_002562,2025-01-27 16:30:00,u_01666,d_1253,ip_0553,m_0143,121.62,0
tx_002563,2025-01-27 16:45:00,u_01021,d_0483,ip_1329,m_0242,739.82,0
tx_002564,2025-01-27 17:00:00,u_01099,d_1362,ip_1030,m_0110,346.09,0
tx_002565,2025-01-27 17:15:00,u_01078,d_0701,ip_1103,m_0092,154.68,0
tx_002566,2025-01-27 17:30:00,u_02001,d_0828,ip_1492,m_0243,193.12,0
tx_002567,2025-01-27 17:45:00,u_01582,d_0155,ip_0169,m_0141,129.45,0
tx_002568,2025-01-27 18:00:00,u_00947,d_1794,ip_1530,m_0219,156.37,0
tx_002569,2025-01-27 18:15:00,u_02316,d_1509,ip_1898,m_0217,142.08,0
tx_002570,2025-01-27 18:30:00,u_02005,d_0350,ip_1685,m_0218,217.36,0
tx_002571,2025-01-27 18:45:00,u_02331,d_1009,ip_0626,m_0202,845.54,0
tx_002572,2025-01-27 19:00:00,u_01826,d_1404,ip_0772,m_0242,44.47,0
tx_002573,2025-01-27 19:15:00,u_00978,d_0908,ip_2115,m_0138,465.15,0
tx_002574,2025-01-27 19:30:00,ring_u_23_9,ring_d_23,ring_ip_23,ring_m_7,2068.39,1
tx_002575,2025-01-27 19:45:00,u_00823,d_1743,ip_2049,m_0153,528.3,0
tx_002576,2025-01-27 20:00:00,u_00677,d_0483,ip_2009,m_0097,106.33,0
tx_002577,2025-01-27 20:15:00,u_01127,d_0602,ip_0955,m_0012,224.25,0
tx_002578,2025-01-27 20:30:00,u_02423,d_0668,ip_0284,m_0108,126.62,0
tx_002579,2025-01-27 20:45:00,u_01419,d_1603,ip_0502,m_0150,26.3,0
tx_002580,2025-01-27 21:00:00,u_00959,d_0900,ip_0647,m_0156,844.7,0
tx_002581,2025-01-27 21:15:00,u_01154,d_1295,ip_1836,m_0102,57.81,0
tx_002582,2025-01-27 21:30:00,u_00728,d_1622,ip_0607,m_0217,161.4,0
tx_002583,2025-01-27 21:45:00,u_01646,d_1671,ip_0794,m_0085,51.81,0
tx_002584,2025-01-27 22:00:00,u_00876,d_1541,ip_1872,m_0194,38.98,0
tx_002585,2025-01-27 22:15:00,u_01385,d_1634,ip_0359,m_0080,120.91,0
tx_002586,2025-01-27 22:30:00,u_00924,d_1706,ip_1459,m_0295,81.98,0
tx_002587,2025-01-27 22:45:00,u_00801,d_1783,ip_1213,m_0194,46.12,0
tx_002588,2025-01-27 23:00:00,u_02425,d_1157,ip_2165,m_0167,143.25,0
tx_002589,2025-01-27 23:15:00,ring_u_7_16,ring_d_7,ring_ip_7,ring_m_7,1039.4,1
tx_002590,2025-01-27 23:30:00,u_00176,d_0203,ip_1146,m_0226,168.25,0
tx_002591,2025-01-27 23:45:00,u_00946,d_1432,ip_1870,m_0127,130.67,0
tx_002592,2025-01-28 00:00:00,u_01330,d_0569,ip_2181,m_0240,12.42,0
tx_002593,2025-01-28 00:15:00,u_00236,d_1448,ip_1604,m_0047,87.96,0
tx_002594,2025-01-28 00:30:00,u_00764,d_1682,ip_1535,m_0246,237.08,0
tx_002595,2025-01-28 00:45:00,u_00415,d_1159,ip_1927,m_0288,51.24,0
tx_002596,2025-01-28 01:00:00,u_01251,d_1375,ip_2155,m_0072,247.59,0
tx_002597,2025-01-28 01:15:00,u_01807,d_0501,ip_1616,m_0067,228.76,0
tx_002598,2025-01-28 01:30:00,u_02421,d_0782,ip_0643,m_0286,53.64,0
tx_002599,2025-01-28 01:45:00,u_00972,d_1737,ip_1412,m_0121,146.6,0
tx_002600,2025-01-28 02:00:00,u_02158,d_1470,ip_0519,m_0208,338.66,0
tx_002601,2025-01-28 02:15:00,u_00536,d_0367,ip_1100,m_0057,61.78,0
tx_002602,2025-01-28 02:30:00,u_01951,d_1685,ip_0977,m_0128,120.81,0
tx_002603,2025-01-28 02:45:00,u_01406,d_0899,ip_2172,m_0210,468.83,0
tx_002604,2025-01-28 03:00:00,ring_u_22_10,ring_d_22,ring_ip_22,ring_m_6,951.12,1
tx_002605,2025-01-28 03:15:00,u_01888,d_0938,ip_2110,m_0130,234.9,0
tx_002606,2025-01-28 03:30:00,u_01331,d_1087,ip_1777,m_0022,50.44,0
tx_002607,2025-01-28 03:45:00,u_00643,d_0291,ip_1867,m_0124,126.35,0
tx_002608,2025-01-28 04:00:00,u_01315,d_0609,ip_0372,m_0192,232.0,0
tx_002609,2025-01-28 04:15:00,u_02066,d_1300,ip_1705,m_0262,13.4,0
tx_002610,2025-01-28 04:30:00,u_02426,d_1516,ip_0553,m_0250,86.98,0
tx_002611,2025-01-28 04:45:00,u_02318,d_0159,ip_1270,m_0227,228.0,0
tx_002612,2025-01-28 05:00:00,u_00453,d_0138,ip_1069,m_0049,186.02,0
tx_002613,2025-01-28 05:15:00,u_01493,d_1247,ip_0571,m_0155,88.03,0
tx_002614,2025-01-28 05:30:00,u_00261,d_0804,ip_2166,m_0172,49.18,0
tx_002615,2025-01-28 05:45:00,ring_u_9_9,ring_d_9,ring_ip_9,ring_m_1,85.72,1
tx_002616,2025-01-28 06:00:00,ring_u_18_6,ring_d_18,ring_ip_18,ring_m_2,119.77,1
tx_002617,2025-01-28 06:15:00,u_00131,d_0628,ip_0023,m_0287,256.04,0
tx_002618,2025-01-28 06:30:00,ring_u_8_11,ring_d_8,ring_ip_8,ring_m_0,1738.42,1
tx_002619,2025-01-28 06:45:00,u_02363,d_1276,ip_0500,m_0286,94.88,0
tx_002620,2025-01-28 07:00:00,u_02117,d_1544,ip_2138,m_0253,433.79,0
tx_002621,2025-01-28 07:15:00,u_00981,d_0282,ip_0888,m_0211,81.92,0
tx_002622,2025-01-28 07:30:00,u_00259,d_0583,ip_0102,m_0114,488.07,0
tx_002623,2025-01-28 07:45:00,u_02309,d_1522,ip_1289,m_0228,556.29,0
tx_002624,2025-01-28 08:00:00,u_02303,d_0074,ip_2090,m_0175,424.16,0
tx_002625,2025-01-28 08:15:00,u_01447,d_1713,ip_1233,m_0269,123.9,0
tx_002626,2025-01-28 08:30:00,u_02447,d_1596,ip_0976,m_0213,1895.2,0
tx_002627,2025-01-28 08:45:00,u_00011,d_0274,ip_0386,m_0289,172.75,0
tx_002628,2025-01-28 09:00:00,u_01541,d_0250,ip_1933,m_0125,188.87,0
tx_002629,2025-01-28 09:15:00,u_00096,d_1245,ip_0230,m_0024,145.17,0
tx_002630,2025-01-28 09:30:00,u_02339,d_0018,ip_2053,m_0147,47.95,0
tx_002631,2025-01-28 09:45:00,u_01701,d_0910,ip_0489,m_0299,541.9,0
tx_002632,2025-01-28 10:00:00,u_02283,d_0118,ip_0303,m_0196,83.73,0
tx_002633,2025-01-28 10:15:00,u_01406,d_0956,ip_0767,m_0210,372.27,0
tx_002634,2025-01-28 10:30:00,u_00208,d_0630,ip_0010,m_0187,473.22,0
tx_002635,2025-01-28 10:45:00,u_00066,d_1271,ip_0030,m_0177,271.33,0
tx_002636,2025-01-28 11:00:00,u_00838,d_1585,ip_0410,m_0018,74.29,0
tx_002637,2025-01-28 11:15:00,u_01858,d_0879,ip_1523,m_0123,105.52,0
tx_002638,2025-01-28 11:30:00,u_00377,d_1155,ip_1791,m_0025,10.21,0
tx_002639,2025-01-28 11:45:00,u_02130,d_1080,ip_0545,m_0100,132.1,0
tx_002640,2025-01-28 12:00:00,u_00598,d_1772,ip_1417,m_0215,331.2,0
tx_002641,2025-01-28 12:15:00,u_01241,d_0415,ip_0773,m_0241,117.04,0
tx_002642,2025-01-28 12:30:00,u_00507,d_0430,ip_0952,m_0067,82.26,0
tx_002643,2025-01-28 12:45:00,u_01164,d_0681,ip_0736,m_0196,110.2,0
tx_002644,2025-01-28 13:00:00,u_01130,d_1326,ip_1961,m_0067,500.38,0
tx_002645,2025-01-28 13:15:00,u_00013,d_1557,ip_1126,m_0060,140.56,0
tx_002646,2025-01-28 13:30:00,u_01419,d_0500,ip_1113,m_0287,951.38,0
tx_002647,2025-01-28 13:45:00,u_01966,d_0197,ip_1891,m_0182,83.87,0
tx_002648,2025-01-28 14:00:00,u_02340,d_1095,ip_1445,m_0059,184.42,0
tx_002649,2025-01-28 14:15:00,ring_u_1_7,ring_d_1,ring_ip_1,ring_m_1,553.33,1
tx_002650,2025-01-28 14:30:00,u_02201,d_0674,ip_0415,m_0014,1181.44,0
tx_002651,2025-01-28 14:45:00,u_02196,d_0331,ip_0749,m_0149,177.63,0
tx_002652,2025-01-28 15:00:00,u_02470,d_1529,ip_0215,m_0030,1246.48,0
tx_002653,2025-01-28 15:15:00,u_00932,d_1523,ip_1522,m_0175,97.5,0
tx_002654,2025-01-28 15:30:00,ring_u_8_13,ring_d_8,ring_ip_8,ring_m_0,2182.09,1
tx_002655,2025-01-28 15:45:00,u_01412,d_1042,ip_0097,m_0190,167.0,0
tx_002656,2025-01-28 16:00:00,u_00145,d_0470,ip_0881,m_0062,342.63,0
tx_002657,2025-01-28 16:15:00,u_00675,d_0725,ip_1825,m_0043,43.83,0
tx_002658,2025-01-28 16:30:00,u_01680,d_0123,ip_1995,m_0030,210.27,0
tx_002659,2025-01-28 16:45:00,u_00401,d_0449,ip_2116,m_0028,50.95,0
tx_002660,2025-01-28 17:00:00,u_01086,d_0810,ip_2029,m_0021,191.92,0
tx_002661,2025-01-28 17:15:00,u_01937,d_0786,ip_1336,m_0077,32.51,0
tx_002662,2025-01-28 17:30:00,u_00374,d_0144,ip_2039,m_0240,135.09,0
tx_002663,2025-01-28 17:45:00,u_01241,d_1723,ip_2104,m_0182,443.91,0
tx_002664,2025-01-28 18:00:00,u_00537,d_0482,ip_1397,m_0075,256.61,0
tx_002665,2025-01-28 18:15:00,u_01341,d_0916,ip_0908,m_0279,43.21,0
tx_002666,2025-01-28 18:30:00,u_00601,d_0837,ip_2125,m_0228,22.23,0
tx_002667,2025-01-28 18:45:00,u_02413,d_0845,ip_0913,m_0233,243.95,0
tx_002668,2025-01-28 19:00:00,u_00191,d_1521,ip_0366,m_0269,721.4,0
tx_002669,2025-01-28 19:15:00,u_02408,d_1343,ip_0233,m_0223,56.6,0
tx_002670,2025-01-28 19:30:00,u_01979,d_1561,ip_1248,m_0287,1208.82,0
tx_002671,2025-01-28 19:45:00,u_02139,d_0682,ip_0077,m_0099,147.45,0
tx_002672,2025-01-28 20:00:00,u_02128,d_0477,ip_0260,m_0256,20.93,0
tx_002673,2025-01-28 20:15:00,u_00469,d_0769,ip_0537,m_0033,31.16,0
tx_002674,2025-01-28 20:30:00,u_02327,d_1010,ip_1165,m_0090,320.52,0
tx_002675,2025-01-28 20:45:00,u_01485,d_0606,ip_1051,m_0267,168.94,0
tx_002676,2025-01-28 21:00:00,u_02405,d_0828,ip_1124,m_0040,653.42,0
tx_002677,2025-01-28 21:15:00,u_02195,d_0271,ip_1116,m_0150,44.79,0
tx_002678,2025-01-28 21:30:00,u_01449,d_1050,ip_2187,m_0102,167.08,0
tx_002679,2025-01-28 21:45:00,u_00936,d_1284,ip_0478,m_0030,149.42,0
tx_002680,2025-01-28 22:00:00,u_00293,d_0948,ip_1042,m_0070,128.64,0
tx_002681,2025-01-28 22:15:00,u_00252,d_1571,ip_1348,m_0160,101.23,0
tx_002682,2025-01-28 22:30:00,u_00974,d_1792,ip_0602,m_0189,103.27,0
tx_002683,2025-01-28 22:45:00,u_02027,d_1630,ip_0398,m_0202,176.73,0
tx_002684,2025-01-28 23:00:00,u_01263,d_0167,ip_0102,m_0039,200.85,0
tx_002685,2025-01-28 23:15:00,u_01204,d_1585,ip_0717,m_0095,191.06,0
tx_002686,2025-01-28 23:30:00,u_00611,d_0600,ip_0559,m_0031,495.71,0
tx_002687,2025-01-28 23:45:00,u_01410,d_0813,ip_0430,m_0002,44.64,0
tx_002688,2025-01-29 00:00:00,u_01595,d_0741,ip_0596,m_0117,24.25,0
tx_002689,2025-01-29 00:15:00,u_02455,d_0511,ip_1532,m_0186,410.33,0
tx_002690,2025-01-29 00:30:00,u_01823,d_1579,ip_1820,m_0111,57.77,0
tx_002691,2025-01-29 00:45:00,u_01518,d_1148,ip_1136,m_0012,101.55,0
tx_002692,2025-01-29 01:00:00,u_02275,d_1740,ip_0146,m_0065,80.47,0
tx_002693,2025-01-29 01:15:00,u_01062,d_1718,ip_1619,m_0129,78.77,0
tx_002694,2025-01-29 01:30:00,u_02337,d_0755,ip_0334,m_0106,34.53,0
tx_002695,2025-01-29 01:45:00,u_00924,d_1308,ip_0125,m_0247,83.97,0
tx_002696,2025-01-29 02:00:00,u_00319,d_0904,ip_1250,m_0179,284.1,0
tx_002697,2025-01-29 02:15:00,u_01044,d_0890,ip_0935,m_0299,147.83,0
tx_002698,2025-01-29 02:30:00,u_00321,d_1331,ip_0686,m_0052,245.8,0
tx_002699,2025-01-29 02:45:00,u_00295,d_1239,ip_2127,m_0111,90.37,0
tx_002700,2025-01-29 03:00:00,u_02203,d_1641,ip_0200,m_0026,366.08,0
tx_002701,2025-01-29 03:15:00,u_01986,d_1390,ip_0117,m_0006,89.27,0
tx_002702,2025-01-29 03:30:00,u_00553,d_1119,ip_1292,m_0277,18.02,0
tx_002703,2025-01-29 03:45:00,u_02094,d_1654,ip_0920,m_0147,203.7,0
tx_002704,2025-01-29 04:00:00,u_00172,d_0184,ip_1763,m_0197,319.7,0
tx_002705,2025-01-29 04:15:00,u_00710,d_1373,ip_0088,m_0082,84.84,0
tx_002706,2025-01-29 04:30:00,u_01765,d_0706,ip_0922,m_0015,492.36,0
tx_002707,2025-01-29 04:45:00,u_00759,d_0779,ip_0322,m_0267,63.39,0
tx_002708,2025-01-29 05:00:00,u_01826,d_1407,ip_0090,m_0197,290.25,0
tx_002709,2025-01-29 05:15:00,u_02185,d_0492,ip_1017,m_0213,849.61,0
tx_002710,2025-01-29 05:30:00,u_00165,d_1590,ip_1616,m_0160,153.97,0
tx_002711,2025-01-29 05:45:00,u_00059,d_0899,ip_0346,m_0121,118.33,0
tx_002712,2025-01-29 06:00:00,u_02350,d_0628,ip_1853,m_0126,133.53,0
tx_002713,2025-01-29 06:15:00,ring_u_8_17,ring_d_8,ring_ip_8,ring_m_0,2854.7,1
tx_002714,2025-01-29 06:30:00,u_01266,d_0757,ip_1057,m_0068,222.02,0
tx_002715,2025-01-29 06:45:00,u_01159,d_1696,ip_2030,m_0102,1266.74,0
tx_002716,2025-01-29 07:00:00,u_01084,d_0184,ip_0724,m_0092,196.22,0
tx_002717,2025-01-29 07:15:00,u_01725,d_0914,ip_0440,m_0156,77.18,0
tx_002718,2025-01-29 07:30:00,u_01449,d_1503,ip_1729,m_0290,82.81,0
tx_002719,2025-01-29 07:45:00,u_00408,d_0849,ip_0235,m_0276,157.84,0
tx_002720,2025-01-29 08:00:00,u_01566,d_1018,ip_1918,m_0163,19.27,0
tx_002721,2025-01-29 08:15:00,u_01670,d_0626,ip_1815,m_0060,92.3,0
tx_002722,2025-01-29 08:30:00,u_00284,d_0245,ip_2149,m_0282,94.37,0
tx_002723,2025-01-29 08:45:00,u_00941,d_1150,ip_1012,m_0093,188.63,0
tx_002724,2025-01-29 09:00:00,u_01976,d_1655,ip_1368,m_0106,1034.65,0
tx_002725,2025-01-29 09:15:00,u_01546,d_0936,ip_1941,m_0265,156.78,0
tx_002726,2025-01-29 09:30:00,u_00340,d_0777,ip_0289,m_0078,21.7,0
tx_002727,2025-01-29 09:45:00,u_00100,d_0232,ip_0673,m_0138,59.51,0
tx_002728,2025-01-29 10:00:00,u_01453,d_1700,ip_1038,m_0275,192.92,0
tx_002729,2025-01-29 10:15:00,u_01154,d_1564,ip_1380,m_0095,162.88,0
tx_002730,2025-01-29 10:30:00,ring_u_14_8,ring_d_14,ring_ip_14,ring_m_6,1745.69,1
tx_002731,2025-01-29 10:45:00,u_01305,d_0646,ip_2031,m_0011,387.64,0
tx_002732,2025-01-29 11:00:00,u_02328,d_1125,ip_1076,m_0298,376.2,0
tx_002733,2025-01-29 11:15:00,u_00535,d_0778,ip_0377,m_0125,119.45,0
tx_002734,2025-01-29 11:30:00,u_01118,d_0422,ip_0417,m_0201,445.47,0
tx_002735,2025-01-29 11:45:00,u_00349,d_0370,ip_1761,m_0150,60.59,0
tx_002736,2025-01-29 12:00:00,u_01435,d_0690,ip_1014,m_0130,390.84,0
tx_002737,2025-01-29 12:15:00,u_00471,d_0996,ip_1389,m_0121,111.9,0
tx_002738,2025-01-29 12:30:00,u_01230,d_0219,ip_1238,m_0005,34.88,0
tx_002739,2025-01-29 12:45:00,u_00860,d_1263,ip_1788,m_0083,268.6,0
tx_002740,2025-01-29 13:00:00,u_00464,d_0823,ip_0480,m_0114,600.37,0
tx_002741,2025-01-29 13:15:00,u_00242,d_1586,ip_0375,m_0110,98.83,0
tx_002742,2025-01-29 13:30:00,u_01280,d_0501,ip_1613,m_0082,708.22,0
tx_002743,2025-01-29 13:45:00,u_02368,d_0092,ip_0954,m_0192,28.33,0
tx_002744,2025-01-29 14:00:00,u_00496,d_0561,ip_1794,m_0248,44.84,0
tx_002745,2025-01-29 14:15:00,u_01012,d_1751,ip_0283,m_0267,128.16,0
tx_002746,2025-01-29 14:30:00,u_00561,d_0579,ip_0598,m_0291,102.44,0
tx_002747,2025-01-29 14:45:00,u_02022,d_1266,ip_2112,m_0194,76.16,0
tx_002748,2025-01-29 15:00:00,u_01037,d_1517,ip_1856,m_0123,169.64,0
tx_002749,2025-01-29 15:15:00,u_02436,d_0511,ip_0137,m_0193,87.48,0
tx_002750,2025-01-29 15:30:00,u_00612,d_1156,ip_1797,m_0039,103.65,0
tx_002751,2025-01-29 15:45:00,u_00201,d_0368,ip_0144,m_0245,196.06,0
tx_002752,2025-01-29 16:00:00,u_01456,d_0651,ip_0264,m_0160,76.13,0
tx_002753,2025-01-29 16:15:00,u_01629,d_0532,ip_1975,m_0049,133.48,0
tx_002754,2025-01-29 16:30:00,u_02476,d_1210,ip_0277,m_0127,77.82,0
tx_002755,2025-01-29 16:45:00,u_02178,d_1576,ip_0661,m_0090,44.45,0
tx_002756,2025-01-29 17:00:00,u_02210,d_0454,ip_0297,m_0104,318.53,0
tx_002757,2025-01-29 17:15:00,u_01585,d_0524,ip_1313,m_0015,818.76,0
tx_002758,2025-01-29 17:30:00,u_00899,d_1477,ip_0125,m_0004,430.34,0
tx_002759,2025-01-29 17:45:00,u_01072,d_0833,ip_0632,m_0104,206.79,0
tx_002760,2025-01-29 18:00:00,u_00334,d_0923,ip_0717,m_0090,78.14,0
tx_002761,2025-01-29 18:15:00,u_01077,d_1270,ip_1427,m_0299,111.39,0
tx_002762,2025-01-29 18:30:00,u_00911,d_0247,ip_1092,m_0078,427.1,0
tx_002763,2025-01-29 18:45:00,u_00089,d_1569,ip_0423,m_0098,15.16,0
tx_002764,2025-01-29 19:00:00,u_00511,d_0657,ip_1021,m_0274,103.21,0
tx_002765,2025-01-29 19:15:00,u_01336,d_1185,ip_1009,m_0257,309.24,0
tx_002766,2025-01-29 19:30:00,u_00923,d_0777,ip_0778,m_0017,47.55,0
tx_002767,2025-01-29 19:45:00,u_02483,d_1355,ip_1173,m_0025,226.65,0
tx_002768,2025-01-29 20:00:00,u_01196,d_1100,ip_0717,m_0028,216.37,0
tx_002769,2025-01-29 20:15:00,u_02396,d_0311,ip_0734,m_0137,34.66,0
tx_002770,2025-01-29 20:30:00,u_01651,d_0338,ip_1723,m_0171,161.9,0
tx_002771,2025-01-29 20:45:00,u_00100,d_1579,ip_0553,m_0105,80.04,0
tx_002772,2025-01-29 21:00:00,u_00508,d_0935,ip_0723,m_0003,225.0,0
tx_002773,2025-01-29 21:15:00,u_01764,d_0496,ip_0308,m_0060,289.97,0
tx_002774,2025-01-29 21:30:00,u_01362,d_0257,ip_1535,m_0184,221.17,0
tx_002775,2025-01-29 21:45:00,u_00754,d_0231,ip_1553,m_0111,159.59,0
tx_002776,2025-01-29 22:00:00,u_01305,d_1655,ip_1491,m_0037,198.12,0
tx_002777,2025-01-29 22:15:00,u_02257,d_1757,ip_0370,m_0195,45.78,0
tx_002778,2025-01-29 22:30:00,u_00971,d_0708,ip_0993,m_0184,143.92,0
tx_002779,2025-01-29 22:45:00,u_00112,d_0362,ip_0642,m_0147,66.92,0
tx_002780,2025-01-29 23:00:00,u_00777,d_0753,ip_1680,m_0282,416.36,0
tx_002781,2025-01-29 23:15:00,u_02339,d_0245,ip_0741,m_0253,293.9,0
tx_002782,2025-01-29 23:30:00,u_01904,d_0989,ip_0915,m_0011,293.07,0
tx_002783,2025-01-29 23:45:00,u_02093,d_1126,ip_0999,m_0271,823.44,0
tx_002784,2025-01-30 00:00:00,u_02279,d_1773,ip_1673,m_0014,106.7,0
tx_002785,2025-01-30 00:15:00,u_00293,d_0573,ip_1545,m_0144,85.71,0
tx_002786,2025-01-30 00:30:00,u_00706,d_0356,ip_1803,m_0270,104.21,0
tx_002787,2025-01-30 00:45:00,u_00149,d_0240,ip_0941,m_0294,29.9,0
tx_002788,2025-01-30 01:00:00,u_00011,d_0678,ip_1803,m_0006,32.34,0
tx_002789,2025-01-30 01:15:00,u_02086,d_1082,ip_1916,m_0021,276.19,0
tx_002790,2025-01-30 01:30:00,u_02342,d_0119,ip_1152,m_0072,36.78,0
tx_002791,2025-01-30 01:45:00,u_00389,d_1366,ip_1495,m_0082,50.66,0
tx_002792,2025-01-30 02:00:00,ring_u_15_6,ring_d_15,ring_ip_15,ring_m_7,148.52,1
tx_002793,2025-01-30 02:15:00,u_01337,d_1427,ip_1844,m_0125,98.28,0
tx_002794,2025-01-30 02:30:00,u_00173,d_0834,ip_0608,m_0095,359.84,0
tx_002795,2025-01-30 02:45:00,u_02289,d_0279,ip_1575,m_0174,157.66,0
tx_002796,2025-01-30 03:00:00,u_02178,d_0038,ip_0981,m_0256,66.79,0
tx_002797,2025-01-30 03:15:00,u_01418,d_1002,ip_0326,m_0163,392.15,0
tx_002798,2025-01-30 03:30:00,u_01769,d_0970,ip_0817,m_0099,307.6,0
tx_002799,2025-01-30 03:45:00,u_00993,d_1464,ip_2151,m_0170,36.2,0
tx_002800,2025-01-30 04:00:00,u_01982,d_1579,ip_2107,m_0186,191.0,0
tx_002801,2025-01-30 04:15:00,u_01112,d_0289,ip_1730,m_0268,72.6,0
tx_002802,2025-01-30 04:30:00,u_02472,d_0566,ip_2178,m_0284,70.71,0
tx_002803,2025-01-30 04:45:00,u_00157,d_0373,ip_1259,m_0083,962.48,0
tx_002804,2025-01-30 05:00:00,u_00430,d_0192,ip_1666,m_0275,168.05,0
tx_002805,2025-01-30 05:15:00,u_02421,d_0004,ip_0363,m_0245,119.4,0
tx_002806,2025-01-30 05:30:00,u_00721,d_0148,ip_0657,m_0038,161.57,0
tx_002807,2025-01-30 05:45:00,u_00776,d_0944,ip_0379,m_0167,355.75,0
tx_002808,2025-01-30 06:00:00,u_01978,d_0273,ip_2062,m_0045,73.58,0
tx_002809,2025-01-30 06:15:00,u_00473,d_0350,ip_1351,m_0147,87.28,0
tx_002810,2025-01-30 06:30:00,u_01283,d_0212,ip_2051,m_0013,286.19,0
tx_002811,2025-01-30 06:45:00,u_00715,d_1303,ip_0915,m_0089,32.58,0
tx_002812,2025-01-30 07:00:00,u_00494,d_1144,ip_0887,m_0176,399.72,0
tx_002813,2025-01-30 07:15:00,u_02410,d_1731,ip_1486,m_0091,29.81,0
tx_002814,2025-01-30 07:30:00,u_00499,d_0200,ip_1249,m_0003,116.07,0
tx_002815,2025-01-30 07:45:00,u_00235,d_0375,ip_0819,m_0116,30.0,0
tx_002816,2025-01-30 08:00:00,u_01684,d_0820,ip_0698,m_0162,51.61,0
tx_002817,2025-01-30 08:15:00,u_02168,d_1168,ip_1128,m_0229,543.3,0
tx_002818,2025-01-30 08:30:00,u_00318,d_0234,ip_0166,m_0040,421.77,0
tx_002819,2025-01-30 08:45:00,u_01769,d_0381,ip_0413,m_0143,469.34,0
tx_002820,2025-01-30 09:00:00,u_01351,d_0758,ip_0096,m_0059,34.85,0
tx_002821,2025-01-30 09:15:00,ring_u_12_5,ring_d_12,ring_ip_12,ring_m_4,26.28,1
tx_002822,2025-01-30 09:30:00,u_00317,d_0711,ip_0437,m_0036,208.49,0
tx_002823,2025-01-30 09:45:00,u_02439,d_1365,ip_0166,m_0227,303.48,0
tx_002824,2025-01-30 10:00:00,u_01547,d_0947,ip_0122,m_0275,66.72,0
tx_002825,2025-01-30 10:15:00,u_02105,d_0781,ip_1803,m_0199,83.19,0
tx_002826,2025-01-30 10:30:00,u_00904,d_0878,ip_0401,m_0113,47.88,0
tx_002827,2025-01-30 10:45:00,u_02358,d_1704,ip_1221,m_0284,779.18,0
tx_002828,2025-01-30 11:00:00,u_01565,d_0936,ip_0216,m_0149,92.3,0
tx_002829,2025-01-30 11:15:00,u_00317,d_0961,ip_2083,m_0158,153.13,0
tx_002830,2025-01-30 11:30:00,u_02307,d_1675,ip_0525,m_0190,161.36,0
tx_002831,2025-01-30 11:45:00,u_01989,d_0283,ip_1648,m_0196,448.37,0
tx_002832,2025-01-30 12:00:00,u_00750,d_0172,ip_1410,m_0147,57.26,0
tx_002833,2025-01-30 12:15:00,u_01364,d_0809,ip_1691,m_0143,477.36,0
tx_002834,2025-01-30 12:30:00,u_00970,d_0573,ip_1384,m_0095,41.32,0
tx_002835,2025-01-30 12:45:00,u_01358,d_0365,ip_1119,m_0204,476.14,0
tx_002836,2025-01-30 13:00:00,u_02413,d_0215,ip_1698,m_0201,26.7,0
tx_002837,2025-01-30 13:15:00,u_02247,d_1580,ip_1793,m_0130,133.68,0
tx_002838,2025-01-30 13:30:00,u_00538,d_1105,ip_0835,m_0213,754.03,0
tx_002839,2025-01-30 13:45:00,u_02429,d_1243,ip_2072,m_0041,298.05,0
tx_002840,2025-01-30 14:00:00,u_01094,d_0212,ip_2172,m_0124,226.16,0
tx_002841,2025-01-30 14:15:00,u_01762,d_0614,ip_1587,m_0296,52.02,0
tx_002842,2025-01-30 14:30:00,u_01910,d_1117,ip_2043,m_0220,71.18,0
tx_002843,2025-01-30 14:45:00,u_01207,d_0950,ip_0232,m_0216,569.29,0
tx_002844,2025-01-30 15:00:00,u_01141,d_1250,ip_1188,m_0258,238.02,0
tx_002845,2025-01-30 15:15:00,u_01141,d_1205,ip_1432,m_0182,361.5,0
tx_002846,2025-01-30 15:30:00,u_02156,d_0744,ip_2040,m_0198,159.78,0
tx_002847,2025-01-30 15:45:00,u_00965,d_1409,ip_0264,m_0144,111.97,0
tx_002848,2025-01-30 16:00:00,u_00699,d_0467,ip_1773,m_0247,319.47,0
tx_002849,2025-01-30 16:15:00,u_00903,d_0144,ip_0169,m_0213,192.36,0
tx_002850,2025-01-30 16:30:00,u_00487,d_1644,ip_0787,m_0157,125.22,0
tx_002851,2025-01-30 16:45:00,u_00978,d_0040,ip_1524,m_0038,36.09,0
tx_002852,2025-01-30 17:00:00,u_00285,d_0510,ip_0640,m_0241,385.26,0
tx_002853,2025-01-30 17:15:00,u_00224,d_0206,ip_1836,m_0097,230.45,0
tx_002854,2025-01-30 17:30:00,u_01809,d_0417,ip_2047,m_0107,80.94,0
tx_002855,2025-01-30 17:45:00,u_00193,d_0710,ip_0349,m_0037,482.63,0
tx_002856,2025-01-30 18:00:00,u_01420,d_0233,ip_0567,m_0065,189.39,0
tx_002857,2025-01-30 18:15:00,u_01949,d_0840,ip_0163,m_0037,193.14,0
tx_002858,2025-01-30 18:30:00,u_01811,d_1669,ip_1562,m_0029,359.21,0
tx_002859,2025-01-30 18:45:00,u_01115,d_0245,ip_1950,m_0006,289.66,0
tx_002860,2025-01-30 19:00:00,u_00484,d_1667,ip_1323,m_0088,199.07,0
tx_002861,2025-01-30 19:15:00,u_02326,d_0740,ip_0290,m_0226,122.91,0
tx_002862,2025-01-30 19:30:00,u_02087,d_1066,ip_0382,m_0259,1078.86,0
tx_002863,2025-01-30 19:45:00,u_01530,d_0794,ip_0077,m_0068,71.25,0
tx_002864,2025-01-30 20:00:00,u_00216,d_0569,ip_1077,m_0127,312.93,0
tx_002865,2025-01-30 20:15:00,u_00087,d_0196,ip_1586,m_0249,136.47,0
tx_002866,2025-01-30 20:30:00,u_00788,d_1068,ip_0330,m_0212,233.86,0
tx_002867,2025-01-30 20:45:00,u_00393,d_1649,ip_1864,m_0271,509.5,0
tx_002868,2025-01-30 21:00:00,u_02150,d_0937,ip_0555,m_0126,108.68,0
tx_002869,2025-01-30 21:15:00,u_00514,d_1078,ip_1131,m_0050,270.92,0
tx_002870,2025-01-30 21:30:00,u_00706,d_1158,ip_1468,m_0042,193.55,0
tx_002871,2025-01-30 21:45:00,u_02439,d_0699,ip_1187,m_0212,78.16,0
tx_002872,2025-01-30 22:00:00,u_02045,d_0217,ip_1051,m_0007,522.23,0
tx_002873,2025-01-30 22:15:00,u_00546,d_0912,ip_0741,m_0138,302.23,0
tx_002874,2025-01-30 22:30:00,u_00958,d_1564,ip_0946,m_0105,96.11,0
tx_002875,2025-01-30 22:45:00,u_01289,d_0565,ip_0524,m_0275,447.46,0
tx_002876,2025-01-30 23:00:00,u_01660,d_1568,ip_0647,m_0299,64.62,0
tx_002877,2025-01-30 23:15:00,u_02340,d_1537,ip_1661,m_0145,144.18,0
tx_002878,2025-01-30 23:30:00,u_02177,d_0440,ip_1941,m_0174,96.62,0
tx_002879,2025-01-30 23:45:00,u_02442,d_1035,ip_1868,m_0113,314.6,0
tx_002880,2025-01-31 00:00:00,u_00101,d_1345,ip_0728,m_0233,91.86,0
tx_002881,2025-01-31 00:15:00,u_00590,d_0890,ip_0706,m_0088,316.87,0
tx_002882,2025-01-31 00:30:00,ring_u_22_2,ring_d_22,ring_ip_22,ring_m_6,706.68,1
tx_002883,2025-01-31 00:45:00,u_00122,d_1639,ip_0602,m_0271,101.98,0
tx_002884,2025-01-31 01:00:00,u_00888,d_1129,ip_1288,m_0051,924.93,0
tx_002885,2025-01-31 01:15:00,u_00384,d_1508,ip_0589,m_0067,70.44,0
tx_002886,2025-01-31 01:30:00,u_02332,d_1441,ip_1613,m_0113,36.27,0
tx_002887,2025-01-31 01:45:00,u_00158,d_1463,ip_0111,m_0248,349.36,0
tx_002888,2025-01-31 02:00:00,u_00371,d_1534,ip_0906,m_0192,17.3,0
tx_002889,2025-01-31 02:15:00,u_00487,d_0406,ip_0618,m_0058,659.72,0
tx_002890,2025-01-31 02:30:00,u_00371,d_0033,ip_1087,m_0110,164.31,0
tx_002891,2025-01-31 02:45:00,u_01421,d_0275,ip_0056,m_0193,35.62,0
tx_002892,2025-01-31 03:00:00,u_00910,d_0449,ip_0921,m_0289,57.49,0
tx_002893,2025-01-31 03:15:00,u_02281,d_1242,ip_1734,m_0135,28.96,0
tx_002894,2025-01-31 03:30:00,u_00652,d_0917,ip_1885,m_0022,217.65,0
tx_002895,2025-01-31 03:45:00,u_01343,d_0843,ip_0563,m_0031,39.37,0
tx_002896,2025-01-31 04:00:00,u_01650,d_0016,ip_0943,m_0008,245.2,0
tx_002897,2025-01-31 04:15:00,u_01564,d_1230,ip_1518,m_0037,109.42,0
tx_002898,2025-01-31 04:30:00,u_01990,d_0655,ip_1020,m_0123,92.26,0
tx_002899,2025-01-31 04:45:00,u_00504,d_1369,ip_1195,m_0084,246.99,0
tx_002900,2025-01-31 05:00:00,u_01268,d_0202,ip_0751,m_0090,276.86,0
tx_002901,2025-01-31 05:15:00,u_02001,d_0531,ip_1842,m_0229,466.75,0
tx_002902,2025-01-31 05:30:00,u_02157,d_0098,ip_1389,m_0143,78.75,0
tx_002903,2025-01-31 05:45:00,u_01544,d_0512,ip_2112,m_0218,144.05,0
tx_002904,2025-01-31 06:00:00,u_01629,d_1662,ip_1715,m_0162,78.62,0
tx_002905,2025-01-31 06:15:00,u_02160,d_0883,ip_0808,m_0061,174.69,0
tx_002906,2025-01-31 06:30:00,u_01562,d_0791,ip_0721,m_0284,68.15,0
tx_002907,2025-01-31 06:45:00,u_02372,d_0492,ip_0194,m_0142,97.12,0
tx_002908,2025-01-31 07:00:00,u_00318,d_0476,ip_1369,m_0250,97.61,0
tx_002909,2025-01-31 07:15:00,u_00869,d_1201,ip_1649,m_0029,199.01,0
tx_002910,2025-01-31 07:30:00,u_00280,d_1773,ip_0779,m_0254,148.85,0
tx_002911,2025-01-31 07:45:00,u_00226,d_1344,ip_0046,m_0214,246.24,0
tx_002912,2025-01-31 08:00:00,u_01179,d_1326,ip_1816,m_0074,133.35,0
tx_002913,2025-01-31 08:15:00,u_00564,d_0849,ip_0490,m_0237,83.12,0
tx_002914,2025-01-31 08:30:00,u_01017,d_0177,ip_1280,m_0222,179.7,0
tx_002915,2025-01-31 08:45:00,u_01094,d_1302,ip_0117,m_0268,59.31,0
tx_002916,2025-01-31 09:00:00,u_01552,d_1455,ip_0138,m_0062,262.21,0
tx_002917,2025-01-31 09:15:00,u_02364,d_0918,ip_1975,m_0265,111.56,0
tx_002918,2025-01-31 09:30:00,u_02123,d_0164,ip_1479,m_0228,182.09,0
tx_002919,2025-01-31 09:45:00,u_00945,d_1283,ip_0011,m_0101,184.94,0
tx_002920,2025-01-31 10:00:00,u_00813,d_1657,ip_0221,m_0105,736.23,0
tx_002921,2025-01-31 10:15:00,u_01926,d_0404,ip_1084,m_0076,217.37,0
tx_002922,2025-01-31 10:30:00,u_00309,d_0286,ip_1496,m_0143,159.69,0
tx_002923,2025-01-31 10:45:00,u_01351,d_1329,ip_0932,m_0268,74.26,0
tx_002924,2025-01-31 11:00:00,u_01057,d_0597,ip_1920,m_0251,331.09,0
tx_002925,2025-01-31 11:15:00,u_00457,d_1287,ip_1436,m_0043,113.27,0
tx_002926,2025-01-31 11:30:00,u_01541,d_1265,ip_1351,m_0039,32.28,0
tx_002927,2025-01-31 11:45:00,u_00801,d_0479,ip_0637,m_0017,122.11,0
tx_002928,2025-01-31 12:00:00,u_00463,d_0076,ip_1500,m_0184,179.74,0
tx_002929,2025-01-31 12:15:00,u_01632,d_1000,ip_1922,m_0094,65.46,0
tx_002930,2025-01-31 12:30:00,u_00435,d_0733,ip_0107,m_0228,131.87,0
tx_002931,2025-01-31 12:45:00,u_01682,d_1539,ip_1615,m_0228,138.17,0
tx_002932,2025-01-31 13:00:00,u_00405,d_0644,ip_1935,m_0059,140.34,0
tx_002933,2025-01-31 13:15:00,u_01086,d_0449,ip_0951,m_0208,510.12,0
tx_002934,2025-01-31 13:30:00,u_02019,d_1548,ip_1684,m_0229,39.98,0
tx_002935,2025-01-31 13:45:00,u_00571,d_1324,ip_0787,m_0296,1134.34,0
tx_002936,2025-01-31 14:00:00,u_01919,d_1113,ip_0424,m_0216,143.62,0
tx_002937,2025-01-31 14:15:00,u_01804,d_1717,ip_1794,m_0107,265.13,0
tx_002938,2025-01-31 14:30:00,u_02256,d_1409,ip_0684,m_0299,168.65,0
tx_002939,2025-01-31 14:45:00,u_00422,d_1559,ip_1665,m_0082,26.42,0
tx_002940,2025-01-31 15:00:00,u_01787,d_1438,ip_0693,m_0241,51.59,0
tx_002941,2025-01-31 15:15:00,ring_u_8_15,ring_d_8,ring_ip_8,ring_m_0,3930.64,1
tx_002942,2025-01-31 15:30:00,u_01907,d_0112,ip_1507,m_0280,400.9,0
tx_002943,2025-01-31 15:45:00,u_00469,d_1092,ip_0751,m_0234,37.18,0
tx_002944,2025-01-31 16:00:00,u_02055,d_1376,ip_1777,m_0179,63.07,0
tx_002945,2025-01-31 16:15:00,u_00268,d_1785,ip_0085,m_0064,175.01,0
tx_002946,2025-01-31 16:30:00,u_01472,d_1226,ip_0025,m_0056,238.14,0
tx_002947,2025-01-31 16:45:00,u_01244,d_1023,ip_0179,m_0284,231.07,0
tx_002948,2025-01-31 17:00:00,u_01327,d_1036,ip_0563,m_0240,55.48,0
tx_002949,2025-01-31 17:15:00,u_01298,d_0207,ip_0118,m_0153,30.02,0
tx_002950,2025-01-31 17:30:00,u_00078,d_0013,ip_0837,m_0263,254.44,0
tx_002951,2025-01-31 17:45:00,u_01270,d_0081,ip_0053,m_0234,622.11,0
tx_002952,2025-01-31 18:00:00,u_02341,d_1628,ip_1663,m_0116,105.08,0
tx_002953,2025-01-31 18:15:00,u_01091,d_1422,ip_0336,m_0248,47.24,0
tx_002954,2025-01-31 18:30:00,u_00692,d_0468,ip_2138,m_0238,96.56,0
tx_002955,2025-01-31 18:45:00,u_02487,d_0762,ip_1885,m_0143,220.1,0
tx_002956,2025-01-31 19:00:00,u_00247,d_0870,ip_1527,m_0005,117.55,0
tx_002957,2025-01-31 19:15:00,u_01215,d_0444,ip_1755,m_0222,606.19,0
tx_002958,2025-01-31 19:30:00,u_01281,d_0760,ip_1704,m_0101,374.27,0
tx_002959,2025-01-31 19:45:00,u_01194,d_0625,ip_1860,m_0109,178.46,0
tx_002960,2025-01-31 20:00:00,u_02304,d_1250,ip_1221,m_0214,21.02,0
tx_002961,2025-01-31 20:15:00,u_01054,d_1363,ip_1372,m_0243,74.27,0
tx_002962,2025-01-31 20:30:00,u_02433,d_0177,ip_1031,m_0026,85.8,0
tx_002963,2025-01-31 20:45:00,u_00167,d_0837,ip_1372,m_0247,70.34,0
tx_002964,2025-01-31 21:00:00,u_01834,d_1784,ip_0839,m_0087,179.62,0
tx_002965,2025-01-31 21:15:00,u_01482,d_1563,ip_0272,m_0169,183.36,0
tx_002966,2025-01-31 21:30:00,u_00601,d_1428,ip_2048,m_0260,27.82,0
tx_002967,2025-01-31 21:45:00,u_00569,d_1322,ip_1537,m_0065,331.82,0
tx_002968,2025-01-31 22:00:00,u_01799,d_0007,ip_1550,m_0066,150.83,0
tx_002969,2025-01-31 22:15:00,u_01594,d_1753,ip_0616,m_0291,212.22,0
tx_002970,2025-01-31 22:30:00,u_01527,d_1323,ip_1695,m_0111,312.57,0
tx_002971,2025-01-31 22:45:00,u_00127,d_1599,ip_1142,m_0284,68.93,0
tx_002972,2025-01-31 23:00:00,u_01494,d_1636,ip_0168,m_0107,522.65,0
tx_002973,2025-01-31 23:15:00,u_02453,d_0458,ip_2100,m_0185,128.79,0
tx_002974,2025-01-31 23:30:00,u_00043,d_0024,ip_2181,m_0153,673.54,0
tx_002975,2025-01-31 23:45:00,u_01172,d_1186,ip_1915,m_0295,60.71,0
tx_002976,2025-02-01 00:00:00,u_01235,d_0826,ip_1044,m_0165,625.31,0
tx_002977,2025-02-01 00:15:00,u_02241,d_0036,ip_0513,m_0150,60.1,0
tx_002978,2025-02-01 00:30:00,u_00707,d_0487,ip_0024,m_0139,1898.43,0
tx_002979,2025-02-01 00:45:00,u_01188,d_1783,ip_1620,m_0112,57.29,0
tx_002980,2025-02-01 01:00:00,u_01792,d_0654,ip_1960,m_0132,426.92,0
tx_002981,2025-02-01 01:15:00,u_00150,d_0469,ip_0228,m_0138,103.3,0
tx_002982,2025-02-01 01:30:00,u_02002,d_1178,ip_1505,m_0229,303.39,0
tx_002983,2025-02-01 01:45:00,u_02055,d_1196,ip_0058,m_0013,142.52,0
tx_002984,2025-02-01 02:00:00,u_01799,d_0597,ip_1708,m_0150,49.84,0
tx_002985,2025-02-01 02:15:00,u_01620,d_1528,ip_0061,m_0164,9.05,0
tx_002986,2025-02-01 02:30:00,u_01869,d_1044,ip_2145,m_0225,1821.81,0
tx_002987,2025-02-01 02:45:00,u_01954,d_0288,ip_0374,m_0199,159.66,0
tx_002988,2025-02-01 03:00:00,u_02258,d_0584,ip_0880,m_0129,7.82,0
tx_002989,2025-02-01 03:15:00,u_01070,d_1526,ip_1528,m_0032,200.86,0
tx_002990,2025-02-01 03:30:00,u_01140,d_0160,ip_1861,m_0111,295.77,0
tx_002991,2025-02-01 03:45:00,u_01594,d_0022,ip_0799,m_0076,72.6,0
tx_002992,2025-02-01 04:00:00,u_00482,d_1181,ip_2156,m_0061,73.09,0
tx_002993,2025-02-01 04:15:00,u_02140,d_0795,ip_0035,m_0216,145.5,0
tx_002994,2025-02-01 04:30:00,u_01926,d_0455,ip_1037,m_0143,494.03,0
tx_002995,2025-02-01 04:45:00,u_01577,d_0849,ip_2173,m_0238,164.02,0
tx_002996,2025-02-01 05:00:00,u_00754,d_0330,ip_0603,m_0041,641.13,0
tx_002997,2025-02-01 05:15:00,u_00869,d_0673,ip_1173,m_0295,460.0,0
tx_002998,2025-02-01 05:30:00,u_01087,d_0421,ip_0978,m_0142,118.06,0
tx_002999,2025-02-01 05:45:00,u_01656,d_1055,ip_0866,m_0075,30.86,0
tx_003000,2025-02-01 06:00:00,u_01945,d_1212,ip_1689,m_0108,118.31,0
tx_003001,2025-02-01 06:15:00,u_01679,d_1646,ip_1141,m_0252,251.26,0
tx_003002,2025-02-01 06:30:00,u_02324,d_0121,ip_1570,m_0212,157.57,0
tx_003003,2025-02-01 06:45:00,u_02401,d_0588,ip_1143,m_0051,279.9,0
tx_003004,2025-02-01 07:00:00,u_01762,d_0475,ip_2194,m_0297,351.93,0
tx_003005,2025-02-01 07:15:00,u_00927,d_1042,ip_1034,m_0039,252.36,0
tx_003006,2025-02-01 07:30:00,u_01497,d_0959,ip_1751,m_0082,112.69,0
tx_003007,2025-02-01 07:45:00,u_01062,d_1579,ip_1348,m_0218,249.61,0
tx_003008,2025-02-01 08:00:00,u_01572,d_1654,ip_1763,m_0158,1387.81,0
tx_003009,2025-02-01 08:15:00,u_02030,d_1391,ip_1948,m_0133,33.45,0
tx_003010,2025-02-01 08:30:00,u_00923,d_0358,ip_0498,m_0277,241.6,0
tx_003011,2025-02-01 08:45:00,u_01264,d_0073,ip_0663,m_0238,927.05,0
tx_003012,2025-02-01 09:00:00,u_00114,d_1618,ip_0663,m_0288,45.85,0
tx_003013,2025-02-01 09:15:00,u_01841,d_1697,ip_1071,m_0084,403.87,0
tx_003014,2025-02-01 09:30:00,u_01224,d_0450,ip_1082,m_0255,461.61,0
tx_003015,2025-02-01 09:45:00,u_01149,d_0083,ip_0008,m_0063,33.89,0
tx_003016,2025-02-01 10:00:00,u_01331,d_1225,ip_1969,m_0241,302.58,0
tx_003017,2025-02-01 10:15:00,u_00538,d_1059,ip_1891,m_0164,113.15,0
tx_003018,2025-02-01 10:30:00,u_01494,d_1599,ip_1322,m_0179,139.71,0
tx_003019,2025-02-01 10:45:00,u_01863,d_1035,ip_0672,m_0034,107.24,0
tx_003020,2025-02-01 11:00:00,u_00874,d_1368,ip_1818,m_0263,551.53,0
tx_003021,2025-02-01 11:15:00,ring_u_2_0,ring_d_2,ring_ip_2,ring_m_2,3403.62,1
tx_003022,2025-02-01 11:30:00,u_00967,d_0017,ip_0672,m_0179,93.38,0
tx_003023,2025-02-01 11:45:00,u_00496,d_0267,ip_2194,m_0049,94.98,0
tx_003024,2025-02-01 12:00:00,u_00934,d_1404,ip_2032,m_0277,105.53,0
tx_003025,2025-02-01 12:15:00,u_01567,d_0322,ip_1285,m_0096,50.42,0
tx_003026,2025-02-01 12:30:00,u_00283,d_0371,ip_0372,m_0228,92.56,0
tx_003027,2025-02-01 12:45:00,u_01868,d_1353,ip_0270,m_0229,166.95,0
tx_003028,2025-02-01 13:00:00,u_00561,d_0368,ip_2121,m_0165,222.38,0
tx_003029,2025-02-01 13:15:00,u_02236,d_0269,ip_0584,m_0036,494.74,0
tx_003030,2025-02-01 13:30:00,u_01831,d_0024,ip_1499,m_0083,188.85,0
tx_003031,2025-02-01 13:45:00,u_00681,d_0845,ip_0777,m_0183,92.34,0
tx_003032,2025-02-01 14:00:00,u_01408,d_1146,ip_1092,m_0160,54.0,0
tx_003033,2025-02-01 14:15:00,u_00276,d_1316,ip_2169,m_0175,199.24,0
tx_003034,2025-02-01 14:30:00,u_00249,d_1630,ip_1304,m_0074,131.98,0
tx_003035,2025-02-01 14:45:00,u_02390,d_1172,ip_0947,m_0161,136.41,0
tx_003036,2025-02-01 15:00:00,u_02006,d_1361,ip_0914,m_0025,192.97,0
tx_003037,2025-02-01 15:15:00,u_00386,d_0379,ip_0506,m_0145,249.48,0
tx_003038,2025-02-01 15:30:00,u_00706,d_0612,ip_1224,m_0027,194.36,0
tx_003039,2025-02-01 15:45:00,u_00494,d_0547,ip_1253,m_0199,125.15,0
tx_003040,2025-02-01 16:00:00,u_00987,d_0117,ip_0209,m_0170,66.59,0
tx_003041,2025-02-01 16:15:00,u_00728,d_1744,ip_0890,m_0255,80.42,0
tx_003042,2025-02-01 16:30:00,u_00820,d_0434,ip_1418,m_0138,346.63,0
tx_003043,2025-02-01 16:45:00,u_01323,d_0807,ip_0120,m_0048,97.17,0
tx_003044,2025-02-01 17:00:00,u_00472,d_0642,ip_2147,m_0070,38.63,0
tx_003045,2025-02-01 17:15:00,u_02207,d_0080,ip_1894,m_0244,473.23,0
tx_003046,2025-02-01 17:30:00,u_01819,d_1626,ip_1401,m_0287,57.84,0
tx_003047,2025-02-01 17:45:00,u_01901,d_0395,ip_0034,m_0018,153.74,0
tx_003048,2025-02-01 18:00:00,u_00423,d_0180,ip_1139,m_0202,242.54,0
tx_003049,2025-02-01 18:15:00,u_01770,d_0616,ip_1976,m_0144,148.89,0
tx_003050,2025-02-01 18:30:00,u_02090,d_0258,ip_0049,m_0077,12.45,0
tx_003051,2025-02-01 18:45:00,u_00437,d_1799,ip_1742,m_0153,219.31,0
tx_003052,2025-02-01 19:00:00,u_01878,d_0340,ip_1846,m_0280,559.18,0
tx_003053,2025-02-01 19:15:00,u_00894,d_0544,ip_0166,m_0059,325.88,0
tx_003054,2025-02-01 19:30:00,u_01968,d_0488,ip_0506,m_0251,17.74,0
tx_003055,2025-02-01 19:45:00,u_01196,d_0047,ip_1591,m_0026,1245.44,0
tx_003056,2025-02-01 20:00:00,u_02005,d_0023,ip_2005,m_0216,39.42,0
tx_003057,2025-02-01 20:15:00,u_00368,d_0923,ip_1696,m_0022,50.48,0
tx_003058,2025-02-01 20:30:00,u_00972,d_0418,ip_1156,m_0018,324.37,0
tx_003059,2025-02-01 20:45:00,u_00683,d_0150,ip_1325,m_0011,233.42,0
tx_003060,2025-02-01 21:00:00,u_00620,d_0524,ip_1154,m_0241,160.83,0
tx_003061,2025-02-01 21:15:00,u_00770,d_0493,ip_1270,m_0172,83.98,0
tx_003062,2025-02-01 21:30:00,u_00956,d_0763,ip_1695,m_0207,561.64,0
tx_003063,2025-02-01 21:45:00,u_00318,d_1786,ip_0109,m_0046,142.69,0
tx_003064,2025-02-01 22:00:00,u_01767,d_0552,ip_0460,m_0276,31.01,0
tx_003065,2025-02-01 22:15:00,u_01375,d_1268,ip_0130,m_0242,508.92,0
tx_003066,2025-02-01 22:30:00,u_02073,d_1383,ip_1751,m_0146,184.8,0
tx_003067,2025-02-01 22:45:00,u_01762,d_0091,ip_1600,m_0269,452.6,0
tx_003068,2025-02-01 23:00:00,u_00372,d_0902,ip_0116,m_0042,263.1,0
tx_003069,2025-02-01 23:15:00,u_00174,d_0807,ip_0232,m_0087,1622.34,0
tx_003070,2025-02-01 23:30:00,u_01057,d_0913,ip_0582,m_0014,108.86,0
tx_003071,2025-02-01 23:45:00,u_01202,d_0308,ip_0532,m_0049,150.82,0
tx_003072,2025-02-02 00:00:00,u_00600,d_0837,ip_1142,m_0252,304.85,0
tx_003073,2025-02-02 00:15:00,u_01955,d_0221,ip_1097,m_0122,109.53,0
tx_003074,2025-02-02 00:30:00,u_01453,d_1702,ip_0786,m_0193,331.17,0
tx_003075,2025-02-02 00:45:00,u_01869,d_1056,ip_0361,m_0264,7.79,0
tx_003076,2025-02-02 01:00:00,u_00272,d_0062,ip_1428,m_0229,137.99,0
tx_003077,2025-02-02 01:15:00,u_02037,d_0910,ip_1737,m_0119,133.89,0
tx_003078,2025-02-02 01:30:00,u_00515,d_1667,ip_1408,m_0104,129.13,0
tx_003079,2025-02-02 01:45:00,u_01120,d_1337,ip_1776,m_0032,61.75,0
tx_003080,2025-02-02 02:00:00,u_01098,d_0491,ip_2010,m_0248,367.28,0
tx_003081,2025-02-02 02:15:00,u_02051,d_1606,ip_1852,m_0295,89.62,0
tx_003082,2025-02-02 02:30:00,u_00692,d_0333,ip_1433,m_0150,181.32,0
tx_003083,2025-02-02 02:45:00,u_00601,d_0444,ip_0109,m_0149,143.0,0
tx_003084,2025-02-02 03:00:00,u_00849,d_0278,ip_0736,m_0254,244.78,0
tx_003085,2025-02-02 03:15:00,u_00902,d_1661,ip_0941,m_0102,620.77,0
tx_003086,2025-02-02 03:30:00,u_00454,d_1290,ip_1567,m_0121,180.39,0
tx_003087,2025-02-02 03:45:00,u_00440,d_0932,ip_1863,m_0268,344.26,0
tx_003088,2025-02-02 04:00:00,u_00578,d_1202,ip_1408,m_0113,171.55,0
tx_003089,2025-02-02 04:15:00,u_01168,d_0465,ip_0799,m_0278,89.48,0
tx_003090,2025-02-02 04:30:00,u_00858,d_0127,ip_1733,m_0048,128.82,0
tx_003091,2025-02-02 04:45:00,u_00980,d_1522,ip_1530,m_0149,111.77,0
tx_003092,2025-02-02 05:00:00,u_01797,d_1735,ip_1755,m_0146,261.95,0
tx_003093,2025-02-02 05:15:00,u_00602,d_0063,ip_1296,m_0092,165.12,0
tx_003094,2025-02-02 05:30:00,u_02274,d_0093,ip_1422,m_0288,67.07,0
tx_003095,2025-02-02 05:45:00,u_01879,d_1007,ip_0763,m_0144,118.87,0
tx_003096,2025-02-02 06:00:00,u_00436,d_0077,ip_0879,m_0263,32.27,0
tx_003097,2025-02-02 06:15:00,u_00784,d_1298,ip_0608,m_0065,123.4,0
tx_003098,2025-02-02 06:30:00,ring_u_5_5,ring_d_5,ring_ip_5,ring_m_5,1945.7,1
tx_003099,2025-02-02 06:45:00,u_00682,d_0503,ip_1436,m_0143,905.46,0
tx_003100,2025-02-02 07:00:00,u_00913,d_0529,ip_0844,m_0169,571.61,0
tx_003101,2025-02-02 07:15:00,u_00327,d_1554,ip_0293,m_0068,52.77,0
tx_003102,2025-02-02 07:30:00,u_00036,d_0641,ip_0077,m_0093,181.59,0
tx_003103,2025-02-02 07:45:00,u_01097,d_0432,ip_1892,m_0186,184.81,0
tx_003104,2025-02-02 08:00:00,u_01752,d_0151,ip_0957,m_0083,117.87,0
tx_003105,2025-02-02 08:15:00,u_00757,d_1511,ip_1268,m_0227,125.63,0
tx_003106,2025-02-02 08:30:00,u_02151,d_1666,ip_1990,m_0143,104.17,0
tx_003107,2025-02-02 08:45:00,u_00923,d_0141,ip_0245,m_0290,965.56,0
tx_003108,2025-02-02 09:00:00,u_02251,d_1445,ip_2062,m_0071,97.89,0
tx_003109,2025-02-02 09:15:00,u_00589,d_0287,ip_1547,m_0252,208.71,0
tx_003110,2025-02-02 09:30:00,u_01348,d_0249,ip_1408,m_0147,11.83,0
tx_003111,2025-02-02 09:45:00,u_01907,d_0685,ip_0948,m_0025,338.18,0
tx_003112,2025-02-02 10:00:00,u_00147,d_0786,ip_1553,m_0211,485.05,0
tx_003113,2025-02-02 10:15:00,u_02325,d_1537,ip_0448,m_0063,51.83,0
tx_003114,2025-02-02 10:30:00,u_00912,d_1259,ip_0664,m_0041,88.95,0
tx_003115,2025-02-02 10:45:00,u_01244,d_0260,ip_2114,m_0159,233.11,0
tx_003116,2025-02-02 11:00:00,u_01571,d_1051,ip_0606,m_0235,151.33,0
tx_003117,2025-02-02 11:15:00,u_01607,d_1575,ip_1583,m_0077,236.6,0
tx_003118,2025-02-02 11:30:00,u_00059,d_1191,ip_2046,m_0186,111.36,0
tx_003119,2025-02-02 11:45:00,u_02167,d_0413,ip_1304,m_0004,956.49,0
tx_003120,2025-02-02 12:00:00,u_01559,d_0231,ip_0654,m_0055,75.96,0
tx_003121,2025-02-02 12:15:00,u_02497,d_0814,ip_1867,m_0226,2189.82,0
tx_003122,2025-02-02 12:30:00,u_01178,d_0849,ip_1817,m_0003,513.85,0
tx_003123,2025-02-02 12:45:00,u_01533,d_0634,ip_1196,m_0107,341.08,0
tx_003124,2025-02-02 13:00:00,u_01102,d_0196,ip_0252,m_0152,52.43,0
tx_003125,2025-02-02 13:15:00,ring_u_11_4,ring_d_11,ring_ip_11,ring_m_3,4729.25,1
tx_003126,2025-02-02 13:30:00,u_02080,d_0952,ip_0949,m_0293,271.49,0
tx_003127,2025-02-02 13:45:00,u_02271,d_1699,ip_0416,m_0152,17.82,0
tx_003128,2025-02-02 14:00:00,u_01260,d_1076,ip_0884,m_0101,36.43,0
tx_003129,2025-02-02 14:15:00,u_01978,d_0788,ip_0337,m_0293,212.22,0
tx_003130,2025-02-02 14:30:00,u_00896,d_1676,ip_1523,m_0167,129.89,0
tx_003131,2025-02-02 14:45:00,u_01152,d_1242,ip_0950,m_0203,88.55,0
tx_003132,2025-02-02 15:00:00,u_01900,d_1292,ip_1607,m_0027,436.57,0
tx_003133,2025-02-02 15:15:00,u_00202,d_1035,ip_1003,m_0047,61.33,0
tx_003134,2025-02-02 15:30:00,u_01776,d_1373,ip_1570,m_0013,94.14,0
tx_003135,2025-02-02 15:45:00,u_00039,d_0903,ip_1613,m_0154,77.71,0
tx_003136,2025-02-02 16:00:00,u_01451,d_1119,ip_0352,m_0250,247.19,0
tx_003137,2025-02-02 16:15:00,u_01193,d_1109,ip_0972,m_0270,26.59,0
tx_003138,2025-02-02 16:30:00,u_01171,d_1354,ip_1649,m_0172,90.23,0
tx_003139,2025-02-02 16:45:00,u_01235,d_1617,ip_1304,m_0016,26.5,0
tx_003140,2025-02-02 17:00:00,u_01229,d_0529,ip_0487,m_0187,108.54,0
tx_003141,2025-02-02 17:15:00,u_01018,d_1258,ip_1831,m_0191,305.84,0
tx_003142,2025-02-02 17:30:00,u_01128,d_0056,ip_0439,m_0179,311.34,0
tx_003143,2025-02-02 17:45:00,u_01420,d_0958,ip_2185,m_0216,71.69,0
tx_003144,2025-02-02 18:00:00,u_01908,d_1617,ip_1555,m_0167,252.98,0
tx_003145,2025-02-02 18:15:00,u_01380,d_1161,ip_0709,m_0211,123.33,0
tx_003146,2025-02-02 18:30:00,u_01606,d_0481,ip_0428,m_0145,578.87,0
tx_003147,2025-02-02 18:45:00,u_02091,d_1091,ip_1984,m_0045,130.33,0
tx_003148,2025-02-02 19:00:00,u_02473,d_0643,ip_1151,m_0023,7.59,0
tx_003149,2025-02-02 19:15:00,u_00271,d_0779,ip_1773,m_0272,363.1,0
tx_003150,2025-02-02 19:30:00,u_01782,d_0410,ip_1829,m_0132,93.78,0
tx_003151,2025-02-02 19:45:00,u_00562,d_1124,ip_0149,m_0096,112.82,0
tx_003152,2025-02-02 20:00:00,u_00491,d_0357,ip_1504,m_0087,207.66,0
tx_003153,2025-02-02 20:15:00,u_01982,d_0798,ip_0735,m_0015,35.71,0
tx_003154,2025-02-02 20:30:00,u_00171,d_1690,ip_1996,m_0283,159.92,0
tx_003155,2025-02-02 20:45:00,u_02119,d_1363,ip_0481,m_0024,253.28,0
tx_003156,2025-02-02 21:00:00,u_01926,d_0745,ip_0073,m_0065,213.59,0
tx_003157,2025-02-02 21:15:00,u_02487,d_1744,ip_1461,m_0137,81.54,0
tx_003158,2025-02-02 21:30:00,u_01669,d_0025,ip_1214,m_0107,400.19,0
tx_003159,2025-02-02 21:45:00,u_02182,d_1727,ip_1221,m_0011,54.74,0
tx_003160,2025-02-02 22:00:00,u_00296,d_0633,ip_0579,m_0098,79.4,0
tx_003161,2025-02-02 22:15:00,u_02224,d_1477,ip_1088,m_0233,129.54,0
tx_003162,2025-02-02 22:30:00,u_00400,d_1705,ip_2121,m_0075,199.43,0
tx_003163,2025-02-02 22:45:00,u_00785,d_1083,ip_1679,m_0259,107.28,0
tx_003164,2025-02-02 23:00:00,u_00320,d_1098,ip_2166,m_0108,507.04,0
tx_003165,2025-02-02 23:15:00,u_01004,d_1348,ip_0733,m_0004,199.39,0
tx_003166,2025-02-02 23:30:00,u_01872,d_0431,ip_1914,m_0032,160.08,0
tx_003167,2025-02-02 23:45:00,u_00670,d_0320,ip_0842,m_0243,192.51,0
tx_003168,2025-02-03 00:00:00,u_02055,d_0618,ip_2058,m_0121,308.87,0
tx_003169,2025-02-03 00:15:00,u_01515,d_0862,ip_1904,m_0294,188.82,0
tx_003170,2025-02-03 00:30:00,u_01572,d_1337,ip_0362,m_0236,24.3,0
tx_003171,2025-02-03 00:45:00,u_02347,d_0463,ip_2138,m_0009,441.2,0
tx_003172,2025-02-03 01:00:00,u_01079,d_1016,ip_1336,m_0093,167.28,0
tx_003173,2025-02-03 01:15:00,u_00861,d_0006,ip_1707,m_0217,294.37,0
tx_003174,2025-02-03 01:30:00,u_02486,d_0055,ip_1273,m_0018,98.89,0
tx_003175,2025-02-03 01:45:00,u_01392,d_1740,ip_0477,m_0299,23.89,0
tx_003176,2025-02-03 02:00:00,u_01536,d_1530,ip_2166,m_0049,15.2,0
tx_003177,2025-02-03 02:15:00,u_00740,d_1554,ip_0247,m_0239,57.72,0
tx_003178,2025-02-03 02:30:00,u_00538,d_0591,ip_1779,m_0252,248.96,0
tx_003179,2025-02-03 02:45:00,u_00424,d_0924,ip_0460,m_0151,543.42,0
tx_003180,2025-02-03 03:00:00,u_00558,d_1214,ip_1728,m_0241,200.73,0
tx_003181,2025-02-03 03:15:00,u_00487,d_0457,ip_0930,m_0265,51.82,0
tx_003182,2025-02-03 03:30:00,u_01866,d_1340,ip_0520,m_0220,67.75,0
tx_003183,2025-02-03 03:45:00,u_00144,d_1247,ip_0520,m_0212,578.7,0
tx_003184,2025-02-03 04:00:00,u_01573,d_0733,ip_0703,m_0116,40.01,0
tx_003185,2025-02-03 04:15:00,u_02373,d_0782,ip_1982,m_0087,1214.12,0
tx_003186,2025-02-03 04:30:00,u_01913,d_0553,ip_1692,m_0260,968.78,0
tx_003187,2025-02-03 04:45:00,u_01007,d_1446,ip_1475,m_0067,1254.79,0
tx_003188,2025-02-03 05:00:00,u_00148,d_1776,ip_1385,m_0124,217.17,0
tx_003189,2025-02-03 05:15:00,u_02085,d_1799,ip_0916,m_0153,105.48,0
tx_003190,2025-02-03 05:30:00,u_00007,d_1388,ip_1983,m_0117,211.95,0
tx_003191,2025-02-03 05:45:00,u_01703,d_0628,ip_0602,m_0111,368.18,0
tx_003192,2025-02-03 06:00:00,u_01677,d_1405,ip_2074,m_0179,77.42,0
tx_003193,2025-02-03 06:15:00,u_00479,d_0439,ip_0837,m_0098,49.34,0
tx_003194,2025-02-03 06:30:00,u_01849,d_1613,ip_0751,m_0296,111.73,0
tx_003195,2025-02-03 06:45:00,u_00438,d_0481,ip_1047,m_0053,68.56,0
tx_003196,2025-02-03 07:00:00,u_00564,d_0725,ip_1646,m_0116,513.31,0
tx_003197,2025-02-03 07:15:00,u_02029,d_0168,ip_1570,m_0253,80.12,0
tx_003198,2025-02-03 07:30:00,u_02447,d_0146,ip_1686,m_0142,163.31,0
tx_003199,2025-02-03 07:45:00,u_00661,d_0709,ip_0196,m_0211,396.64,0
tx_003200,2025-02-03 08:00:00,u_02303,d_0990,ip_0354,m_0194,533.7,0
tx_003201,2025-02-03 08:15:00,u_02283,d_0031,ip_1867,m_0099,182.83,0
tx_003202,2025-02-03 08:30:00,u_01923,d_1523,ip_2157,m_0223,217.96,0
tx_003203,2025-02-03 08:45:00,u_00350,d_0205,ip_0280,m_0071,53.68,0
tx_003204,2025-02-03 09:00:00,u_00748,d_1797,ip_1989,m_0224,412.84,0
tx_003205,2025-02-03 09:15:00,u_01694,d_0489,ip_0577,m_0038,525.07,0
tx_003206,2025-02-03 09:30:00,u_02498,d_0682,ip_2154,m_0208,22.87,0
tx_003207,2025-02-03 09:45:00,u_02036,d_0287,ip_2185,m_0033,865.19,0
tx_003208,2025-02-03 10:00:00,u_01050,d_1483,ip_1401,m_0260,73.65,0
tx_003209,2025-02-03 10:15:00,u_00588,d_1317,ip_0418,m_0187,268.98,0
tx_003210,2025-02-03 10:30:00,u_02400,d_0141,ip_1734,m_0012,160.38,0
tx_003211,2025-02-03 10:45:00,u_00690,d_0190,ip_0222,m_0032,139.72,0
tx_003212,2025-02-03 11:00:00,u_00855,d_1096,ip_0735,m_0056,120.72,0
tx_003213,2025-02-03 11:15:00,u_02411,d_1558,ip_1404,m_0288,55.01,0
tx_003214,2025-02-03 11:30:00,u_01404,d_0197,ip_0148,m_0176,250.59,0
tx_003215,2025-02-03 11:45:00,u_00661,d_0398,ip_0864,m_0083,111.49,0
tx_003216,2025-02-03 12:00:00,u_00013,d_0981,ip_1753,m_0083,40.07,0
tx_003217,2025-02-03 12:15:00,u_01074,d_0195,ip_0202,m_0007,52.72,0
tx_003218,2025-02-03 12:30:00,u_02465,d_0548,ip_0806,m_0060,40.75,0
tx_003219,2025-02-03 12:45:00,u_01081,d_0018,ip_0008,m_0256,87.83,0
tx_003220,2025-02-03 13:00:00,u_01748,d_0898,ip_1448,m_0179,241.07,0
tx_003221,2025-02-03 13:15:00,u_00632,d_1287,ip_0174,m_0110,72.88,0
tx_003222,2025-02-03 13:30:00,u_01939,d_0741,ip_0618,m_0006,393.64,0
tx_003223,2025-02-03 13:45:00,u_01939,d_0461,ip_1150,m_0102,131.73,0
tx_003224,2025-02-03 14:00:00,u_01520,d_0763,ip_0471,m_0114,111.12,0
tx_003225,2025-02-03 14:15:00,u_01929,d_0917,ip_0507,m_0035,150.92,0
tx_003226,2025-02-03 14:30:00,u_01447,d_0298,ip_1836,m_0182,598.94,0
tx_003227,2025-02-03 14:45:00,u_00945,d_0200,ip_1710,m_0198,37.66,0
tx_003228,2025-02-03 15:00:00,u_01844,d_0327,ip_0177,m_0299,777.72,0
tx_003229,2025-02-03 15:15:00,u_02087,d_1773,ip_1886,m_0107,387.67,0
tx_003230,2025-02-03 15:30:00,u_02102,d_1301,ip_1029,m_0082,145.23,0
tx_003231,2025-02-03 15:45:00,u_00532,d_0225,ip_0318,m_0246,484.46,0
tx_003232,2025-02-03 16:00:00,u_01691,d_0542,ip_1994,m_0105,107.5,0
tx_003233,2025-02-03 16:15:00,u_00010,d_0741,ip_0741,m_0189,197.49,0
tx_003234,2025-02-03 16:30:00,u_01429,d_0326,ip_0716,m_0221,86.37,0
tx_003235,2025-02-03 16:45:00,u_01427,d_1532,ip_0322,m_0263,390.13,0
tx_003236,2025-02-03 17:00:00,u_00908,d_1693,ip_1949,m_0095,73.17,0
tx_003237,2025-02-03 17:15:00,u_02485,d_0440,ip_0630,m_0186,140.98,0
tx_003238,2025-02-03 17:30:00,u_02207,d_0029,ip_1303,m_0039,292.7,0
tx_003239,2025-02-03 17:45:00,u_00096,d_0480,ip_0526,m_0233,423.35,0
tx_003240,2025-02-03 18:00:00,u_00522,d_1048,ip_1970,m_0013,65.29,0
tx_003241,2025-02-03 18:15:00,u_00519,d_1455,ip_1731,m_0208,315.18,0
tx_003242,2025-02-03 18:30:00,u_02243,d_0611,ip_1106,m_0062,55.59,0
tx_003243,2025-02-03 18:45:00,u_01297,d_0492,ip_0760,m_0138,17.28,0
tx_003244,2025-02-03 19:00:00,u_01822,d_0447,ip_1441,m_0022,70.24,0
tx_003245,2025-02-03 19:15:00,u_02024,d_0005,ip_1090,m_0206,341.95,0
tx_003246,2025-02-03 19:30:00,u_01919,d_0025,ip_2070,m_0144,146.61,0
tx_003247,2025-02-03 19:45:00,u_00222,d_0770,ip_1482,m_0199,86.92,0
tx_003248,2025-02-03 20:00:00,u_00350,d_1111,ip_0059,m_0104,156.88,0
tx_003249,2025-02-03 20:15:00,u_00988,d_0022,ip_1808,m_0002,151.78,0
tx_003250,2025-02-03 20:30:00,u_00845,d_0360,ip_0424,m_0174,276.41,0
tx_003251,2025-02-03 20:45:00,u_01867,d_1637,ip_0662,m_0209,29.62,0
tx_003252,2025-02-03 21:00:00,u_00390,d_1782,ip_0959,m_0199,133.97,0
tx_003253,2025-02-03 21:15:00,u_00928,d_1155,ip_0460,m_0078,168.05,0
tx_003254,2025-02-03 21:30:00,u_00591,d_0939,ip_2073,m_0214,37.89,0
tx_003255,2025-02-03 21:45:00,u_00472,d_1049,ip_2152,m_0162,37.37,0
tx_003256,2025-02-03 22:00:00,u_00432,d_0666,ip_0342,m_0063,103.06,0
tx_003257,2025-02-03 22:15:00,u_00488,d_0362,ip_0704,m_0033,149.68,0
tx_003258,2025-02-03 22:30:00,u_01410,d_0676,ip_0815,m_0097,150.21,0
tx_003259,2025-02-03 22:45:00,u_01025,d_1259,ip_1476,m_0006,85.09,0
tx_003260,2025-02-03 23:00:00,u_01088,d_1192,ip_1315,m_0214,81.67,0
tx_003261,2025-02-03 23:15:00,u_01198,d_1219,ip_1491,m_0004,99.97,0
tx_003262,2025-02-03 23:30:00,u_01852,d_1095,ip_0068,m_0014,200.04,0
tx_003263,2025-02-03 23:45:00,u_02154,d_0108,ip_1130,m_0047,515.23,0
tx_003264,2025-02-04 00:00:00,u_01316,d_1127,ip_0464,m_0097,16.11,0
tx_003265,2025-02-04 00:15:00,u_01605,d_1585,ip_0502,m_0005,276.72,0
tx_003266,2025-02-04 00:30:00,u_01846,d_1168,ip_1704,m_0188,132.8,0
tx_003267,2025-02-04 00:45:00,u_01726,d_1042,ip_0311,m_0039,251.07,0
tx_003268,2025-02-04 01:00:00,u_00335,d_0403,ip_0069,m_0240,485.68,0
tx_003269,2025-02-04 01:15:00,u_02457,d_1426,ip_1071,m_0167,69.75,0
tx_003270,2025-02-04 01:30:00,u_00412,d_0812,ip_1618,m_0025,381.57,0
tx_003271,2025-02-04 01:45:00,u_01029,d_0473,ip_1124,m_0120,42.35,0
tx_003272,2025-02-04 02:00:00,u_01631,d_0881,ip_0354,m_0042,168.61,0
tx_003273,2025-02-04 02:15:00,u_01008,d_0219,ip_1701,m_0294,116.45,0
tx_003274,2025-02-04 02:30:00,u_00607,d_1667,ip_0839,m_0177,155.44,0
tx_003275,2025-02-04 02:45:00,u_02308,d_1264,ip_1561,m_0242,55.2,0
tx_003276,2025-02-04 03:00:00,u_00178,d_0587,ip_0444,m_0112,229.73,0
tx_003277,2025-02-04 03:15:00,u_00614,d_1428,ip_2006,m_0044,725.08,0
tx_003278,2025-02-04 03:30:00,u_02482,d_0097,ip_0623,m_0070,56.16,0
tx_003279,2025-02-04 03:45:00,u_01824,d_0694,ip_2135,m_0125,179.4,0
tx_003280,2025-02-04 04:00:00,u_00217,d_1172,ip_0829,m_0231,349.28,0
tx_003281,2025-02-04 04:15:00,u_01886,d_0042,ip_1601,m_0129,110.31,0
tx_003282,2025-02-04 04:30:00,u_02423,d_1275,ip_1104,m_0278,578.47,0
tx_003283,2025-02-04 04:45:00,u_00244,d_1472,ip_0168,m_0108,96.57,0
tx_003284,2025-02-04 05:00:00,u_01035,d_1069,ip_0216,m_0069,132.12,0
tx_003285,2025-02-04 05:15:00,u_01170,d_0370,ip_0891,m_0148,54.97,0
tx_003286,2025-02-04 05:30:00,u_00327,d_1348,ip_0424,m_0033,168.44,0
tx_003287,2025-02-04 05:45:00,u_00501,d_0610,ip_1339,m_0200,148.86,0
tx_003288,2025-02-04 06:00:00,u_00434,d_1324,ip_0303,m_0030,280.31,0
tx_003289,2025-02-04 06:15:00,u_00463,d_1130,ip_1298,m_0192,78.55,0
tx_003290,2025-02-04 06:30:00,u_01008,d_0168,ip_0450,m_0114,75.04,0
tx_003291,2025-02-04 06:45:00,u_01159,d_0179,ip_0399,m_0107,235.68,0
tx_003292,2025-02-04 07:00:00,u_00594,d_0027,ip_0807,m_0183,600.16,0
tx_003293,2025-02-04 07:15:00,ring_u_6_6,ring_d_6,ring_ip_6,ring_m_6,68.05,1
tx_003294,2025-02-04 07:30:00,u_00480,d_0539,ip_0878,m_0278,941.44,0
tx_003295,2025-02-04 07:45:00,u_01990,d_0046,ip_0769,m_0086,258.61,0
tx_003296,2025-02-04 08:00:00,u_00529,d_1689,ip_0748,m_0243,249.46,0
tx_003297,2025-02-04 08:15:00,u_02269,d_1649,ip_0745,m_0250,292.74,0
tx_003298,2025-02-04 08:30:00,u_01347,d_0310,ip_0888,m_0298,657.32,0
tx_003299,2025-02-04 08:45:00,u_02006,d_0560,ip_1834,m_0289,511.61,0
tx_003300,2025-02-04 09:00:00,u_01590,d_1335,ip_1271,m_0237,50.16,0
tx_003301,2025-02-04 09:15:00,u_00665,d_1189,ip_0928,m_0088,330.49,0
tx_003302,2025-02-04 09:30:00,u_01503,d_1046,ip_1648,m_0208,193.52,0
tx_003303,2025-02-04 09:45:00,u_00685,d_1780,ip_1160,m_0235,122.24,0
tx_003304,2025-02-04 10:00:00,u_00296,d_1133,ip_2087,m_0087,25.21,0
tx_003305,2025-02-04 10:15:00,ring_u_1_4,ring_d_1,ring_ip_1,ring_m_1,854.97,1
tx_003306,2025-02-04 10:30:00,u_00689,d_0903,ip_0475,m_0210,103.08,0
tx_003307,2025-02-04 10:45:00,u_00337,d_0945,ip_1238,m_0147,34.31,0
tx_003308,2025-02-04 11:00:00,u_00059,d_0523,ip_1701,m_0258,105.24,0
tx_003309,2025-02-04 11:15:00,u_02359,d_0937,ip_0468,m_0026,303.18,0
tx_003310,2025-02-04 11:30:00,u_01283,d_1652,ip_0444,m_0205,83.02,0
tx_003311,2025-02-04 11:45:00,u_01005,d_0678,ip_1318,m_0235,161.33,0
tx_003312,2025-02-04 12:00:00,u_02324,d_0239,ip_1945,m_0012,50.91,0
tx_003313,2025-02-04 12:15:00,ring_u_19_0,ring_d_19,ring_ip_19,ring_m_3,948.93,1
tx_003314,2025-02-04 12:30:00,u_01007,d_1413,ip_1115,m_0155,246.69,0
tx_003315,2025-02-04 12:45:00,u_02116,d_1725,ip_1441,m_0062,35.77,0
tx_003316,2025-02-04 13:00:00,u_01580,d_0975,ip_1459,m_0263,69.97,0
tx_003317,2025-02-04 13:15:00,u_00997,d_1418,ip_0320,m_0187,41.8,0
tx_003318,2025-02-04 13:30:00,u_00639,d_0450,ip_0869,m_0082,246.96,0
tx_003319,2025-02-04 13:45:00,u_00087,d_0763,ip_2187,m_0131,174.86,0
tx_003320,2025-02-04 14:00:00,u_00212,d_0754,ip_1954,m_0033,141.22,0
tx_003321,2025-02-04 14:15:00,u_00404,d_0598,ip_1698,m_0026,130.55,0
tx_003322,2025-02-04 14:30:00,u_01966,d_1289,ip_0053,m_0223,204.96,0
tx_003323,2025-02-04 14:45:00,u_01598,d_1590,ip_0917,m_0295,209.11,0
tx_003324,2025-02-04 15:00:00,u_01083,d_0587,ip_0112,m_0083,90.42,0
tx_003325,2025-02-04 15:15:00,u_01957,d_0244,ip_0662,m_0073,78.6,0
tx_003326,2025-02-04 15:30:00,u_00401,d_1485,ip_1902,m_0205,139.91,0
tx_003327,2025-02-04 15:45:00,u_00527,d_1529,ip_0853,m_0153,122.76,0
tx_003328,2025-02-04 16:00:00,u_00981,d_1682,ip_0370,m_0041,1165.24,0
tx_003329,2025-02-04 16:15:00,u_02293,d_0459,ip_1586,m_0200,101.1,0
tx_003330,2025-02-04 16:30:00,u_01535,d_1294,ip_1669,m_0062,198.28,0
tx_003331,2025-02-04 16:45:00,u_02127,d_1288,ip_1441,m_0034,236.49,0
tx_003332,2025-02-04 17:00:00,u_00620,d_1422,ip_1779,m_0139,602.16,0
tx_003333,2025-02-04 17:15:00,u_02120,d_1451,ip_1544,m_0221,65.94,0
tx_003334,2025-02-04 17:30:00,u_00181,d_1714,ip_1396,m_0156,566.6,0
tx_003335,2025-02-04 17:45:00,u_00569,d_0858,ip_1955,m_0194,128.07,0
tx_003336,2025-02-04 18:00:00,u_01307,d_0136,ip_0713,m_0071,1810.48,0
tx_003337,2025-02-04 18:15:00,u_00126,d_0346,ip_1003,m_0148,213.28,0
tx_003338,2025-02-04 18:30:00,u_02145,d_1595,ip_1238,m_0213,43.43,0
tx_003339,2025-02-04 18:45:00,u_02168,d_1520,ip_1472,m_0158,121.86,0
tx_003340,2025-02-04 19:00:00,u_01353,d_0019,ip_1048,m_0071,564.69,0
tx_003341,2025-02-04 19:15:00,u_00764,d_0661,ip_0971,m_0286,161.02,0
tx_003342,2025-02-04 19:30:00,u_00247,d_0441,ip_0363,m_0020,139.82,0
tx_003343,2025-02-04 19:45:00,u_01547,d_0577,ip_1403,m_0273,304.6,0
tx_003344,2025-02-04 20:00:00,u_01344,d_1149,ip_0271,m_0217,105.11,0
tx_003345,2025-02-04 20:15:00,u_01899,d_0918,ip_1044,m_0033,120.21,0
tx_003346,2025-02-04 20:30:00,u_01506,d_0865,ip_0899,m_0076,57.7,0
tx_003347,2025-02-04 20:45:00,u_00320,d_0783,ip_1708,m_0110,836.16,0
tx_003348,2025-02-04 21:00:00,u_00304,d_1154,ip_1048,m_0287,43.7,0
tx_003349,2025-02-04 21:15:00,u_01952,d_1229,ip_0011,m_0155,175.82,0
tx_003350,2025-02-04 21:30:00,u_00397,d_0078,ip_1113,m_0077,239.82,0
tx_003351,2025-02-04 21:45:00,u_02346,d_0246,ip_0474,m_0275,146.4,0
tx_003352,2025-02-04 22:00:00,u_00264,d_0614,ip_0836,m_0035,42.36,0
tx_003353,2025-02-04 22:15:00,u_01820,d_0784,ip_0652,m_0244,54.67,0
tx_003354,2025-02-04 22:30:00,u_02438,d_1793,ip_0366,m_0249,250.26,0
tx_003355,2025-02-04 22:45:00,ring_u_16_2,ring_d_16,ring_ip_16,ring_m_0,627.85,1
tx_003356,2025-02-04 23:00:00,u_00141,d_1167,ip_0557,m_0012,18.69,0
tx_003357,2025-02-04 23:15:00,u_02191,d_0064,ip_1115,m_0265,218.54,0
tx_003358,2025-02-04 23:30:00,u_00468,d_0181,ip_1821,m_0290,62.02,0
tx_003359,2025-02-04 23:45:00,u_01318,d_0823,ip_0801,m_0113,279.0,0
tx_003360,2025-02-05 00:00:00,u_02461,d_1056,ip_2062,m_0055,121.31,0
tx_003361,2025-02-05 00:15:00,u_01861,d_1188,ip_0889,m_0081,115.61,0
tx_003362,2025-02-05 00:30:00,u_00115,d_0255,ip_2082,m_0040,156.37,0
tx_003363,2025-02-05 00:45:00,u_02051,d_1597,ip_0994,m_0182,47.54,0
tx_003364,2025-02-05 01:00:00,u_00403,d_0887,ip_0031,m_0155,65.01,0
tx_003365,2025-02-05 01:15:00,u_01873,d_1068,ip_1909,m_0106,114.44,0
tx_003366,2025-02-05 01:30:00,u_01552,d_0070,ip_1900,m_0195,47.26,0
tx_003367,2025-02-05 01:45:00,u_00719,d_1484,ip_2117,m_0186,303.03,0
tx_003368,2025-02-05 02:00:00,u_01059,d_0977,ip_0272,m_0003,109.14,0
tx_003369,2025-02-05 02:15:00,u_00294,d_0400,ip_1857,m_0122,34.83,0
tx_003370,2025-02-05 02:30:00,u_02466,d_0573,ip_0751,m_0259,84.86,0
tx_003371,2025-02-05 02:45:00,u_00595,d_0635,ip_1851,m_0238,164.22,0
tx_003372,2025-02-05 03:00:00,u_00771,d_0048,ip_2119,m_0256,95.0,0
tx_003373,2025-02-05 03:15:00,u_01257,d_1695,ip_0437,m_0286,221.37,0
tx_003374,2025-02-05 03:30:00,u_01680,d_1445,ip_0816,m_0018,263.5,0
tx_003375,2025-02-05 03:45:00,u_01263,d_1594,ip_0591,m_0081,1638.77,0
tx_003376,2025-02-05 04:00:00,u_01262,d_0636,ip_0670,m_0137,469.02,0
tx_003377,2025-02-05 04:15:00,u_01456,d_1004,ip_1311,m_0153,28.89,0
tx_003378,2025-02-05 04:30:00,u_02144,d_0824,ip_0907,m_0235,103.52,0
tx_003379,2025-02-05 04:45:00,u_00987,d_0855,ip_1443,m_0217,113.68,0
tx_003380,2025-02-05 05:00:00,u_02080,d_1060,ip_1483,m_0211,263.77,0
tx_003381,2025-02-05 05:15:00,u_01967,d_0811,ip_0445,m_0047,58.35,0
tx_003382,2025-02-05 05:30:00,u_02402,d_1391,ip_0096,m_0203,87.25,0
tx_003383,2025-02-05 05:45:00,u_02282,d_0105,ip_1641,m_0238,42.76,0
tx_003384,2025-02-05 06:00:00,u_01995,d_0346,ip_0399,m_0225,81.27,0
tx_003385,2025-02-05 06:15:00,u_00616,d_1606,ip_0439,m_0174,84.36,0
tx_003386,2025-02-05 06:30:00,u_01935,d_1588,ip_1322,m_0026,108.53,0
tx_003387,2025-02-05 06:45:00,u_01841,d_1472,ip_0578,m_0044,45.31,0
tx_003388,2025-02-05 07:00:00,u_00723,d_0663,ip_0417,m_0222,396.24,0
tx_003389,2025-02-05 07:15:00,u_01694,d_0821,ip_0674,m_0260,237.99,0
tx_003390,2025-02-05 07:30:00,u_00632,d_0045,ip_1149,m_0247,34.85,0
tx_003391,2025-02-05 07:45:00,u_01307,d_0502,ip_1861,m_0128,152.32,0
tx_003392,2025-02-05 08:00:00,u_01991,d_1307,ip_2175,m_0176,31.02,0
tx_003393,2025-02-05 08:15:00,u_00471,d_0617,ip_1610,m_0052,568.08,0
tx_003394,2025-02-05 08:30:00,u_00842,d_0864,ip_1977,m_0177,745.54,0
tx_003395,2025-02-05 08:45:00,u_01988,d_0221,ip_1167,m_0058,140.37,0
tx_003396,2025-02-05 09:00:00,u_01134,d_0893,ip_0898,m_0238,63.27,0
tx_003397,2025-02-05 09:15:00,u_02401,d_1299,ip_1803,m_0235,76.38,0
tx_003398,2025-02-05 09:30:00,u_00019,d_1029,ip_0665,m_0015,94.28,0
tx_003399,2025-02-05 09:45:00,u_01804,d_1002,ip_1788,m_0280,133.38,0
tx_003400,2025-02-05 10:00:00,u_02035,d_1646,ip_2196,m_0238,584.33,0
tx_003401,2025-02-05 10:15:00,u_02294,d_0421,ip_0857,m_0113,385.91,0
tx_003402,2025-02-05 10:30:00,u_00391,d_0539,ip_1393,m_0135,391.9,0
tx_003403,2025-02-05 10:45:00,u_02460,d_1121,ip_1719,m_0023,176.02,0
tx_003404,2025-02-05 11:00:00,u_00980,d_0864,ip_1723,m_0280,46.82,0
tx_003405,2025-02-05 11:15:00,u_00880,d_1762,ip_0453,m_0030,68.71,0
tx_003406,2025-02-05 11:30:00,u_00888,d_0107,ip_2117,m_0276,157.7,0
tx_003407,2025-02-05 11:45:00,u_01595,d_0220,ip_1107,m_0196,44.65,0
tx_003408,2025-02-05 12:00:00,u_01648,d_0615,ip_0091,m_0275,201.14,0
tx_003409,2025-02-05 12:15:00,u_01184,d_0825,ip_0260,m_0111,332.0,0
tx_003410,2025-02-05 12:30:00,u_00177,d_1602,ip_1600,m_0268,256.04,0
tx_003411,2025-02-05 12:45:00,u_02466,d_0889,ip_0938,m_0127,245.97,0
tx_003412,2025-02-05 13:00:00,u_00555,d_0786,ip_0237,m_0105,22.96,0
tx_003413,2025-02-05 13:15:00,u_00234,d_0300,ip_1144,m_0101,563.04,0
tx_003414,2025-02-05 13:30:00,u_01493,d_0781,ip_1318,m_0285,30.96,0
tx_003415,2025-02-05 13:45:00,u_01030,d_0956,ip_0175,m_0139,127.39,0
tx_003416,2025-02-05 14:00:00,u_01538,d_1050,ip_0770,m_0143,275.49,0
tx_003417,2025-02-05 14:15:00,u_02188,d_1090,ip_1017,m_0193,212.43,0
tx_003418,2025-02-05 14:30:00,u_00243,d_0773,ip_1716,m_0166,41.35,0
tx_003419,2025-02-05 14:45:00,u_00710,d_0283,ip_1433,m_0162,49.49,0
tx_003420,2025-02-05 15:00:00,u_01291,d_0274,ip_0191,m_0113,197.76,0
tx_003421,2025-02-05 15:15:00,u_01969,d_0278,ip_1350,m_0049,247.36,0
tx_003422,2025-02-05 15:30:00,u_01501,d_1113,ip_1985,m_0298,49.05,0
tx_003423,2025-02-05 15:45:00,u_00956,d_1541,ip_0119,m_0147,219.77,0
tx_003424,2025-02-05 16:00:00,u_01525,d_1589,ip_2170,m_0291,32.61,0
tx_003425,2025-02-05 16:15:00,u_02449,d_0560,ip_0209,m_0138,277.1,0
tx_003426,2025-02-05 16:30:00,u_01200,d_0143,ip_1369,m_0179,61.32,0
tx_003427,2025-02-05 16:45:00,u_02208,d_1134,ip_0772,m_0163,160.86,0
tx_003428,2025-02-05 17:00:00,u_01949,d_0069,ip_1607,m_0289,135.99,0
tx_003429,2025-02-05 17:15:00,u_00753,d_1128,ip_1853,m_0033,473.74,0
tx_003430,2025-02-05 17:30:00,u_00623,d_0689,ip_1874,m_0155,189.07,0
tx_003431,2025-02-05 17:45:00,u_01925,d_1510,ip_1913,m_0046,81.52,0
tx_003432,2025-02-05 18:00:00,u_00518,d_1125,ip_1795,m_0260,212.64,0
tx_003433,2025-02-05 18:15:00,u_00842,d_1331,ip_0681,m_0159,1264.48,0
tx_003434,2025-02-05 18:30:00,u_00588,d_0730,ip_1023,m_0276,311.1,0
tx_003435,2025-02-05 18:45:00,u_01515,d_1513,ip_1581,m_0082,139.89,0
tx_003436,2025-02-05 19:00:00,u_00735,d_0945,ip_0370,m_0048,64.48,0
tx_003437,2025-02-05 19:15:00,u_01646,d_1125,ip_1270,m_0188,80.12,0
tx_003438,2025-02-05 19:30:00,u_02337,d_0649,ip_1166,m_0043,292.95,0
tx_003439,2025-02-05 19:45:00,u_02073,d_0809,ip_2163,m_0111,61.2,0
tx_003440,2025-02-05 20:00:00,u_02369,d_1512,ip_0109,m_0094,148.81,0
tx_003441,2025-02-05 20:15:00,u_00061,d_0708,ip_0208,m_0066,624.92,0
tx_003442,2025-02-05 20:30:00,u_01138,d_0038,ip_0066,m_0039,172.5,0
tx_003443,2025-02-05 20:45:00,u_00550,d_0682,ip_1205,m_0196,50.44,0
tx_003444,2025-02-05 21:00:00,u_02294,d_0705,ip_1211,m_0227,1310.09,0
tx_003445,2025-02-05 21:15:00,u_01779,d_0753,ip_1303,m_0118,864.76,0
tx_003446,2025-02-05 21:30:00,u_00800,d_0127,ip_0532,m_0084,244.98,0
tx_003447,2025-02-05 21:45:00,u_01408,d_0232,ip_0676,m_0047,531.53,0
tx_003448,2025-02-05 22:00:00,u_01513,d_0583,ip_0917,m_0203,113.64,0
tx_003449,2025-02-05 22:15:00,u_01239,d_0763,ip_0103,m_0242,306.27,0
tx_003450,2025-02-05 22:30:00,u_01185,d_0052,ip_1655,m_0164,97.17,0
tx_003451,2025-02-05 22:45:00,u_00138,d_0701,ip_0114,m_0129,38.27,0
tx_003452,2025-02-05 23:00:00,u_01131,d_0576,ip_1467,m_0194,1982.12,0
tx_003453,2025-02-05 23:15:00,u_00870,d_0062,ip_0997,m_0274,36.36,0
tx_003454,2025-02-05 23:30:00,u_02045,d_0450,ip_2197,m_0296,199.85,0
tx_003455,2025-02-05 23:45:00,u_02162,d_0495,ip_1523,m_0058,197.53,0
tx_003456,2025-02-06 00:00:00,u_01876,d_0258,ip_1046,m_0143,248.64,0
tx_003457,2025-02-06 00:15:00,u_00077,d_1353,ip_1540,m_0262,135.68,0
tx_003458,2025-02-06 00:30:00,u_02103,d_0130,ip_0257,m_0189,137.11,0
tx_003459,2025-02-06 00:45:00,u_00991,d_1040,ip_0398,m_0244,170.44,0
tx_003460,2025-02-06 01:00:00,u_01040,d_1197,ip_1097,m_0298,239.82,0
tx_003461,2025-02-06 01:15:00,u_02362,d_1451,ip_1887,m_0031,148.14,0
tx_003462,2025-02-06 01:30:00,u_02168,d_0982,ip_1804,m_0183,138.61,0
tx_003463,2025-02-06 01:45:00,u_00127,d_0976,ip_0829,m_0159,39.6,0
tx_003464,2025-02-06 02:00:00,u_00899,d_1369,ip_0624,m_0085,1111.74,0
tx_003465,2025-02-06 02:15:00,u_01874,d_1537,ip_2121,m_0196,253.59,0
tx_003466,2025-02-06 02:30:00,u_01347,d_0379,ip_1243,m_0031,182.89,0
tx_003467,2025-02-06 02:45:00,u_00644,d_1432,ip_0259,m_0148,79.48,0
tx_003468,2025-02-06 03:00:00,u_01311,d_0832,ip_0494,m_0124,54.4,0
tx_003469,2025-02-06 03:15:00,u_02166,d_0176,ip_1840,m_0117,350.72,0
tx_003470,2025-02-06 03:30:00,u_00558,d_1102,ip_1976,m_0184,126.49,0
tx_003471,2025-02-06 03:45:00,u_01865,d_1758,ip_1998,m_0283,276.18,0
tx_003472,2025-02-06 04:00:00,u_01836,d_0253,ip_0015,m_0284,38.39,0
tx_003473,2025-02-06 04:15:00,u_02214,d_0026,ip_1809,m_0210,697.05,0
tx_003474,2025-02-06 04:30:00,u_00744,d_1649,ip_0246,m_0099,365.54,0
tx_003475,2025-02-06 04:45:00,u_00539,d_1074,ip_1779,m_0289,136.86,0
tx_003476,2025-02-06 05:00:00,u_01369,d_0394,ip_1939,m_0299,236.9,0
tx_003477,2025-02-06 05:15:00,u_01328,d_1426,ip_0794,m_0253,311.38,0
tx_003478,2025-02-06 05:30:00,u_01023,d_0708,ip_0425,m_0261,38.98,0
tx_003479,2025-02-06 05:45:00,u_01948,d_0597,ip_1569,m_0245,794.59,0
tx_003480,2025-02-06 06:00:00,u_01997,d_0521,ip_0150,m_0228,240.63,0
tx_003481,2025-02-06 06:15:00,u_00614,d_1077,ip_1274,m_0217,73.4,0
tx_003482,2025-02-06 06:30:00,u_01988,d_0242,ip_0729,m_0191,49.57,0
tx_003483,2025-02-06 06:45:00,u_00576,d_0651,ip_0933,m_0193,398.26,0
tx_003484,2025-02-06 07:00:00,ring_u_12_2,ring_d_12,ring_ip_12,ring_m_4,52.15,1
tx_003485,2025-02-06 07:15:00,u_00067,d_0109,ip_2184,m_0266,240.47,0
tx_003486,2025-02-06 07:30:00,u_00850,d_1373,ip_0884,m_0190,152.42,0
tx_003487,2025-02-06 07:45:00,u_02396,d_0015,ip_0639,m_0184,54.45,0
tx_003488,2025-02-06 08:00:00,u_01106,d_1727,ip_1835,m_0222,246.81,0
tx_003489,2025-02-06 08:15:00,u_01775,d_0170,ip_0908,m_0022,121.81,0
tx_003490,2025-02-06 08:30:00,u_00269,d_0644,ip_0439,m_0275,145.23,0
tx_003491,2025-02-06 08:45:00,u_01588,d_0177,ip_1986,m_0174,1598.79,0
tx_003492,2025-02-06 09:00:00,u_00928,d_0660,ip_2181,m_0283,353.92,0
tx_003493,2025-02-06 09:15:00,u_01859,d_1099,ip_0635,m_0030,374.94,0
tx_003494,2025-02-06 09:30:00,u_02320,d_0157,ip_0347,m_0070,2254.14,0
tx_003495,2025-02-06 09:45:00,u_01329,d_0946,ip_0335,m_0284,218.02,0
tx_003496,2025-02-06 10:00:00,u_00257,d_1389,ip_1316,m_0207,167.29,0
tx_003497,2025-02-06 10:15:00,u_01190,d_0819,ip_0681,m_0194,75.25,0
tx_003498,2025-02-06 10:30:00,u_00307,d_0202,ip_1370,m_0121,94.39,0
tx_003499,2025-02-06 10:45:00,u_01123,d_1245,ip_1670,m_0166,19.16,0
tx_003500,2025-02-06 11:00:00,u_00152,d_0335,ip_0012,m_0163,327.15,0
tx_003501,2025-02-06 11:15:00,u_01601,d_0030,ip_1891,m_0059,41.81,0
tx_003502,2025-02-06 11:30:00,u_00776,d_0786,ip_0064,m_0169,366.04,0
tx_003503,2025-02-06 11:45:00,u_00503,d_0487,ip_0251,m_0154,142.16,0
tx_003504,2025-02-06 12:00:00,u_00043,d_0051,ip_1594,m_0093,168.69,0
tx_003505,2025-02-06 12:15:00,u_02220,d_1399,ip_1367,m_0102,142.26,0
tx_003506,2025-02-06 12:30:00,u_02092,d_1079,ip_2152,m_0230,593.52,0
tx_003507,2025-02-06 12:45:00,u_02029,d_1637,ip_1248,m_0202,497.42,0
tx_003508,2025-02-06 13:00:00,u_00145,d_0864,ip_0917,m_0140,144.19,0
tx_003509,2025-02-06 13:15:00,u_00873,d_0789,ip_1471,m_0181,60.4,0
tx_003510,2025-02-06 13:30:00,u_02428,d_1516,ip_1676,m_0072,373.86,0
tx_003511,2025-02-06 13:45:00,u_01446,d_0146,ip_1476,m_0149,56.0,0
tx_003512,2025-02-06 14:00:00,u_00321,d_0651,ip_0815,m_0168,31.35,0
tx_003513,2025-02-06 14:15:00,u_00352,d_1437,ip_2110,m_0075,244.29,0
tx_003514,2025-02-06 14:30:00,u_00657,d_0526,ip_0663,m_0050,501.94,0
tx_003515,2025-02-06 14:45:00,u_02430,d_1593,ip_0762,m_0157,98.98,0
tx_003516,2025-02-06 15:00:00,u_00424,d_0511,ip_0611,m_0282,222.41,0
tx_003517,2025-02-06 15:15:00,ring_u_21_17,ring_d_21,ring_ip_21,ring_m_5,133.39,1
tx_003518,2025-02-06 15:30:00,u_01695,d_1615,ip_0468,m_0270,305.51,0
tx_003519,2025-02-06 15:45:00,u_02304,d_0438,ip_1278,m_0255,443.65,0
tx_003520,2025-02-06 16:00:00,u_02065,d_1742,ip_1603,m_0223,114.11,0
tx_003521,2025-02-06 16:15:00,u_00830,d_0079,ip_0944,m_0268,53.11,0
tx_003522,2025-02-06 16:30:00,u_02069,d_0478,ip_2030,m_0123,34.57,0
tx_003523,2025-02-06 16:45:00,u_00422,d_1063,ip_1042,m_0227,374.54,0
tx_003524,2025-02-06 17:00:00,u_00727,d_1069,ip_1027,m_0043,47.63,0
tx_003525,2025-02-06 17:15:00,u_00529,d_1637,ip_0152,m_0095,215.3,0
tx_003526,2025-02-06 17:30:00,u_00332,d_1727,ip_1987,m_0169,322.92,0
tx_003527,2025-02-06 17:45:00,u_00225,d_1220,ip_0326,m_0011,89.9,0
tx_003528,2025-02-06 18:00:00,u_00468,d_1187,ip_0361,m_0229,125.69,0
tx_003529,2025-02-06 18:15:00,u_00300,d_0571,ip_2057,m_0277,403.04,0
tx_003530,2025-02-06 18:30:00,u_00951,d_1450,ip_1142,m_0031,66.14,0
tx_003531,2025-02-06 18:45:00,u_00178,d_1157,ip_0150,m_0297,59.76,0
tx_003532,2025-02-06 19:00:00,u_00153,d_0043,ip_0971,m_0026,117.4,0
tx_003533,2025-02-06 19:15:00,u_02474,d_1497,ip_1298,m_0038,532.68,0
tx_003534,2025-02-06 19:30:00,u_00219,d_0647,ip_0022,m_0228,743.03,0
tx_003535,2025-02-06 19:45:00,u_00185,d_0856,ip_1660,m_0205,134.45,0
tx_003536,2025-02-06 20:00:00,u_00075,d_0874,ip_1470,m_0280,72.81,0
tx_003537,2025-02-06 20:15:00,u_00331,d_1475,ip_0026,m_0127,430.14,0
tx_003538,2025-02-06 20:30:00,u_01319,d_0482,ip_1360,m_0171,27.96,0
tx_003539,2025-02-06 20:45:00,ring_u_10_9,ring_d_10,ring_ip_10,ring_m_2,695.7,1
tx_003540,2025-02-06 21:00:00,u_01837,d_0070,ip_1615,m_0207,142.04,0
tx_003541,2025-02-06 21:15:00,u_01450,d_0627,ip_0829,m_0299,541.22,0
tx_003542,2025-02-06 21:30:00,u_00212,d_0159,ip_0444,m_0179,598.85,0
tx_003543,2025-02-06 21:45:00,u_01936,d_1049,ip_1114,m_0279,57.83,0
tx_003544,2025-02-06 22:00:00,u_00093,d_1607,ip_0974,m_0118,175.51,0
tx_003545,2025-02-06 22:15:00,u_01577,d_0836,ip_0751,m_0294,83.88,0
tx_003546,2025-02-06 22:30:00,u_01023,d_1641,ip_1932,m_0161,110.68,0
tx_003547,2025-02-06 22:45:00,u_02205,d_1758,ip_1427,m_0043,275.17,0
tx_003548,2025-02-06 23:00:00,u_00768,d_0096,ip_1072,m_0108,106.18,0
tx_003549,2025-02-06 23:15:00,u_01596,d_0929,ip_0498,m_0147,180.17,0
tx_003550,2025-02-06 23:30:00,u_01099,d_0950,ip_1251,m_0020,386.55,0
tx_003551,2025-02-06 23:45:00,u_01305,d_0693,ip_0056,m_0268,675.3,0
tx_003552,2025-02-07 00:00:00,u_02346,d_1494,ip_1946,m_0071,198.08,0
tx_003553,2025-02-07 00:15:00,u_01781,d_0710,ip_0003,m_0202,166.96,0
tx_003554,2025-02-07 00:30:00,u_01036,d_0099,ip_1537,m_0275,49.04,0
tx_003555,2025-02-07 00:45:00,u_01118,d_0986,ip_0760,m_0130,724.73,0
tx_003556,2025-02-07 01:00:00,u_01761,d_0363,ip_1582,m_0182,243.64,0
tx_003557,2025-02-07 01:15:00,u_00865,d_0638,ip_0795,m_0155,170.07,0
tx_003558,2025-02-07 01:30:00,u_00419,d_0903,ip_0057,m_0229,161.59,0
tx_003559,2025-02-07 01:45:00,u_01169,d_1301,ip_2086,m_0011,212.86,0
tx_003560,2025-02-07 02:00:00,u_00170,d_0500,ip_1685,m_0107,321.11,0
tx_003561,2025-02-07 02:15:00,u_00424,d_0685,ip_0098,m_0183,363.42,0
tx_003562,2025-02-07 02:30:00,u_01051,d_0122,ip_0072,m_0027,743.08,0
tx_003563,2025-02-07 02:45:00,u_01991,d_0691,ip_1166,m_0257,189.18,0
tx_003564,2025-02-07 03:00:00,u_01953,d_1044,ip_2104,m_0189,857.65,0
tx_003565,2025-02-07 03:15:00,u_00651,d_1110,ip_1271,m_0000,427.4,0
tx_003566,2025-02-07 03:30:00,u_01054,d_0527,ip_0023,m_0003,139.75,0
tx_003567,2025-02-07 03:45:00,u_00383,d_0109,ip_1538,m_0047,28.01,0
tx_003568,2025-02-07 04:00:00,u_01888,d_1039,ip_0941,m_0199,161.67,0
tx_003569,2025-02-07 04:15:00,u_00615,d_1179,ip_1405,m_0155,705.2,0
tx_003570,2025-02-07 04:30:00,u_01998,d_0153,ip_0770,m_0144,68.36,0
tx_003571,2025-02-07 04:45:00,u_02105,d_0908,ip_0017,m_0168,161.17,0
tx_003572,2025-02-07 05:00:00,u_01722,d_0171,ip_0040,m_0148,175.08,0
tx_003573,2025-02-07 05:15:00,u_00825,d_0815,ip_1390,m_0103,380.74,0
tx_003574,2025-02-07 05:30:00,u_02382,d_1153,ip_1397,m_0002,100.7,0
tx_003575,2025-02-07 05:45:00,u_01715,d_1294,ip_0709,m_0008,62.22,0
tx_003576,2025-02-07 06:00:00,u_01614,d_1284,ip_0181,m_0206,262.43,0
tx_003577,2025-02-07 06:15:00,u_02141,d_1364,ip_1700,m_0223,70.57,0
tx_003578,2025-02-07 06:30:00,u_02203,d_0434,ip_0332,m_0071,23.68,0
tx_003579,2025-02-07 06:45:00,u_00194,d_1523,ip_0414,m_0072,934.84,0
tx_003580,2025-02-07 07:00:00,u_02203,d_0629,ip_0995,m_0122,375.04,0
tx_003581,2025-02-07 07:15:00,u_01912,d_0674,ip_1575,m_0193,975.93,0
tx_003582,2025-02-07 07:30:00,u_00516,d_1417,ip_2189,m_0178,355.67,0
tx_003583,2025-02-07 07:45:00,u_00769,d_0588,ip_1376,m_0167,293.06,0
tx_003584,2025-02-07 08:00:00,u_01881,d_0134,ip_2112,m_0011,214.76,0
tx_003585,2025-02-07 08:15:00,u_00541,d_1285,ip_1435,m_0129,123.22,0
tx_003586,2025-02-07 08:30:00,u_01131,d_1191,ip_1865,m_0225,247.67,0
tx_003587,2025-02-07 08:45:00,u_01722,d_1047,ip_0387,m_0177,85.35,0
tx_003588,2025-02-07 09:00:00,u_01626,d_0257,ip_0124,m_0242,50.95,0
tx_003589,2025-02-07 09:15:00,u_02274,d_1137,ip_1472,m_0208,106.46,0
tx_003590,2025-02-07 09:30:00,u_00278,d_0357,ip_2145,m_0269,539.96,0
tx_003591,2025-02-07 09:45:00,u_00737,d_0999,ip_1621,m_0171,43.28,0
tx_003592,2025-02-07 10:00:00,u_02462,d_0914,ip_0755,m_0170,43.97,0
tx_003593,2025-02-07 10:15:00,u_01422,d_1390,ip_1076,m_0167,268.09,0
tx_003594,2025-02-07 10:30:00,u_00621,d_1757,ip_0246,m_0079,98.0,0
tx_003595,2025-02-07 10:45:00,u_00724,d_0342,ip_0748,m_0130,241.17,0
tx_003596,2025-02-07 11:00:00,u_00848,d_0206,ip_1502,m_0050,399.36,0
tx_003597,2025-02-07 11:15:00,u_01385,d_1000,ip_0366,m_0129,235.46,0
tx_003598,2025-02-07 11:30:00,u_00711,d_1713,ip_1059,m_0044,78.87,0
tx_003599,2025-02-07 11:45:00,u_01554,d_0284,ip_0637,m_0147,535.36,0
tx_003600,2025-02-07 12:00:00,u_01113,d_0877,ip_1079,m_0286,311.73,0
tx_003601,2025-02-07 12:15:00,u_01525,d_0733,ip_1680,m_0135,152.45,0
tx_003602,2025-02-07 12:30:00,u_00387,d_0572,ip_1946,m_0221,145.24,0
tx_003603,2025-02-07 12:45:00,u_01558,d_1195,ip_0900,m_0131,215.72,0
tx_003604,2025-02-07 13:00:00,u_02311,d_0531,ip_1819,m_0271,108.64,0
tx_003605,2025-02-07 13:15:00,u_00337,d_0887,ip_1545,m_0063,29.04,0
tx_003606,2025-02-07 13:30:00,u_00818,d_1521,ip_2027,m_0250,314.24,0
tx_003607,2025-02-07 13:45:00,u_01733,d_0683,ip_1628,m_0217,296.11,0
tx_003608,2025-02-07 14:00:00,u_01543,d_0037,ip_1211,m_0266,14.86,0
tx_003609,2025-02-07 14:15:00,u_01686,d_1592,ip_1483,m_0039,247.32,0
tx_003610,2025-02-07 14:30:00,u_01398,d_0494,ip_0698,m_0268,859.61,0
tx_003611,2025-02-07 14:45:00,u_01706,d_1391,ip_1481,m_0272,48.06,0
tx_003612,2025-02-07 15:00:00,u_01523,d_1373,ip_1559,m_0088,137.92,0
tx_003613,2025-02-07 15:15:00,u_00185,d_0947,ip_1343,m_0187,123.72,0
tx_003614,2025-02-07 15:30:00,u_01878,d_0158,ip_0226,m_0175,780.87,0
tx_003615,2025-02-07 15:45:00,u_01117,d_1710,ip_1140,m_0014,455.3,0
tx_003616,2025-02-07 16:00:00,u_00128,d_1225,ip_1563,m_0157,61.66,0
tx_003617,2025-02-07 16:15:00,u_01022,d_0763,ip_0435,m_0197,208.95,0
tx_003618,2025-02-07 16:30:00,u_01087,d_1537,ip_1732,m_0061,1484.26,0
tx_003619,2025-02-07 16:45:00,u_00216,d_1418,ip_1854,m_0108,79.46,0
tx_003620,2025-02-07 17:00:00,u_02490,d_1368,ip_1185,m_0175,146.77,0
tx_003621,2025-02-07 17:15:00,ring_u_20_0,ring_d_20,ring_ip_20,ring_m_4,2876.11,1
tx_003622,2025-02-07 17:30:00,ring_u_3_0,ring_d_3,ring_ip_3,ring_m_3,41.54,1
tx_003623,2025-02-07 17:45:00,u_01102,d_0514,ip_1026,m_0280,865.41,0
tx_003624,2025-02-07 18:00:00,u_02081,d_0141,ip_1945,m_0244,92.51,0
tx_003625,2025-02-07 18:15:00,u_01857,d_0608,ip_2053,m_0253,37.0,0
tx_003626,2025-02-07 18:30:00,u_01927,d_0187,ip_0237,m_0014,87.8,0
tx_003627,2025-02-07 18:45:00,u_00592,d_0190,ip_2195,m_0170,285.15,0
tx_003628,2025-02-07 19:00:00,u_02113,d_1308,ip_0010,m_0110,66.81,0
tx_003629,2025-02-07 19:15:00,u_02074,d_0903,ip_1069,m_0275,200.78,0
tx_003630,2025-02-07 19:30:00,u_01159,d_0716,ip_2063,m_0222,260.49,0
tx_003631,2025-02-07 19:45:00,u_01364,d_0346,ip_1593,m_0194,44.3,0
tx_003632,2025-02-07 20:00:00,u_00092,d_1387,ip_0586,m_0008,84.46,0
tx_003633,2025-02-07 20:15:00,u_01901,d_1141,ip_1416,m_0262,210.39,0
tx_003634,2025-02-07 20:30:00,u_02402,d_1054,ip_0472,m_0146,299.59,0
tx_003635,2025-02-07 20:45:00,u_01181,d_0342,ip_0521,m_0048,86.59,0
tx_003636,2025-02-07 21:00:00,u_01351,d_0222,ip_2005,m_0262,172.74,0
tx_003637,2025-02-07 21:15:00,u_01247,d_0222,ip_0103,m_0271,111.73,0
tx_003638,2025-02-07 21:30:00,u_00206,d_0045,ip_2116,m_0148,307.31,0
tx_003639,2025-02-07 21:45:00,u_01549,d_1744,ip_0997,m_0198,249.49,0
tx_003640,2025-02-07 22:00:00,u_01803,d_0661,ip_0142,m_0183,102.16,0
tx_003641,2025-02-07 22:15:00,u_02319,d_1184,ip_1731,m_0090,239.47,0
tx_003642,2025-02-07 22:30:00,u_02324,d_1768,ip_0106,m_0224,98.24,0
tx_003643,2025-02-07 22:45:00,u_01229,d_1685,ip_0715,m_0299,234.48,0
tx_003644,2025-02-07 23:00:00,u_02397,d_0577,ip_0529,m_0280,237.77,0
tx_003645,2025-02-07 23:15:00,u_01321,d_0881,ip_1725,m_0206,1589.3,0
tx_003646,2025-02-07 23:30:00,ring_u_4_14,ring_d_4,ring_ip_4,ring_m_4,878.89,1
tx_003647,2025-02-07 23:45:00,u_01504,d_0060,ip_1440,m_0272,128.86,0
tx_003648,2025-02-08 00:00:00,u_02496,d_1382,ip_0158,m_0278,77.69,0
tx_003649,2025-02-08 00:15:00,u_01843,d_1033,ip_1530,m_0001,52.84,0
tx_003650,2025-02-08 00:30:00,u_00300,d_0668,ip_1563,m_0101,94.02,0
tx_003651,2025-02-08 00:45:00,u_00179,d_1004,ip_0628,m_0165,288.62,0
tx_003652,2025-02-08 01:00:00,u_01024,d_1323,ip_1938,m_0173,310.28,0
tx_003653,2025-02-08 01:15:00,u_01289,d_0026,ip_1034,m_0213,199.47,0
tx_003654,2025-02-08 01:30:00,u_01671,d_1162,ip_1467,m_0154,110.41,0
tx_003655,2025-02-08 01:45:00,u_01203,d_1550,ip_0399,m_0004,90.62,0
tx_003656,2025-02-08 02:00:00,u_01286,d_1307,ip_2052,m_0049,59.33,0
tx_003657,2025-02-08 02:15:00,u_02304,d_1115,ip_0542,m_0228,85.04,0
tx_003658,2025-02-08 02:30:00,u_00837,d_0162,ip_1377,m_0208,40.64,0
tx_003659,2025-02-08 02:45:00,u_01233,d_1340,ip_0197,m_0195,577.01,0
tx_003660,2025-02-08 03:00:00,u_01393,d_1351,ip_0098,m_0132,931.83,0
tx_003661,2025-02-08 03:15:00,u_01170,d_0889,ip_0278,m_0082,21.42,0
tx_003662,2025-02-08 03:30:00,u_02420,d_1048,ip_2074,m_0092,198.2,0
tx_003663,2025-02-08 03:45:00,u_02405,d_1113,ip_0463,m_0206,194.94,0
tx_003664,2025-02-08 04:00:00,u_01282,d_0218,ip_1935,m_0151,182.88,0
tx_003665,2025-02-08 04:15:00,u_01126,d_0463,ip_1276,m_0039,82.04,0
tx_003666,2025-02-08 04:30:00,u_01472,d_1426,ip_0195,m_0119,412.61,0
tx_003667,2025-02-08 04:45:00,ring_u_8_1,ring_d_8,ring_ip_8,ring_m_0,3110.5,1
tx_003668,2025-02-08 05:00:00,u_01064,d_0486,ip_1054,m_0179,417.43,0
tx_003669,2025-02-08 05:15:00,u_00542,d_0721,ip_0587,m_0259,70.99,0
tx_003670,2025-02-08 05:30:00,u_00360,d_1647,ip_1329,m_0152,37.22,0
tx_003671,2025-02-08 05:45:00,u_00237,d_0292,ip_1894,m_0145,229.27,0
tx_003672,2025-02-08 06:00:00,u_01467,d_0470,ip_1944,m_0284,56.66,0
tx_003673,2025-02-08 06:15:00,u_00001,d_0100,ip_1155,m_0152,426.07,0
tx_003674,2025-02-08 06:30:00,u_01615,d_0422,ip_1965,m_0040,17.7,0
tx_003675,2025-02-08 06:45:00,u_01079,d_1145,ip_2030,m_0120,92.89,0
tx_003676,2025-02-08 07:00:00,u_00916,d_0626,ip_0193,m_0194,80.16,0
tx_003677,2025-02-08 07:15:00,u_01923,d_1770,ip_1396,m_0103,106.44,0
tx_003678,2025-02-08 07:30:00,u_01346,d_1604,ip_1701,m_0123,192.69,0
tx_003679,2025-02-08 07:45:00,u_01833,d_1612,ip_0034,m_0261,220.57,0
tx_003680,2025-02-08 08:00:00,u_01773,d_1307,ip_1327,m_0130,281.39,0
tx_003681,2025-02-08 08:15:00,u_00080,d_1263,ip_2009,m_0091,315.76,0
tx_003682,2025-02-08 08:30:00,u_00538,d_0917,ip_0590,m_0032,125.02,0
tx_003683,2025-02-08 08:45:00,u_01424,d_1783,ip_1886,m_0120,1222.56,0
tx_003684,2025-02-08 09:00:00,u_02438,d_0171,ip_2054,m_0229,594.13,0
tx_003685,2025-02-08 09:15:00,u_00385,d_1301,ip_1397,m_0089,108.64,0
tx_003686,2025-02-08 09:30:00,u_00263,d_0252,ip_1384,m_0141,129.43,0
tx_003687,2025-02-08 09:45:00,u_02352,d_0610,ip_1176,m_0197,106.37,0
tx_003688,2025-02-08 10:00:00,u_02417,d_0460,ip_0899,m_0278,213.43,0
tx_003689,2025-02-08 10:15:00,u_00418,d_1082,ip_0996,m_0244,56.15,0
tx_003690,2025-02-08 10:30:00,u_01004,d_1416,ip_1149,m_0085,67.39,0
tx_003691,2025-02-08 10:45:00,u_01566,d_0143,ip_1060,m_0049,16.99,0
tx_003692,2025-02-08 11:00:00,u_00488,d_1082,ip_1817,m_0201,99.62,0
tx_003693,2025-02-08 11:15:00,u_00815,d_0399,ip_1692,m_0076,430.42,0
tx_003694,2025-02-08 11:30:00,u_00988,d_0138,ip_0764,m_0117,127.47,0
tx_003695,2025-02-08 11:45:00,u_01603,d_0751,ip_1128,m_0031,134.81,0
tx_003696,2025-02-08 12:00:00,u_00770,d_1046,ip_0473,m_0232,196.01,0
tx_003697,2025-02-08 12:15:00,u_01030,d_0363,ip_0387,m_0048,54.48,0
tx_003698,2025-02-08 12:30:00,u_00723,d_0701,ip_0811,m_0114,152.21,0
tx_003699,2025-02-08 12:45:00,u_01899,d_1716,ip_0127,m_0122,361.52,0
tx_003700,2025-02-08 13:00:00,u_00382,d_0624,ip_1880,m_0012,201.66,0
tx_003701,2025-02-08 13:15:00,u_00576,d_1792,ip_0277,m_0232,394.72,0
tx_003702,2025-02-08 13:30:00,ring_u_7_6,ring_d_7,ring_ip_7,ring_m_7,820.63,1
tx_003703,2025-02-08 13:45:00,u_02264,d_0667,ip_0553,m_0162,287.89,0
tx_003704,2025-02-08 14:00:00,u_02361,d_1038,ip_0455,m_0053,72.72,0
tx_003705,2025-02-08 14:15:00,u_01250,d_1276,ip_0809,m_0015,105.2,0
tx_003706,2025-02-08 14:30:00,u_00391,d_0836,ip_1582,m_0016,1024.02,0
tx_003707,2025-02-08 14:45:00,u_01890,d_0733,ip_1963,m_0187,203.2,0
tx_003708,2025-02-08 15:00:00,u_01230,d_0593,ip_0415,m_0224,177.85,0
tx_003709,2025-02-08 15:15:00,u_02124,d_0251,ip_0525,m_0238,62.81,0
tx_003710,2025-02-08 15:30:00,u_00899,d_0044,ip_1033,m_0240,135.44,0
tx_003711,2025-02-08 15:45:00,u_02497,d_0606,ip_0703,m_0118,303.8,0
tx_003712,2025-02-08 16:00:00,ring_u_1_15,ring_d_1,ring_ip_1,ring_m_1,798.43,1
tx_003713,2025-02-08 16:15:00,u_00559,d_0420,ip_0490,m_0073,88.29,0
tx_003714,2025-02-08 16:30:00,u_01813,d_0323,ip_0885,m_0236,111.34,0
tx_003715,2025-02-08 16:45:00,u_00717,d_0590,ip_1200,m_0229,488.74,0
tx_003716,2025-02-08 17:00:00,u_00874,d_1078,ip_0839,m_0152,289.39,0
tx_003717,2025-02-08 17:15:00,u_00626,d_0387,ip_1357,m_0007,253.16,0
tx_003718,2025-02-08 17:30:00,u_01705,d_0396,ip_1758,m_0233,230.65,0
tx_003719,2025-02-08 17:45:00,u_00657,d_0202,ip_1170,m_0244,45.47,0
tx_003720,2025-02-08 18:00:00,u_01596,d_0597,ip_1005,m_0068,194.87,0
tx_003721,2025-02-08 18:15:00,u_01456,d_0391,ip_2094,m_0241,431.82,0
tx_003722,2025-02-08 18:30:00,u_01876,d_1496,ip_2159,m_0191,114.33,0
tx_003723,2025-02-08 18:45:00,u_02483,d_1630,ip_2189,m_0266,394.42,0
tx_003724,2025-02-08 19:00:00,u_00022,d_0666,ip_0036,m_0187,256.01,0
tx_003725,2025-02-08 19:15:00,ring_u_4_17,ring_d_4,ring_ip_4,ring_m_4,929.92,1
tx_003726,2025-02-08 19:30:00,u_00273,d_0157,ip_1977,m_0194,156.17,0
tx_003727,2025-02-08 19:45:00,u_01316,d_0584,ip_1771,m_0032,360.17,0
tx_003728,2025-02-08 20:00:00,u_00852,d_0834,ip_1649,m_0077,34.31,0
tx_003729,2025-02-08 20:15:00,u_01597,d_0951,ip_0805,m_0261,153.41,0
tx_003730,2025-02-08 20:30:00,u_01804,d_0547,ip_1597,m_0290,302.78,0
tx_003731,2025-02-08 20:45:00,ring_u_16_8,ring_d_16,ring_ip_16,ring_m_0,595.41,1
tx_003732,2025-02-08 21:00:00,u_01004,d_0510,ip_1829,m_0087,443.91,0
tx_003733,2025-02-08 21:15:00,u_02332,d_0931,ip_0773,m_0117,126.84,0
tx_003734,2025-02-08 21:30:00,u_00806,d_1254,ip_1633,m_0072,85.85,0
tx_003735,2025-02-08 21:45:00,u_00509,d_0078,ip_1725,m_0171,28.82,0
tx_003736,2025-02-08 22:00:00,u_00947,d_0861,ip_1834,m_0126,112.96,0
tx_003737,2025-02-08 22:15:00,u_01321,d_1167,ip_0378,m_0017,248.86,0
tx_003738,2025-02-08 22:30:00,u_01670,d_1210,ip_1900,m_0183,317.67,0
tx_003739,2025-02-08 22:45:00,u_02082,d_1014,ip_0476,m_0193,36.63,0
tx_003740,2025-02-08 23:00:00,u_00562,d_0945,ip_2061,m_0200,480.74,0
tx_003741,2025-02-08 23:15:00,u_00758,d_1225,ip_0085,m_0283,56.01,0
tx_003742,2025-02-08 23:30:00,u_02346,d_0681,ip_0491,m_0211,131.48,0
tx_003743,2025-02-08 23:45:00,u_01099,d_1021,ip_1339,m_0202,84.03,0
tx_003744,2025-02-09 00:00:00,u_00603,d_0575,ip_1195,m_0063,225.26,0
tx_003745,2025-02-09 00:15:00,u_02464,d_0788,ip_1514,m_0139,163.05,0
tx_003746,2025-02-09 00:30:00,u_01122,d_0223,ip_0887,m_0130,292.35,0
tx_003747,2025-02-09 00:45:00,u_02462,d_0630,ip_0007,m_0288,938.05,0
tx_003748,2025-02-09 01:00:00,u_02298,d_0255,ip_1358,m_0142,220.93,0
tx_003749,2025-02-09 01:15:00,u_02265,d_0407,ip_1123,m_0206,83.37,0
tx_003750,2025-02-09 01:30:00,u_01454,d_0755,ip_1119,m_0162,235.35,0
tx_003751,2025-02-09 01:45:00,u_01996,d_0900,ip_0829,m_0017,1038.09,0
tx_003752,2025-02-09 02:00:00,u_02401,d_1695,ip_1959,m_0280,286.1,0
tx_003753,2025-02-09 02:15:00,ring_u_11_8,ring_d_11,ring_ip_11,ring_m_3,2508.38,1
tx_003754,2025-02-09 02:30:00,u_00094,d_1617,ip_0398,m_0069,30.16,0
tx_003755,2025-02-09 02:45:00,u_00802,d_0590,ip_0085,m_0017,218.52,0
tx_003756,2025-02-09 03:00:00,u_01592,d_1303,ip_0398,m_0281,113.52,0
tx_003757,2025-02-09 03:15:00,u_01368,d_1220,ip_0106,m_0092,75.18,0
tx_003758,2025-02-09 03:30:00,u_00201,d_1747,ip_1560,m_0005,145.14,0
tx_003759,2025-02-09 03:45:00,u_01401,d_0195,ip_1364,m_0184,165.44,0
tx_003760,2025-02-09 04:00:00,u_00435,d_1740,ip_1018,m_0004,79.49,0
tx_003761,2025-02-09 04:15:00,u_01263,d_0113,ip_1301,m_0064,179.19,0
tx_003762,2025-02-09 04:30:00,u_01439,d_1579,ip_1778,m_0268,124.78,0
tx_003763,2025-02-09 04:45:00,u_01591,d_1173,ip_1828,m_0011,299.6,0
tx_003764,2025-02-09 05:00:00,u_01031,d_0867,ip_0955,m_0225,186.34,0
tx_003765,2025-02-09 05:15:00,u_01020,d_0715,ip_1302,m_0185,216.14,0
tx_003766,2025-02-09 05:30:00,u_01696,d_0168,ip_1269,m_0091,395.2,0
tx_003767,2025-02-09 05:45:00,ring_u_19_10,ring_d_19,ring_ip_19,ring_m_3,1040.55,1
tx_003768,2025-02-09 06:00:00,u_02019,d_1310,ip_1675,m_0142,147.51,0
tx_003769,2025-02-09 06:15:00,u_00833,d_1687,ip_0691,m_0159,18.41,0
tx_003770,2025-02-09 06:30:00,u_01060,d_1314,ip_1951,m_0267,248.07,0
tx_003771,2025-02-09 06:45:00,ring_u_14_11,ring_d_14,ring_ip_14,ring_m_6,1883.28,1
tx_003772,2025-02-09 07:00:00,u_01318,d_1596,ip_1667,m_0177,136.15,0
tx_003773,2025-02-09 07:15:00,u_00318,d_0766,ip_2150,m_0205,215.09,0
tx_003774,2025-02-09 07:30:00,u_01075,d_1266,ip_1779,m_0003,562.86,0
tx_003775,2025-02-09 07:45:00,u_00471,d_0475,ip_0236,m_0268,936.66,0
tx_003776,2025-02-09 08:00:00,u_01331,d_1431,ip_0452,m_0297,59.07,0
tx_003777,2025-02-09 08:15:00,u_02126,d_1095,ip_1750,m_0025,39.81,0
tx_003778,2025-02-09 08:30:00,u_02463,d_0792,ip_0271,m_0078,205.56,0
tx_003779,2025-02-09 08:45:00,u_01115,d_1130,ip_0025,m_0235,189.13,0
tx_003780,2025-02-09 09:00:00,u_00140,d_0498,ip_0567,m_0242,44.62,0
tx_003781,2025-02-09 09:15:00,u_00569,d_1120,ip_1070,m_0046,145.97,0
tx_003782,2025-02-09 09:30:00,u_00262,d_0854,ip_0282,m_0275,269.76,0
tx_003783,2025-02-09 09:45:00,u_01898,d_0579,ip_0337,m_0098,43.37,0
tx_003784,2025-02-09 10:00:00,u_02461,d_1755,ip_0745,m_0088,54.89,0
tx_003785,2025-02-09 10:15:00,u_01384,d_0114,ip_1317,m_0107,77.93,0
tx_003786,2025-02-09 10:30:00,u_00442,d_1363,ip_1197,m_0201,120.03,0
tx_003787,2025-02-09 10:45:00,u_00052,d_0378,ip_1755,m_0061,297.07,0
tx_003788,2025-02-09 11:00:00,u_02440,d_0400,ip_2157,m_0162,107.07,0
tx_003789,2025-02-09 11:15:00,u_00790,d_0277,ip_0072,m_0022,156.85,0
tx_003790,2025-02-09 11:30:00,u_00280,d_0184,ip_1514,m_0044,1402.73,0
tx_003791,2025-02-09 11:45:00,u_00442,d_0223,ip_0360,m_0230,57.04,0
tx_003792,2025-02-09 12:00:00,ring_u_0_11,ring_d_0,ring_ip_0,ring_m_0,123.01,1
tx_003793,2025-02-09 12:15:00,u_01639,d_1667,ip_0753,m_0238,292.39,0
tx_003794,2025-02-09 12:30:00,u_02229,d_1052,ip_1541,m_0221,398.63,0
tx_003795,2025-02-09 12:45:00,u_00687,d_0024,ip_0562,m_0299,224.71,0
tx_003796,2025-02-09 13:00:00,u_01718,d_1556,ip_1968,m_0041,905.94,0
tx_003797,2025-02-09 13:15:00,u_00162,d_1083,ip_0843,m_0280,203.86,0
tx_003798,2025-02-09 13:30:00,u_00025,d_0937,ip_1793,m_0267,20.57,0
tx_003799,2025-02-09 13:45:00,u_00137,d_1705,ip_2094,m_0130,163.53,0
tx_003800,2025-02-09 14:00:00,u_02307,d_0737,ip_1123,m_0040,83.85,0
tx_003801,2025-02-09 14:15:00,u_01454,d_0648,ip_0222,m_0040,592.18,0
tx_003802,2025-02-09 14:30:00,u_02012,d_1403,ip_1543,m_0153,389.41,0
tx_003803,2025-02-09 14:45:00,u_00054,d_0948,ip_0931,m_0003,30.27,0
tx_003804,2025-02-09 15:00:00,u_00055,d_1290,ip_0744,m_0028,572.67,0
tx_003805,2025-02-09 15:15:00,u_02121,d_1252,ip_1005,m_0159,379.69,0
tx_003806,2025-02-09 15:30:00,u_00256,d_1510,ip_0659,m_0168,107.29,0
tx_003807,2025-02-09 15:45:00,u_00388,d_0570,ip_0616,m_0258,137.22,0
tx_003808,2025-02-09 16:00:00,u_01297,d_0129,ip_2177,m_0292,597.16,0
tx_003809,2025-02-09 16:15:00,u_01516,d_0859,ip_0612,m_0080,20.67,0
tx_003810,2025-02-09 16:30:00,u_00572,d_1165,ip_1008,m_0099,231.69,0
tx_003811,2025-02-09 16:45:00,u_01111,d_1470,ip_1572,m_0059,442.93,0
tx_003812,2025-02-09 17:00:00,ring_u_15_13,ring_d_15,ring_ip_15,ring_m_7,36.69,1
tx_003813,2025-02-09 17:15:00,ring_u_22_16,ring_d_22,ring_ip_22,ring_m_6,1013.89,1
tx_003814,2025-02-09 17:30:00,u_00956,d_1497,ip_1970,m_0297,164.54,0
tx_003815,2025-02-09 17:45:00,u_00179,d_1455,ip_1788,m_0268,67.76,0
tx_003816,2025-02-09 18:00:00,u_01129,d_1454,ip_0062,m_0273,66.09,0
tx_003817,2025-02-09 18:15:00,u_02006,d_1777,ip_0891,m_0135,302.45,0
tx_003818,2025-02-09 18:30:00,u_01566,d_1190,ip_0000,m_0197,78.59,0
tx_003819,2025-02-09 18:45:00,u_02232,d_0666,ip_1334,m_0216,32.31,0
tx_003820,2025-02-09 19:00:00,u_00315,d_0785,ip_0715,m_0072,167.74,0
tx_003821,2025-02-09 19:15:00,u_00027,d_1344,ip_1965,m_0138,88.85,0
tx_003822,2025-02-09 19:30:00,u_01370,d_0425,ip_0386,m_0165,44.74,0
tx_003823,2025-02-09 19:45:00,u_00446,d_1085,ip_1872,m_0111,159.45,0
tx_003824,2025-02-09 20:00:00,u_01484,d_1030,ip_0753,m_0141,319.67,0
tx_003825,2025-02-09 20:15:00,u_02259,d_1199,ip_2024,m_0132,151.43,0
tx_003826,2025-02-09 20:30:00,u_00842,d_0758,ip_0439,m_0018,51.1,0
tx_003827,2025-02-09 20:45:00,u_01373,d_1331,ip_0591,m_0230,240.28,0
tx_003828,2025-02-09 21:00:00,u_01704,d_0128,ip_0772,m_0270,417.86,0
tx_003829,2025-02-09 21:15:00,u_00375,d_1349,ip_2167,m_0226,1357.0,0
tx_003830,2025-02-09 21:30:00,u_02243,d_1461,ip_1614,m_0280,627.56,0
tx_003831,2025-02-09 21:45:00,u_00506,d_1594,ip_1796,m_0129,54.31,0
tx_003832,2025-02-09 22:00:00,u_02020,d_1661,ip_1216,m_0016,350.05,0
tx_003833,2025-02-09 22:15:00,u_01649,d_0628,ip_1748,m_0080,191.81,0
tx_003834,2025-02-09 22:30:00,u_00352,d_0083,ip_1379,m_0256,46.89,0
tx_003835,2025-02-09 22:45:00,u_01812,d_1176,ip_1468,m_0041,197.12,0
tx_003836,2025-02-09 23:00:00,u_00491,d_0162,ip_1841,m_0164,1010.98,0
tx_003837,2025-02-09 23:15:00,u_01498,d_0504,ip_2163,m_0000,490.72,0
tx_003838,2025-02-09 23:30:00,ring_u_22_4,ring_d_22,ring_ip_22,ring_m_6,803.31,1
tx_003839,2025-02-09 23:45:00,u_02382,d_1070,ip_0971,m_0033,150.46,0
tx_003840,2025-02-10 00:00:00,u_02178,d_1091,ip_1436,m_0034,242.66,0
tx_003841,2025-02-10 00:15:00,u_01235,d_1352,ip_1631,m_0049,26.31,0
tx_003842,2025-02-10 00:30:00,u_01398,d_0296,ip_2169,m_0161,27.24,0
tx_003843,2025-02-10 00:45:00,u_00750,d_1423,ip_1537,m_0206,173.23,0
tx_003844,2025-02-10 01:00:00,u_02302,d_1055,ip_2100,m_0086,175.51,0
tx_003845,2025-02-10 01:15:00,u_01193,d_0756,ip_1610,m_0245,23.6,0
tx_003846,2025-02-10 01:30:00,u_01929,d_0834,ip_2093,m_0117,218.76,0
tx_003847,2025-02-10 01:45:00,u_00899,d_0915,ip_1653,m_0221,440.08,0
tx_003848,2025-02-10 02:00:00,u_01851,d_0990,ip_1946,m_0158,119.31,0
tx_003849,2025-02-10 02:15:00,ring_u_23_0,ring_d_23,ring_ip_23,ring_m_7,4608.87,1
tx_003850,2025-02-10 02:30:00,u_01834,d_0401,ip_2183,m_0293,262.8,0
tx_003851,2025-02-10 02:45:00,u_00114,d_0304,ip_0767,m_0298,230.22,0
tx_003852,2025-02-10 03:00:00,u_00262,d_0613,ip_1754,m_0176,27.98,0
tx_003853,2025-02-10 03:15:00,u_00880,d_0468,ip_0862,m_0288,60.03,0
tx_003854,2025-02-10 03:30:00,u_01205,d_0929,ip_1007,m_0210,99.9,0
tx_003855,2025-02-10 03:45:00,u_01778,d_1641,ip_1645,m_0080,62.75,0
tx_003856,2025-02-10 04:00:00,u_00897,d_0194,ip_1189,m_0280,643.53,0
tx_003857,2025-02-10 04:15:00,u_00046,d_0556,ip_1575,m_0043,279.91,0
tx_003858,2025-02-10 04:30:00,u_00813,d_0088,ip_0173,m_0140,48.92,0
tx_003859,2025-02-10 04:45:00,u_01097,d_1754,ip_1833,m_0045,119.78,0
tx_003860,2025-02-10 05:00:00,u_01359,d_1261,ip_0898,m_0235,459.62,0
tx_003861,2025-02-10 05:15:00,u_01610,d_0434,ip_1734,m_0268,77.77,0
tx_003862,2025-02-10 05:30:00,u_00619,d_0745,ip_0628,m_0245,347.78,0
tx_003863,2025-02-10 05:45:00,u_01526,d_1301,ip_1311,m_0030,591.81,0
tx_003864,2025-02-10 06:00:00,u_01578,d_1723,ip_1294,m_0081,500.77,0
tx_003865,2025-02-10 06:15:00,u_01941,d_1033,ip_0307,m_0102,177.75,0
tx_003866,2025-02-10 06:30:00,u_01305,d_0487,ip_1043,m_0034,518.54,0
tx_003867,2025-02-10 06:45:00,u_02026,d_1254,ip_1398,m_0159,88.04,0
tx_003868,2025-02-10 07:00:00,u_00554,d_1234,ip_1839,m_0010,1782.69,0
tx_003869,2025-02-10 07:15:00,u_01779,d_1159,ip_1951,m_0184,188.83,0
tx_003870,2025-02-10 07:30:00,u_00114,d_0082,ip_0845,m_0172,467.22,0
tx_003871,2025-02-10 07:45:00,u_00256,d_1272,ip_1414,m_0178,103.34,0
tx_003872,2025-02-10 08:00:00,u_02161,d_0035,ip_0384,m_0273,244.55,0
tx_003873,2025-02-10 08:15:00,u_01187,d_1629,ip_1970,m_0235,255.56,0
tx_003874,2025-02-10 08:30:00,u_01552,d_1587,ip_1909,m_0077,58.63,0
tx_003875,2025-02-10 08:45:00,u_01508,d_1014,ip_2197,m_0171,56.91,0
tx_003876,2025-02-10 09:00:00,u_01737,d_1162,ip_1069,m_0240,120.96,0
tx_003877,2025-02-10 09:15:00,u_00613,d_0122,ip_0790,m_0255,448.24,0
tx_003878,2025-02-10 09:30:00,u_00445,d_1573,ip_1667,m_0192,23.77,0
tx_003879,2025-02-10 09:45:00,u_00106,d_0487,ip_1591,m_0025,103.25,0
tx_003880,2025-02-10 10:00:00,u_02161,d_0471,ip_0466,m_0130,549.97,0
tx_003881,2025-02-10 10:15:00,u_00558,d_1274,ip_1187,m_0257,43.29,0
tx_003882,2025-02-10 10:30:00,u_01437,d_1689,ip_1416,m_0022,520.04,0
tx_003883,2025-02-10 10:45:00,u_01137,d_0889,ip_1000,m_0177,48.05,0
tx_003884,2025-02-10 11:00:00,u_00405,d_0913,ip_0816,m_0162,59.35,0
tx_003885,2025-02-10 11:15:00,u_01034,d_0987,ip_0527,m_0066,128.1,0
tx_003886,2025-02-10 11:30:00,u_00208,d_0524,ip_0905,m_0103,966.29,0
tx_003887,2025-02-10 11:45:00,u_00441,d_1073,ip_0541,m_0293,78.26,0
tx_003888,2025-02-10 12:00:00,u_00349,d_1729,ip_0660,m_0178,26.23,0
tx_003889,2025-02-10 12:15:00,u_02061,d_0688,ip_0406,m_0281,36.53,0
tx_003890,2025-02-10 12:30:00,u_01418,d_1391,ip_0827,m_0141,376.89,0
tx_003891,2025-02-10 12:45:00,u_02314,d_1393,ip_1389,m_0253,38.29,0
tx_003892,2025-02-10 13:00:00,u_01089,d_1531,ip_0830,m_0185,486.85,0
tx_003893,2025-02-10 13:15:00,ring_u_6_2,ring_d_6,ring_ip_6,ring_m_6,49.32,1
tx_003894,2025-02-10 13:30:00,u_01521,d_1658,ip_1762,m_0098,143.7,0
tx_003895,2025-02-10 13:45:00,u_02323,d_1285,ip_0949,m_0114,199.8,0
tx_003896,2025-02-10 14:00:00,u_01331,d_1757,ip_1284,m_0012,66.62,0
tx_003897,2025-02-10 14:15:00,ring_u_15_14,ring_d_15,ring_ip_15,ring_m_7,38.33,1
tx_003898,2025-02-10 14:30:00,u_00759,d_1506,ip_1113,m_0041,45.01,0
tx_003899,2025-02-10 14:45:00,ring_u_21_0,ring_d_21,ring_ip_21,ring_m_5,59.43,1
tx_003900,2025-02-10 15:00:00,u_01295,d_1770,ip_1662,m_0092,53.13,0
tx_003901,2025-02-10 15:15:00,u_02379,d_1071,ip_1880,m_0262,230.18,0
tx_003902,2025-02-10 15:30:00,u_01273,d_1278,ip_1988,m_0113,52.73,0
tx_003903,2025-02-10 15:45:00,u_00030,d_1740,ip_0974,m_0247,87.08,0
tx_003904,2025-02-10 16:00:00,u_02182,d_0684,ip_0750,m_0244,102.12,0
tx_003905,2025-02-10 16:15:00,u_01907,d_0214,ip_0182,m_0294,2925.87,0
tx_003906,2025-02-10 16:30:00,u_01788,d_1591,ip_0973,m_0152,146.28,0
tx_003907,2025-02-10 16:45:00,u_02425,d_1137,ip_2182,m_0254,65.27,0
tx_003908,2025-02-10 17:00:00,u_00490,d_0771,ip_0572,m_0125,95.15,0
tx_003909,2025-02-10 17:15:00,u_02264,d_1290,ip_1858,m_0189,32.96,0
tx_003910,2025-02-10 17:30:00,u_00581,d_0058,ip_1664,m_0243,126.12,0
tx_003911,2025-02-10 17:45:00,u_02426,d_0858,ip_1452,m_0042,944.91,0
tx_003912,2025-02-10 18:00:00,u_00478,d_0477,ip_1243,m_0017,207.69,0
tx_003913,2025-02-10 18:15:00,u_01375,d_0518,ip_1663,m_0049,366.28,0
tx_003914,2025-02-10 18:30:00,u_01973,d_1744,ip_0216,m_0216,59.74,0
tx_003915,2025-02-10 18:45:00,u_00195,d_0990,ip_0282,m_0142,121.1,0
tx_003916,2025-02-10 19:00:00,u_00166,d_0252,ip_0430,m_0084,181.98,0
tx_003917,2025-02-10 19:15:00,u_02124,d_0656,ip_1685,m_0230,71.86,0
tx_003918,2025-02-10 19:30:00,u_00151,d_0436,ip_0950,m_0004,221.41,0
tx_003919,2025-02-10 19:45:00,u_01534,d_1636,ip_0457,m_0051,274.63,0
tx_003920,2025-02-10 20:00:00,u_02345,d_0524,ip_0098,m_0140,255.4,0
tx_003921,2025-02-10 20:15:00,u_01536,d_0642,ip_1075,m_0274,127.6,0
tx_003922,2025-02-10 20:30:00,u_01202,d_0601,ip_0877,m_0224,441.82,0
tx_003923,2025-02-10 20:45:00,u_01043,d_0316,ip_0391,m_0205,114.71,0
tx_003924,2025-02-10 21:00:00,u_01595,d_1404,ip_0051,m_0213,104.71,0
tx_003925,2025-02-10 21:15:00,u_01429,d_1037,ip_1658,m_0093,627.37,0
tx_003926,2025-02-10 21:30:00,u_01254,d_0786,ip_1714,m_0134,49.06,0
tx_003927,2025-02-10 21:45:00,u_00383,d_0712,ip_0541,m_0265,27.03,0
tx_003928,2025-02-10 22:00:00,u_01656,d_1200,ip_1086,m_0218,62.31,0
tx_003929,2025-02-10 22:15:00,u_01849,d_0172,ip_0557,m_0179,218.6,0
tx_003930,2025-02-10 22:30:00,u_01772,d_1677,ip_0899,m_0024,535.71,0
tx_003931,2025-02-10 22:45:00,u_00187,d_1016,ip_0240,m_0219,76.67,0
tx_003932,2025-02-10 23:00:00,u_01757,d_0409,ip_2081,m_0109,911.27,0
tx_003933,2025-02-10 23:15:00,u_01824,d_0968,ip_1585,m_0115,152.5,0
tx_003934,2025-02-10 23:30:00,u_00458,d_1533,ip_1982,m_0202,132.22,0
tx_003935,2025-02-10 23:45:00,u_02122,d_0311,ip_0650,m_0118,63.44,0
tx_003936,2025-02-11 00:00:00,u_01309,d_0942,ip_1920,m_0171,1044.56,0
tx_003937,2025-02-11 00:15:00,u_01181,d_1075,ip_1140,m_0003,127.7,0
tx_003938,2025-02-11 00:30:00,u_01806,d_1458,ip_0435,m_0055,39.17,0
tx_003939,2025-02-11 00:45:00,u_01274,d_1021,ip_0730,m_0161,1733.1,0
tx_003940,2025-02-11 01:00:00,u_01361,d_1325,ip_1785,m_0287,220.01,0
tx_003941,2025-02-11 01:15:00,u_00780,d_1392,ip_1704,m_0228,329.91,0
tx_003942,2025-02-11 01:30:00,u_02319,d_1604,ip_1584,m_0125,797.56,0
tx_003943,2025-02-11 01:45:00,u_02423,d_0650,ip_0498,m_0290,274.37,0
tx_003944,2025-02-11 02:00:00,u_00326,d_1266,ip_1425,m_0082,393.42,0
tx_003945,2025-02-11 02:15:00,u_01832,d_0447,ip_2069,m_0267,156.7,0
tx_003946,2025-02-11 02:30:00,u_00058,d_1519,ip_0107,m_0121,309.12,0
tx_003947,2025-02-11 02:45:00,u_00922,d_1712,ip_0706,m_0026,143.43,0
tx_003948,2025-02-11 03:00:00,u_02424,d_0529,ip_0176,m_0000,145.44,0
tx_003949,2025-02-11 03:15:00,u_00437,d_1010,ip_0228,m_0294,167.29,0
tx_003950,2025-02-11 03:30:00,u_00942,d_1480,ip_2195,m_0192,99.8,0
tx_003951,2025-02-11 03:45:00,u_00548,d_0048,ip_0528,m_0044,245.77,0
tx_003952,2025-02-11 04:00:00,u_01820,d_1269,ip_0394,m_0297,245.14,0
tx_003953,2025-02-11 04:15:00,u_01159,d_1477,ip_0162,m_0012,336.61,0
tx_003954,2025-02-11 04:30:00,u_01482,d_1568,ip_2158,m_0100,281.35,0
tx_003955,2025-02-11 04:45:00,u_02356,d_0354,ip_1031,m_0224,1096.68,0
tx_003956,2025-02-11 05:00:00,u_01302,d_1362,ip_1741,m_0015,425.23,0
tx_003957,2025-02-11 05:15:00,u_01835,d_1414,ip_0550,m_0271,120.63,0
tx_003958,2025-02-11 05:30:00,u_00244,d_0005,ip_1409,m_0203,233.47,0
tx_003959,2025-02-11 05:45:00,u_00538,d_1269,ip_1949,m_0284,609.54,0
tx_003960,2025-02-11 06:00:00,u_02367,d_1127,ip_1476,m_0251,57.4,0
tx_003961,2025-02-11 06:15:00,u_02148,d_1743,ip_1137,m_0247,1112.36,0
tx_003962,2025-02-11 06:30:00,u_01641,d_0077,ip_0463,m_0068,68.4,0
tx_003963,2025-02-11 06:45:00,u_00945,d_1738,ip_0513,m_0061,365.14,0
tx_003964,2025-02-11 07:00:00,u_00499,d_1028,ip_1313,m_0072,149.4,0
tx_003965,2025-02-11 07:15:00,u_02129,d_0493,ip_0992,m_0046,141.04,0
tx_003966,2025-02-11 07:30:00,u_01963,d_0697,ip_0102,m_0199,40.33,0
tx_003967,2025-02-11 07:45:00,u_00604,d_1379,ip_0431,m_0017,367.79,0
tx_003968,2025-02-11 08:00:00,u_01474,d_1792,ip_0950,m_0128,40.92,0
tx_003969,2025-02-11 08:15:00,u_01546,d_0570,ip_0393,m_0174,35.07,0
tx_003970,2025-02-11 08:30:00,u_01193,d_1770,ip_1218,m_0161,473.29,0
tx_003971,2025-02-11 08:45:00,u_02316,d_1132,ip_0661,m_0146,888.56,0
tx_003972,2025-02-11 09:00:00,u_00310,d_0345,ip_0641,m_0066,76.15,0
tx_003973,2025-02-11 09:15:00,u_00644,d_1075,ip_0238,m_0032,404.69,0
tx_003974,2025-02-11 09:30:00,u_00237,d_1443,ip_1107,m_0296,329.15,0
tx_003975,2025-02-11 09:45:00,u_01732,d_0098,ip_0415,m_0139,135.43,0
tx_003976,2025-02-11 10:00:00,u_01610,d_0142,ip_1386,m_0178,564.43,0
tx_003977,2025-02-11 10:15:00,u_02468,d_0009,ip_2063,m_0170,126.01,0
tx_003978,2025-02-11 10:30:00,u_01355,d_1026,ip_2006,m_0110,249.02,0
tx_003979,2025-02-11 10:45:00,u_00376,d_0103,ip_1466,m_0216,42.36,0
tx_003980,2025-02-11 11:00:00,u_01127,d_1677,ip_1776,m_0112,44.21,0
tx_003981,2025-02-11 11:15:00,u_00221,d_0230,ip_2026,m_0124,477.73,0
tx_003982,2025-02-11 11:30:00,u_01677,d_0128,ip_1499,m_0241,257.55,0
tx_003983,2025-02-11 11:45:00,u_01685,d_0463,ip_0565,m_0095,128.71,0
tx_003984,2025-02-11 12:00:00,u_02144,d_1373,ip_1101,m_0209,1000.09,0
tx_003985,2025-02-11 12:15:00,u_00849,d_1632,ip_1885,m_0199,989.61,0
tx_003986,2025-02-11 12:30:00,u_00775,d_0451,ip_1469,m_0009,230.25,0
tx_003987,2025-02-11 12:45:00,u_00178,d_0933,ip_0797,m_0205,34.62,0
tx_003988,2025-02-11 13:00:00,u_01037,d_1392,ip_0370,m_0240,132.74,0
tx_003989,2025-02-11 13:15:00,u_01188,d_1434,ip_0317,m_0081,64.55,0
tx_003990,2025-02-11 13:30:00,u_01886,d_0275,ip_0829,m_0274,162.31,0
tx_003991,2025-02-11 13:45:00,u_01884,d_1508,ip_1770,m_0005,58.19,0
tx_003992,2025-02-11 14:00:00,u_00350,d_1561,ip_1215,m_0053,44.87,0
tx_003993,2025-02-11 14:15:00,u_00712,d_1322,ip_0131,m_0283,15.45,0
tx_003994,2025-02-11 14:30:00,u_01278,d_0949,ip_2020,m_0256,175.43,0
tx_003995,2025-02-11 14:45:00,u_00837,d_0704,ip_0890,m_0226,14.9,0
tx_003996,2025-02-11 15:00:00,u_00063,d_1600,ip_0859,m_0181,107.74,0
tx_003997,2025-02-11 15:15:00,u_02114,d_1554,ip_1802,m_0060,297.2,0
tx_003998,2025-02-11 15:30:00,ring_u_23_17,ring_d_23,ring_ip_23,ring_m_7,4312.69,1
tx_003999,2025-02-11 15:45:00,u_01300,d_1335,ip_1357,m_0169,50.16,0
tx_004000,2025-02-11 16:00:00,ring_u_1_16,ring_d_1,ring_ip_1,ring_m_1,809.08,1
tx_004001,2025-02-11 16:15:00,u_02106,d_1337,ip_1139,m_0178,64.81,0
tx_004002,2025-02-11 16:30:00,u_00088,d_0160,ip_1351,m_0026,178.69,0
tx_004003,2025-02-11 16:45:00,u_01115,d_1622,ip_0777,m_0037,52.83,0
tx_004004,2025-02-11 17:00:00,u_02002,d_0927,ip_1959,m_0051,133.69,0
tx_004005,2025-02-11 17:15:00,u_02382,d_1077,ip_0165,m_0057,104.96,0
tx_004006,2025-02-11 17:30:00,u_00628,d_0340,ip_0607,m_0024,146.71,0
tx_004007,2025-02-11 17:45:00,u_01626,d_0951,ip_2180,m_0287,761.39,0
tx_004008,2025-02-11 18:00:00,u_00474,d_0005,ip_1065,m_0240,181.24,0
tx_004009,2025-02-11 18:15:00,u_00289,d_1602,ip_0384,m_0152,245.78,0
tx_004010,2025-02-11 18:30:00,u_00882,d_1347,ip_0910,m_0110,79.46,0
tx_004011,2025-02-11 18:45:00,u_02212,d_0818,ip_0561,m_0057,185.54,0
tx_004012,2025-02-11 19:00:00,u_01723,d_1504,ip_1155,m_0284,112.75,0
tx_004013,2025-02-11 19:15:00,u_01223,d_1460,ip_0519,m_0239,152.88,0
tx_004014,2025-02-11 19:30:00,u_00707,d_0214,ip_0878,m_0225,283.99,0
tx_004015,2025-02-11 19:45:00,u_00354,d_0096,ip_1997,m_0141,90.0,0
tx_004016,2025-02-11 20:00:00,u_00676,d_0456,ip_0181,m_0008,99.68,0
tx_004017,2025-02-11 20:15:00,u_00381,d_0002,ip_1680,m_0191,91.25,0
tx_004018,2025-02-11 20:30:00,u_00467,d_1031,ip_0172,m_0146,89.5,0
tx_004019,2025-02-11 20:45:00,ring_u_13_7,ring_d_13,ring_ip_13,ring_m_5,924.43,1
tx_004020,2025-02-11 21:00:00,u_00331,d_0968,ip_1470,m_0094,103.13,0
tx_004021,2025-02-11 21:15:00,ring_u_15_0,ring_d_15,ring_ip_15,ring_m_7,120.55,1
tx_004022,2025-02-11 21:30:00,u_01355,d_1652,ip_0550,m_0261,2162.81,0
tx_004023,2025-02-11 21:45:00,u_00716,d_1757,ip_0116,m_0049,84.1,0
tx_004024,2025-02-11 22:00:00,u_01136,d_1062,ip_1651,m_0243,199.14,0
tx_004025,2025-02-11 22:15:00,u_00349,d_0009,ip_1966,m_0291,419.06,0
tx_004026,2025-02-11 22:30:00,u_00524,d_0712,ip_1243,m_0013,113.78,0
tx_004027,2025-02-11 22:45:00,ring_u_15_7,ring_d_15,ring_ip_15,ring_m_7,74.91,1
tx_004028,2025-02-11 23:00:00,u_01725,d_1347,ip_1101,m_0020,844.02,0
tx_004029,2025-02-11 23:15:00,u_01035,d_0438,ip_0860,m_0249,294.76,0
tx_004030,2025-02-11 23:30:00,u_01354,d_1480,ip_0993,m_0152,204.12,0
tx_004031,2025-02-11 23:45:00,u_01304,d_1741,ip_0118,m_0006,633.03,0
tx_004032,2025-02-12 00:00:00,u_00672,d_0915,ip_0698,m_0231,320.61,0
tx_004033,2025-02-12 00:15:00,u_00699,d_0686,ip_2197,m_0229,141.47,0
tx_004034,2025-02-12 00:30:00,u_01064,d_0947,ip_0100,m_0277,55.89,0
tx_004035,2025-02-12 00:45:00,u_00080,d_0049,ip_2011,m_0145,90.62,0
tx_004036,2025-02-12 01:00:00,u_01713,d_0942,ip_1138,m_0279,495.13,0
tx_004037,2025-02-12 01:15:00,u_01535,d_0048,ip_1286,m_0199,293.56,0
tx_004038,2025-02-12 01:30:00,u_00765,d_0062,ip_2053,m_0157,123.14,0
tx_004039,2025-02-12 01:45:00,u_00934,d_0996,ip_0479,m_0107,868.32,0
tx_004040,2025-02-12 02:00:00,u_00821,d_0919,ip_2165,m_0087,126.82,0
tx_004041,2025-02-12 02:15:00,u_01628,d_1776,ip_0608,m_0186,398.42,0
tx_004042,2025-02-12 02:30:00,u_01899,d_0913,ip_0767,m_0221,184.94,0
tx_004043,2025-02-12 02:45:00,u_00271,d_1763,ip_0988,m_0010,1025.52,0
tx_004044,2025-02-12 03:00:00,u_01033,d_1452,ip_1323,m_0123,315.15,0
tx_004045,2025-02-12 03:15:00,u_00034,d_0607,ip_0710,m_0013,155.42,0
tx_004046,2025-02-12 03:30:00,u_01130,d_1667,ip_1744,m_0118,124.11,0
tx_004047,2025-02-12 03:45:00,u_00620,d_0868,ip_0046,m_0239,146.15,0
tx_004048,2025-02-12 04:00:00,u_00839,d_1070,ip_1466,m_0207,71.85,0
tx_004049,2025-02-12 04:15:00,u_01141,d_0180,ip_1443,m_0037,37.84,0
tx_004050,2025-02-12 04:30:00,u_00809,d_0382,ip_1176,m_0215,202.09,0
tx_004051,2025-02-12 04:45:00,u_00985,d_0939,ip_1349,m_0004,87.05,0
tx_004052,2025-02-12 05:00:00,u_01911,d_0488,ip_1644,m_0003,86.82,0
tx_004053,2025-02-12 05:15:00,u_02025,d_1079,ip_1989,m_0273,135.8,0
tx_004054,2025-02-12 05:30:00,ring_u_7_3,ring_d_7,ring_ip_7,ring_m_7,1069.98,1
tx_004055,2025-02-12 05:45:00,u_00944,d_0451,ip_1049,m_0079,149.51,0
tx_004056,2025-02-12 06:00:00,u_02117,d_1197,ip_1236,m_0039,844.12,0
tx_004057,2025-02-12 06:15:00,u_01326,d_1101,ip_0758,m_0174,287.83,0
tx_004058,2025-02-12 06:30:00,u_00513,d_1770,ip_2142,m_0156,1221.48,0
tx_004059,2025-02-12 06:45:00,u_01483,d_1619,ip_1125,m_0251,95.68,0
tx_004060,2025-02-12 07:00:00,u_00362,d_1459,ip_1303,m_0296,324.97,0
tx_004061,2025-02-12 07:15:00,u_00054,d_0001,ip_0428,m_0223,101.15,0
tx_004062,2025-02-12 07:30:00,u_01581,d_1084,ip_0914,m_0140,84.68,0
tx_004063,2025-02-12 07:45:00,u_01287,d_0412,ip_1376,m_0013,1268.44,0
tx_004064,2025-02-12 08:00:00,u_01891,d_0480,ip_0942,m_0276,68.84,0
tx_004065,2025-02-12 08:15:00,u_00862,d_0377,ip_1694,m_0168,15.93,0
tx_004066,2025-02-12 08:30:00,u_02135,d_0820,ip_0300,m_0065,73.12,0
tx_004067,2025-02-12 08:45:00,u_01053,d_0222,ip_0337,m_0162,19.92,0
tx_004068,2025-02-12 09:00:00,u_01845,d_0957,ip_0745,m_0117,57.32,0
tx_004069,2025-02-12 09:15:00,u_00250,d_0298,ip_0700,m_0105,62.89,0
tx_004070,2025-02-12 09:30:00,u_00242,d_0900,ip_1793,m_0135,153.74,0
tx_004071,2025-02-12 09:45:00,u_01957,d_1126,ip_1909,m_0226,19.11,0
tx_004072,2025-02-12 10:00:00,u_02084,d_0323,ip_1038,m_0049,490.76,0
tx_004073,2025-02-12 10:15:00,u_02356,d_0184,ip_1112,m_0289,22.74,0
tx_004074,2025-02-12 10:30:00,u_00811,d_1451,ip_0647,m_0018,130.61,0
tx_004075,2025-02-12 10:45:00,u_00055,d_1329,ip_1170,m_0044,107.32,0
tx_004076,2025-02-12 11:00:00,u_02449,d_0470,ip_1554,m_0202,338.78,0
tx_004077,2025-02-12 11:15:00,u_01503,d_1596,ip_1589,m_0043,210.93,0
tx_004078,2025-02-12 11:30:00,u_00617,d_0398,ip_2131,m_0233,486.32,0
tx_004079,2025-02-12 11:45:00,u_01909,d_1667,ip_1271,m_0220,103.39,0
tx_004080,2025-02-12 12:00:00,u_02259,d_0203,ip_0748,m_0128,93.25,0
tx_004081,2025-02-12 12:15:00,u_00712,d_1188,ip_0153,m_0136,224.26,0
tx_004082,2025-02-12 12:30:00,u_01924,d_0034,ip_1513,m_0299,415.38,0
tx_004083,2025-02-12 12:45:00,u_01968,d_0355,ip_1768,m_0238,338.68,0
tx_004084,2025-02-12 13:00:00,u_01254,d_0728,ip_1215,m_0189,204.76,0
tx_004085,2025-02-12 13:15:00,ring_u_9_4,ring_d_9,ring_ip_9,ring_m_1,99.77,1
tx_004086,2025-02-12 13:30:00,u_00673,d_0822,ip_0697,m_0176,143.12,0
tx_004087,2025-02-12 13:45:00,u_02322,d_0417,ip_0117,m_0011,223.62,0
tx_004088,2025-02-12 14:00:00,u_02457,d_0178,ip_1392,m_0075,1135.62,0
tx_004089,2025-02-12 14:15:00,u_02452,d_1731,ip_0266,m_0209,116.45,0
tx_004090,2025-02-12 14:30:00,u_01842,d_1767,ip_0185,m_0122,103.08,0
tx_004091,2025-02-12 14:45:00,u_00105,d_1732,ip_1544,m_0298,95.48,0
tx_004092,2025-02-12 15:00:00,u_00916,d_0277,ip_0955,m_0281,219.07,0
tx_004093,2025-02-12 15:15:00,u_01112,d_0687,ip_1329,m_0028,17.78,0
tx_004094,2025-02-12 15:30:00,u_02399,d_0589,ip_1644,m_0265,129.66,0
tx_004095,2025-02-12 15:45:00,u_01367,d_0586,ip_0841,m_0259,358.04,0
tx_004096,2025-02-12 16:00:00,u_01340,d_0749,ip_1344,m_0031,87.69,0
tx_004097,2025-02-12 16:15:00,u_00366,d_0918,ip_1186,m_0115,178.88,0
tx_004098,2025-02-12 16:30:00,u_01984,d_0873,ip_1276,m_0284,1223.33,0
tx_004099,2025-02-12 16:45:00,u_00840,d_0525,ip_1547,m_0005,206.77,0
tx_004100,2025-02-12 17:00:00,u_00229,d_1763,ip_0836,m_0017,15.81,0
tx_004101,2025-02-12 17:15:00,u_02469,d_1763,ip_1109,m_0153,36.24,0
tx_004102,2025-02-12 17:30:00,u_00475,d_0596,ip_1300,m_0285,115.47,0
tx_004103,2025-02-12 17:45:00,u_00040,d_0398,ip_0308,m_0083,66.43,0
tx_004104,2025-02-12 18:00:00,u_00194,d_0958,ip_0465,m_0231,164.58,0
tx_004105,2025-02-12 18:15:00,u_01131,d_0664,ip_0196,m_0208,110.55,0
tx_004106,2025-02-12 18:30:00,u_00257,d_1776,ip_0435,m_0043,476.31,0
tx_004107,2025-02-12 18:45:00,u_02106,d_0772,ip_0965,m_0086,49.83,0
tx_004108,2025-02-12 19:00:00,u_01281,d_0071,ip_2062,m_0187,120.6,0
tx_004109,2025-02-12 19:15:00,u_00809,d_0225,ip_2030,m_0144,184.43,0
tx_004110,2025-02-12 19:30:00,u_00007,d_0134,ip_1678,m_0071,208.75,0
tx_004111,2025-02-12 19:45:00,u_01199,d_0689,ip_1227,m_0060,171.88,0
tx_004112,2025-02-12 20:00:00,u_00378,d_0569,ip_0445,m_0167,13.31,0
tx_004113,2025-02-12 20:15:00,u_02445,d_1542,ip_0788,m_0248,161.3,0
tx_004114,2025-02-12 20:30:00,u_00727,d_1603,ip_1685,m_0123,127.64,0
tx_004115,2025-02-12 20:45:00,u_01187,d_0252,ip_1999,m_0277,352.17,0
tx_004116,2025-02-12 21:00:00,u_00046,d_1700,ip_2117,m_0200,305.81,0
tx_004117,2025-02-12 21:15:00,u_00327,d_1051,ip_0854,m_0121,188.83,0
tx_004118,2025-02-12 21:30:00,u_00518,d_0552,ip_1070,m_0212,202.99,0
tx_004119,2025-02-12 21:45:00,u_00129,d_0731,ip_1120,m_0134,573.86,0
tx_004120,2025-02-12 22:00:00,u_01814,d_0794,ip_0123,m_0227,468.86,0
tx_004121,2025-02-12 22:15:00,u_02363,d_0306,ip_0256,m_0294,195.46,0
tx_004122,2025-02-12 22:30:00,u_02463,d_1561,ip_0099,m_0236,1268.28,0
tx_004123,2025-02-12 22:45:00,u_00664,d_0022,ip_1622,m_0042,79.19,0
tx_004124,2025-02-12 23:00:00,u_01971,d_0125,ip_0493,m_0021,45.36,0
tx_004125,2025-02-12 23:15:00,u_01260,d_0492,ip_1540,m_0242,146.81,0
tx_004126,2025-02-12 23:30:00,u_00114,d_0258,ip_0825,m_0254,102.12,0
tx_004127,2025-02-12 23:45:00,u_00226,d_0111,ip_1747,m_0170,12.61,0
tx_004128,2025-02-13 00:00:00,u_01369,d_0690,ip_0254,m_0073,77.29,0
tx_004129,2025-02-13 00:15:00,u_01059,d_0678,ip_0715,m_0264,209.26,0
tx_004130,2025-02-13 00:30:00,u_00020,d_0226,ip_0450,m_0134,140.05,0
tx_004131,2025-02-13 00:45:00,u_02325,d_1458,ip_0959,m_0087,68.27,0
tx_004132,2025-02-13 01:00:00,u_01825,d_1588,ip_1236,m_0109,154.83,0
tx_004133,2025-02-13 01:15:00,u_01256,d_1295,ip_0370,m_0088,167.85,0
tx_004134,2025-02-13 01:30:00,ring_u_22_7,ring_d_22,ring_ip_22,ring_m_6,894.4,1
tx_004135,2025-02-13 01:45:00,u_02427,d_1705,ip_2121,m_0097,78.14,0
tx_004136,2025-02-13 02:00:00,ring_u_20_1,ring_d_20,ring_ip_20,ring_m_4,1708.66,1
tx_004137,2025-02-13 02:15:00,u_00647,d_0768,ip_0189,m_0004,49.87,0
tx_004138,2025-02-13 02:30:00,u_02202,d_0027,ip_2094,m_0108,89.71,0
tx_004139,2025-02-13 02:45:00,u_01261,d_1274,ip_1427,m_0050,811.59,0
tx_004140,2025-02-13 03:00:00,u_01815,d_0166,ip_2023,m_0194,53.31,0
tx_004141,2025-02-13 03:15:00,u_02148,d_1197,ip_1551,m_0298,76.8,0
tx_004142,2025-02-13 03:30:00,u_00408,d_1408,ip_1578,m_0236,42.39,0
tx_004143,2025-02-13 03:45:00,u_01120,d_0390,ip_0347,m_0074,64.89,0
tx_004144,2025-02-13 04:00:00,u_00322,d_1101,ip_1126,m_0153,170.44,0
tx_004145,2025-02-13 04:15:00,u_00698,d_0546,ip_0803,m_0005,300.83,0
tx_004146,2025-02-13 04:30:00,ring_u_10_14,ring_d_10,ring_ip_10,ring_m_2,793.13,1
tx_004147,2025-02-13 04:45:00,u_02138,d_0953,ip_0094,m_0083,107.27,0
tx_004148,2025-02-13 05:00:00,u_02156,d_0449,ip_0039,m_0150,42.83,0
tx_004149,2025-02-13 05:15:00,u_00974,d_1433,ip_1224,m_0122,71.73,0
tx_004150,2025-02-13 05:30:00,u_00822,d_0710,ip_2134,m_0204,31.63,0
tx_004151,2025-02-13 05:45:00,u_01326,d_0831,ip_2188,m_0164,310.0,0
tx_004152,2025-02-13 06:00:00,u_02279,d_1466,ip_1305,m_0281,332.31,0
tx_004153,2025-02-13 06:15:00,u_02441,d_0409,ip_0945,m_0020,142.53,0
tx_004154,2025-02-13 06:30:00,u_00566,d_0814,ip_0600,m_0283,230.78,0
tx_004155,2025-02-13 06:45:00,u_00466,d_1788,ip_2178,m_0237,356.46,0
tx_004156,2025-02-13 07:00:00,u_01766,d_0719,ip_0403,m_0213,164.22,0
tx_004157,2025-02-13 07:15:00,u_00753,d_0208,ip_0277,m_0247,598.01,0
tx_004158,2025-02-13 07:30:00,u_00499,d_0511,ip_1118,m_0015,53.31,0
tx_004159,2025-02-13 07:45:00,u_00077,d_1720,ip_0863,m_0063,104.72,0
tx_004160,2025-02-13 08:00:00,u_01008,d_1366,ip_1090,m_0000,92.97,0
tx_004161,2025-02-13 08:15:00,u_00979,d_1456,ip_1984,m_0239,283.51,0
tx_004162,2025-02-13 08:30:00,u_01407,d_0456,ip_0593,m_0106,35.37,0
tx_004163,2025-02-13 08:45:00,u_00500,d_1510,ip_1928,m_0108,631.42,0
tx_004164,2025-02-13 09:00:00,u_01785,d_0708,ip_0465,m_0183,260.28,0
tx_004165,2025-02-13 09:15:00,u_01700,d_1430,ip_0711,m_0126,854.31,0
tx_004166,2025-02-13 09:30:00,u_01155,d_1585,ip_0009,m_0191,142.51,0
tx_004167,2025-02-13 09:45:00,u_00453,d_0374,ip_1492,m_0280,85.6,0
tx_004168,2025-02-13 10:00:00,u_01267,d_1689,ip_1888,m_0099,286.32,0
tx_004169,2025-02-13 10:15:00,u_01687,d_1138,ip_1949,m_0267,415.95,0
tx_004170,2025-02-13 10:30:00,u_00931,d_1315,ip_0368,m_0159,72.64,0
tx_004171,2025-02-13 10:45:00,u_00658,d_1362,ip_1687,m_0112,20.13,0
tx_004172,2025-02-13 11:00:00,u_01266,d_0303,ip_0310,m_0275,23.9,0
tx_004173,2025-02-13 11:15:00,u_00888,d_1342,ip_1382,m_0146,192.75,0
tx_004174,2025-02-13 11:30:00,ring_u_15_9,ring_d_15,ring_ip_15,ring_m_7,84.75,1
tx_004175,2025-02-13 11:45:00,u_00872,d_0488,ip_0335,m_0085,40.41,0
tx_004176,2025-02-13 12:00:00,u_00758,d_0209,ip_0243,m_0253,113.03,0
tx_004177,2025-02-13 12:15:00,u_01791,d_0326,ip_0160,m_0154,104.75,0
tx_004178,2025-02-13 12:30:00,u_01150,d_1762,ip_1558,m_0168,1012.86,0
tx_004179,2025-02-13 12:45:00,u_01166,d_0590,ip_1352,m_0204,1420.4,0
tx_004180,2025-02-13 13:00:00,u_01632,d_0696,ip_0262,m_0058,226.89,0
tx_004181,2025-02-13 13:15:00,u_00903,d_0863,ip_1100,m_0027,364.31,0
tx_004182,2025-02-13 13:30:00,u_00252,d_1283,ip_1750,m_0132,354.32,0
tx_004183,2025-02-13 13:45:00,u_02131,d_1032,ip_0523,m_0275,41.25,0
tx_004184,2025-02-13 14:00:00,u_00139,d_0965,ip_1332,m_0038,298.43,0
tx_004185,2025-02-13 14:15:00,ring_u_3_1,ring_d_3,ring_ip_3,ring_m_3,61.46,1
tx_004186,2025-02-13 14:30:00,u_00664,d_0892,ip_0574,m_0293,125.02,0
tx_004187,2025-02-13 14:45:00,u_00534,d_1384,ip_0862,m_0029,463.93,0
tx_004188,2025-02-13 15:00:00,u_00104,d_1639,ip_0774,m_0039,160.92,0
tx_004189,2025-02-13 15:15:00,u_02250,d_1217,ip_1090,m_0260,446.97,0
tx_004190,2025-02-13 15:30:00,u_01073,d_0063,ip_0451,m_0032,544.17,0
tx_004191,2025-02-13 15:45:00,u_00856,d_0474,ip_0858,m_0223,25.61,0
tx_004192,2025-02-13 16:00:00,u_01853,d_1111,ip_1369,m_0239,16.82,0
tx_004193,2025-02-13 16:15:00,u_00097,d_0861,ip_0852,m_0093,474.42,0
tx_004194,2025-02-13 16:30:00,u_01411,d_0512,ip_1444,m_0087,493.94,0
tx_004195,2025-02-13 16:45:00,u_01236,d_0603,ip_0254,m_0156,191.83,0
tx_004196,2025-02-13 17:00:00,u_01383,d_0141,ip_0302,m_0151,219.69,0
tx_004197,2025-02-13 17:15:00,u_00309,d_0422,ip_1904,m_0258,362.51,0
tx_004198,2025-02-13 17:30:00,u_02381,d_1409,ip_1016,m_0177,355.81,0
tx_004199,2025-02-13 17:45:00,ring_u_5_7,ring_d_5,ring_ip_5,ring_m_5,2294.66,1
tx_004200,2025-02-13 18:00:00,u_01696,d_1506,ip_1627,m_0071,386.0,0
tx_004201,2025-02-13 18:15:00,u_01867,d_0611,ip_0321,m_0084,104.95,0
tx_004202,2025-02-13 18:30:00,u_00859,d_1454,ip_2138,m_0072,189.34,0
tx_004203,2025-02-13 18:45:00,u_00326,d_0461,ip_0932,m_0195,181.28,0
tx_004204,2025-02-13 19:00:00,ring_u_6_1,ring_d_6,ring_ip_6,ring_m_6,29.29,1
tx_004205,2025-02-13 19:15:00,u_02017,d_1029,ip_0916,m_0258,70.6,0
tx_004206,2025-02-13 19:30:00,u_02266,d_1532,ip_0892,m_0231,1385.91,0
tx_004207,2025-02-13 19:45:00,u_02342,d_0112,ip_1321,m_0296,60.83,0
tx_004208,2025-02-13 20:00:00,u_00565,d_1435,ip_0419,m_0287,214.85,0
tx_004209,2025-02-13 20:15:00,u_01516,d_0486,ip_1339,m_0021,265.02,0
tx_004210,2025-02-13 20:30:00,u_00377,d_0645,ip_2163,m_0224,140.58,0
tx_004211,2025-02-13 20:45:00,u_01775,d_0080,ip_1419,m_0151,290.47,0
tx_004212,2025-02-13 21:00:00,ring_u_19_7,ring_d_19,ring_ip_19,ring_m_3,734.0,1
tx_004213,2025-02-13 21:15:00,u_01783,d_1154,ip_1535,m_0262,62.16,0
tx_004214,2025-02-13 21:30:00,u_01712,d_1765,ip_0073,m_0174,253.87,0
tx_004215,2025-02-13 21:45:00,u_02482,d_1022,ip_0227,m_0000,86.08,0
tx_004216,2025-02-13 22:00:00,u_01221,d_0284,ip_0626,m_0259,846.13,0
tx_004217,2025-02-13 22:15:00,u_00853,d_0607,ip_0670,m_0131,227.95,0
tx_004218,2025-02-13 22:30:00,u_01316,d_0791,ip_0007,m_0137,73.69,0
tx_004219,2025-02-13 22:45:00,u_00407,d_0265,ip_0038,m_0175,208.99,0
tx_004220,2025-02-13 23:00:00,u_00279,d_1676,ip_1736,m_0273,58.86,0
tx_004221,2025-02-13 23:15:00,u_01297,d_1724,ip_1000,m_0157,192.05,0
tx_004222,2025-02-13 23:30:00,u_02063,d_1014,ip_0439,m_0062,118.43,0
tx_004223,2025-02-13 23:45:00,u_01333,d_1051,ip_0944,m_0219,64.92,0
tx_004224,2025-02-14 00:00:00,u_01954,d_1266,ip_1524,m_0189,64.11,0
tx_004225,2025-02-14 00:15:00,u_00444,d_1222,ip_1615,m_0019,1694.15,0
tx_004226,2025-02-14 00:30:00,u_01123,d_0112,ip_0633,m_0159,162.62,0
tx_004227,2025-02-14 00:45:00,u_01532,d_0956,ip_0367,m_0235,96.38,0
tx_004228,2025-02-14 01:00:00,ring_u_10_2,ring_d_10,ring_ip_10,ring_m_2,1149.34,1
tx_004229,2025-02-14 01:15:00,u_00035,d_1451,ip_1389,m_0084,237.74,0
tx_004230,2025-02-14 01:30:00,u_00183,d_1072,ip_2162,m_0156,78.37,0
tx_004231,2025-02-14 01:45:00,u_02319,d_1613,ip_0674,m_0247,49.67,0
tx_004232,2025-02-14 02:00:00,u_01512,d_1055,ip_0244,m_0175,143.68,0
tx_004233,2025-02-14 02:15:00,u_00661,d_0688,ip_0840,m_0125,142.6,0
tx_004234,2025-02-14 02:30:00,u_00647,d_0796,ip_0721,m_0055,97.8,0
tx_004235,2025-02-14 02:45:00,u_00098,d_1242,ip_1582,m_0012,60.87,0
tx_004236,2025-02-14 03:00:00,u_02361,d_1595,ip_1575,m_0207,100.39,0
tx_004237,2025-02-14 03:15:00,u_00270,d_0413,ip_0157,m_0289,92.79,0
tx_004238,2025-02-14 03:30:00,u_01898,d_0528,ip_1293,m_0180,80.77,0
tx_004239,2025-02-14 03:45:00,u_00600,d_1173,ip_0754,m_0234,195.68,0
tx_004240,2025-02-14 04:00:00,u_00839,d_1374,ip_1352,m_0203,1375.03,0
tx_004241,2025-02-14 04:15:00,u_00684,d_0718,ip_0860,m_0104,562.15,0
tx_004242,2025-02-14 04:30:00,u_02061,d_1157,ip_1182,m_0156,1034.75,0
tx_004243,2025-02-14 04:45:00,u_00082,d_0012,ip_1574,m_0081,84.13,0
tx_004244,2025-02-14 05:00:00,u_00880,d_0525,ip_0645,m_0066,792.1,0
tx_004245,2025-02-14 05:15:00,u_00698,d_1719,ip_0438,m_0176,186.28,0
tx_004246,2025-02-14 05:30:00,u_00682,d_1037,ip_1553,m_0193,397.96,0
tx_004247,2025-02-14 05:45:00,u_00482,d_1563,ip_2084,m_0296,234.56,0
tx_004248,2025-02-14 06:00:00,u_02281,d_0391,ip_0976,m_0070,105.29,0
tx_004249,2025-02-14 06:15:00,u_00946,d_0523,ip_2195,m_0087,304.75,0
tx_004250,2025-02-14 06:30:00,u_01045,d_1754,ip_0406,m_0049,241.03,0
tx_004251,2025-02-14 06:45:00,u_00962,d_1795,ip_1801,m_0284,25.33,0
tx_004252,2025-02-14 07:00:00,ring_u_16_10,ring_d_16,ring_ip_16,ring_m_0,1128.22,1
tx_004253,2025-02-14 07:15:00,u_00847,d_0570,ip_0659,m_0099,355.1,0
tx_004254,2025-02-14 07:30:00,u_00854,d_1442,ip_0325,m_0290,195.86,0
tx_004255,2025-02-14 07:45:00,u_00819,d_0825,ip_1460,m_0211,237.33,0
tx_004256,2025-02-14 08:00:00,u_00817,d_1519,ip_1912,m_0142,70.01,0
tx_004257,2025-02-14 08:15:00,u_00224,d_1532,ip_0182,m_0114,191.75,0
tx_004258,2025-02-14 08:30:00,u_01510,d_0782,ip_1409,m_0170,134.78,0
tx_004259,2025-02-14 08:45:00,u_00063,d_0548,ip_1916,m_0025,121.09,0
tx_004260,2025-02-14 09:00:00,u_00564,d_1754,ip_0070,m_0051,75.24,0
tx_004261,2025-02-14 09:15:00,u_00505,d_0810,ip_1135,m_0280,370.5,0
tx_004262,2025-02-14 09:30:00,u_00728,d_0777,ip_0169,m_0061,209.66,0
tx_004263,2025-02-14 09:45:00,u_01891,d_1198,ip_0388,m_0049,189.53,0
tx_004264,2025-02-14 10:00:00,u_01498,d_1686,ip_1069,m_0257,1153.76,0
tx_004265,2025-02-14 10:15:00,u_02477,d_0234,ip_0720,m_0283,238.36,0
tx_004266,2025-02-14 10:30:00,u_00877,d_1772,ip_0187,m_0245,492.99,0
tx_004267,2025-02-14 10:45:00,ring_u_17_9,ring_d_17,ring_ip_17,ring_m_1,4070.5,1
tx_004268,2025-02-14 11:00:00,u_00112,d_0046,ip_0446,m_0251,104.25,0
tx_004269,2025-02-14 11:15:00,u_01260,d_0556,ip_1914,m_0080,51.46,0
tx_004270,2025-02-14 11:30:00,u_01997,d_0832,ip_0388,m_0003,188.93,0
tx_004271,2025-02-14 11:45:00,u_01329,d_1218,ip_1143,m_0276,10.35,0
tx_004272,2025-02-14 12:00:00,u_02333,d_1019,ip_1599,m_0080,194.9,0
tx_004273,2025-02-14 12:15:00,u_00786,d_0244,ip_1056,m_0197,203.45,0
tx_004274,2025-02-14 12:30:00,u_00083,d_0878,ip_0917,m_0022,119.39,0
tx_004275,2025-02-14 12:45:00,u_01934,d_0418,ip_1651,m_0056,135.32,0
tx_004276,2025-02-14 13:00:00,u_00170,d_0485,ip_0025,m_0264,42.47,0
tx_004277,2025-02-14 13:15:00,u_01911,d_1280,ip_1817,m_0177,593.24,0
tx_004278,2025-02-14 13:30:00,u_01833,d_1445,ip_1517,m_0299,105.93,0
tx_004279,2025-02-14 13:45:00,u_02110,d_0281,ip_1682,m_0054,56.14,0
tx_004280,2025-02-14 14:00:00,u_01197,d_1084,ip_0926,m_0267,255.87,0
tx_004281,2025-02-14 14:15:00,ring_u_4_7,ring_d_4,ring_ip_4,ring_m_4,1052.36,1
tx_004282,2025-02-14 14:30:00,u_00424,d_0605,ip_1258,m_0277,103.72,0
tx_004283,2025-02-14 14:45:00,u_01085,d_1283,ip_1412,m_0014,93.31,0
tx_004284,2025-02-14 15:00:00,u_00304,d_0447,ip_2035,m_0031,147.58,0
tx_004285,2025-02-14 15:15:00,u_01917,d_1377,ip_1886,m_0158,570.1,0
tx_004286,2025-02-14 15:30:00,u_01785,d_0721,ip_0118,m_0034,237.35,0
tx_004287,2025-02-14 15:45:00,u_02015,d_0170,ip_0333,m_0019,143.39,0
tx_004288,2025-02-14 16:00:00,u_01910,d_1426,ip_2082,m_0243,348.08,0
tx_004289,2025-02-14 16:15:00,u_00771,d_1533,ip_0853,m_0208,152.56,0
tx_004290,2025-02-14 16:30:00,u_00170,d_1013,ip_1276,m_0253,221.75,0
tx_004291,2025-02-14 16:45:00,u_02323,d_1303,ip_0124,m_0280,172.63,0
tx_004292,2025-02-14 17:00:00,u_01232,d_0265,ip_0230,m_0042,267.68,0
tx_004293,2025-02-14 17:15:00,u_00235,d_0610,ip_0899,m_0249,95.19,0
tx_004294,2025-02-14 17:30:00,u_02317,d_0629,ip_1578,m_0013,47.5,0
tx_004295,2025-02-14 17:45:00,u_02485,d_1374,ip_1699,m_0111,367.55,0
tx_004296,2025-02-14 18:00:00,u_01113,d_0633,ip_1968,m_0089,668.43,0
tx_004297,2025-02-14 18:15:00,u_01925,d_1310,ip_0433,m_0071,49.81,0
tx_004298,2025-02-14 18:30:00,u_00090,d_0552,ip_0444,m_0215,177.56,0
tx_004299,2025-02-14 18:45:00,u_00233,d_1081,ip_1192,m_0036,94.74,0
tx_004300,2025-02-14 19:00:00,u_00691,d_0377,ip_1203,m_0242,359.02,0
tx_004301,2025-02-14 19:15:00,u_01640,d_1005,ip_0080,m_0262,189.93,0
tx_004302,2025-02-14 19:30:00,u_00333,d_0145,ip_0983,m_0199,4135.95,0
tx_004303,2025-02-14 19:45:00,u_00085,d_1322,ip_1974,m_0024,109.79,0
tx_004304,2025-02-14 20:00:00,u_01671,d_0052,ip_0360,m_0178,690.41,0
tx_004305,2025-02-14 20:15:00,u_01925,d_1798,ip_1804,m_0188,761.0,0
tx_004306,2025-02-14 20:30:00,u_01848,d_1510,ip_0983,m_0111,253.05,0
tx_004307,2025-02-14 20:45:00,u_01998,d_1041,ip_1153,m_0110,154.02,0
tx_004308,2025-02-14 21:00:00,u_02007,d_1637,ip_1411,m_0140,163.18,0
tx_004309,2025-02-14 21:15:00,u_01506,d_1455,ip_1552,m_0298,149.94,0
tx_004310,2025-02-14 21:30:00,u_01298,d_0256,ip_1402,m_0001,460.95,0
tx_004311,2025-02-14 21:45:00,u_02142,d_1339,ip_0228,m_0152,62.01,0
tx_004312,2025-02-14 22:00:00,u_00870,d_0679,ip_0649,m_0095,126.34,0
tx_004313,2025-02-14 22:15:00,u_00244,d_1540,ip_1859,m_0164,111.92,0
tx_004314,2025-02-14 22:30:00,u_01879,d_1554,ip_0088,m_0001,26.41,0
tx_004315,2025-02-14 22:45:00,u_00689,d_1718,ip_1573,m_0275,350.34,0
tx_004316,2025-02-14 23:00:00,u_02447,d_0811,ip_1145,m_0137,429.63,0
tx_004317,2025-02-14 23:15:00,u_01035,d_0347,ip_0263,m_0290,78.71,0
tx_004318,2025-02-14 23:30:00,u_02129,d_0225,ip_0270,m_0046,415.77,0
tx_004319,2025-02-14 23:45:00,u_00106,d_0297,ip_2157,m_0175,30.46,0
tx_004320,2025-02-15 00:00:00,u_01648,d_1785,ip_0068,m_0203,152.01,0
tx_004321,2025-02-15 00:15:00,u_01120,d_1055,ip_0049,m_0238,130.81,0
tx_004322,2025-02-15 00:30:00,u_01156,d_0633,ip_0036,m_0002,162.02,0
tx_004323,2025-02-15 00:45:00,u_00663,d_0808,ip_1382,m_0190,161.18,0
tx_004324,2025-02-15 01:00:00,u_02427,d_0311,ip_2038,m_0044,137.41,0
tx_004325,2025-02-15 01:15:00,u_00981,d_1027,ip_0377,m_0128,100.71,0
tx_004326,2025-02-15 01:30:00,u_02126,d_0766,ip_1750,m_0016,133.13,0
tx_004327,2025-02-15 01:45:00,u_01062,d_1436,ip_1582,m_0017,580.11,0
tx_004328,2025-02-15 02:00:00,u_00120,d_0038,ip_0505,m_0229,83.2,0
tx_004329,2025-02-15 02:15:00,u_02198,d_1677,ip_0154,m_0215,1415.64,0
tx_004330,2025-02-15 02:30:00,u_00462,d_0109,ip_1073,m_0268,78.64,0
tx_004331,2025-02-15 02:45:00,u_00675,d_0751,ip_0178,m_0210,188.68,0
tx_004332,2025-02-15 03:00:00,u_02152,d_0613,ip_0249,m_0178,262.75,0
tx_004333,2025-02-15 03:15:00,u_02234,d_1292,ip_1025,m_0035,110.86,0
tx_004334,2025-02-15 03:30:00,u_02291,d_1184,ip_1794,m_0229,591.32,0
tx_004335,2025-02-15 03:45:00,u_01064,d_0354,ip_2186,m_0069,256.01,0
tx_004336,2025-02-15 04:00:00,u_01892,d_0883,ip_1381,m_0031,120.92,0
tx_004337,2025-02-15 04:15:00,ring_u_24_0,ring_d_24,ring_ip_24,ring_m_0,112.47,1
tx_004338,2025-02-15 04:30:00,u_01850,d_0834,ip_0722,m_0176,53.76,0
tx_004339,2025-02-15 04:45:00,u_01256,d_0039,ip_1347,m_0044,84.31,0
tx_004340,2025-02-15 05:00:00,u_00129,d_0320,ip_0381,m_0164,260.49,0
tx_004341,2025-02-15 05:15:00,u_01044,d_0906,ip_1140,m_0207,330.78,0
tx_004342,2025-02-15 05:30:00,u_01169,d_0468,ip_1691,m_0149,204.92,0
tx_004343,2025-02-15 05:45:00,u_00643,d_0981,ip_1852,m_0215,130.69,0
tx_004344,2025-02-15 06:00:00,u_00936,d_0294,ip_0130,m_0151,115.42,0
tx_004345,2025-02-15 06:15:00,u_01256,d_1323,ip_0634,m_0106,460.08,0
tx_004346,2025-02-15 06:30:00,u_00124,d_0339,ip_0560,m_0067,188.74,0
tx_004347,2025-02-15 06:45:00,u_00379,d_1169,ip_1220,m_0077,62.04,0
tx_004348,2025-02-15 07:00:00,ring_u_4_8,ring_d_4,ring_ip_4,ring_m_4,658.55,1
tx_004349,2025-02-15 07:15:00,u_00879,d_0645,ip_2091,m_0111,674.16,0
tx_004350,2025-02-15 07:30:00,u_01520,d_0251,ip_2017,m_0214,72.33,0
tx_004351,2025-02-15 07:45:00,u_01414,d_0010,ip_0731,m_0107,194.95,0
tx_004352,2025-02-15 08:00:00,u_01378,d_0648,ip_0895,m_0157,573.01,0
tx_004353,2025-02-15 08:15:00,u_01033,d_0207,ip_0966,m_0182,255.22,0
tx_004354,2025-02-15 08:30:00,u_01208,d_1587,ip_0093,m_0143,69.57,0
tx_004355,2025-02-15 08:45:00,u_02059,d_1751,ip_1955,m_0223,53.75,0
tx_004356,2025-02-15 09:00:00,u_02412,d_1765,ip_1714,m_0277,962.84,0
tx_004357,2025-02-15 09:15:00,u_00641,d_1660,ip_0731,m_0258,52.4,0
tx_004358,2025-02-15 09:30:00,u_01673,d_1056,ip_1204,m_0276,85.35,0
tx_004359,2025-02-15 09:45:00,u_02424,d_0585,ip_0837,m_0008,215.4,0
tx_004360,2025-02-15 10:00:00,u_00018,d_0803,ip_0502,m_0227,119.24,0
tx_004361,2025-02-15 10:15:00,u_01961,d_0465,ip_0669,m_0217,263.43,0
tx_004362,2025-02-15 10:30:00,u_01242,d_1512,ip_0235,m_0123,34.2,0
tx_004363,2025-02-15 10:45:00,u_02418,d_0785,ip_1780,m_0094,120.25,0
tx_004364,2025-02-15 11:00:00,u_01445,d_0693,ip_1440,m_0015,292.27,0
tx_004365,2025-02-15 11:15:00,u_02095,d_1241,ip_2046,m_0251,293.26,0
tx_004366,2025-02-15 11:30:00,u_00415,d_0672,ip_0014,m_0252,83.73,0
tx_004367,2025-02-15 11:45:00,u_00355,d_0642,ip_1388,m_0022,53.43,0
tx_004368,2025-02-15 12:00:00,u_02316,d_0409,ip_1232,m_0174,183.78,0
tx_004369,2025-02-15 12:15:00,u_01316,d_0121,ip_1371,m_0165,39.95,0
tx_004370,2025-02-15 12:30:00,u_01395,d_0068,ip_2177,m_0051,536.07,0
tx_004371,2025-02-15 12:45:00,u_00424,d_0725,ip_0858,m_0164,173.71,0
tx_004372,2025-02-15 13:00:00,u_00566,d_1791,ip_0310,m_0243,73.94,0
tx_004373,2025-02-15 13:15:00,u_02045,d_0469,ip_0027,m_0097,51.7,0
tx_004374,2025-02-15 13:30:00,u_00758,d_1153,ip_1082,m_0217,78.8,0
tx_004375,2025-02-15 13:45:00,u_01460,d_0584,ip_0382,m_0291,31.13,0
tx_004376,2025-02-15 14:00:00,u_00791,d_0544,ip_0310,m_0136,243.42,0
tx_004377,2025-02-15 14:15:00,u_00658,d_0293,ip_0324,m_0032,66.5,0
tx_004378,2025-02-15 14:30:00,u_00415,d_1014,ip_0609,m_0089,221.33,0
tx_004379,2025-02-15 14:45:00,u_02323,d_1185,ip_0254,m_0040,254.05,0
tx_004380,2025-02-15 15:00:00,u_02350,d_0630,ip_1068,m_0105,389.94,0
tx_004381,2025-02-15 15:15:00,u_00287,d_0947,ip_1438,m_0193,190.92,0
tx_004382,2025-02-15 15:30:00,u_00883,d_0857,ip_0636,m_0060,457.25,0
tx_004383,2025-02-15 15:45:00,u_01409,d_0487,ip_0299,m_0154,593.54,0
tx_004384,2025-02-15 16:00:00,u_00958,d_1245,ip_1259,m_0299,192.14,0
tx_004385,2025-02-15 16:15:00,u_01802,d_0996,ip_0188,m_0079,204.08,0
tx_004386,2025-02-15 16:30:00,u_00650,d_0118,ip_1622,m_0263,84.99,0
tx_004387,2025-02-15 16:45:00,u_00147,d_0886,ip_0841,m_0091,55.28,0
tx_004388,2025-02-15 17:00:00,u_00842,d_0700,ip_0901,m_0184,534.9,0
tx_004389,2025-02-15 17:15:00,u_01494,d_1432,ip_0547,m_0047,271.98,0
tx_004390,2025-02-15 17:30:00,u_00451,d_0551,ip_0622,m_0080,294.96,0
tx_004391,2025-02-15 17:45:00,u_02039,d_1720,ip_0320,m_0260,82.21,0
tx_004392,2025-02-15 18:00:00,u_00030,d_1107,ip_1227,m_0176,752.89,0
tx_004393,2025-02-15 18:15:00,u_00168,d_0235,ip_0321,m_0170,118.08,0
tx_004394,2025-02-15 18:30:00,u_01272,d_0726,ip_1497,m_0153,66.56,0
tx_004395,2025-02-15 18:45:00,u_01280,d_1591,ip_0563,m_0073,83.62,0
tx_004396,2025-02-15 19:00:00,u_00737,d_0458,ip_1243,m_0278,714.22,0
tx_004397,2025-02-15 19:15:00,u_00646,d_1268,ip_1181,m_0118,48.86,0
tx_004398,2025-02-15 19:30:00,u_00174,d_1410,ip_1393,m_0003,70.03,0
tx_004399,2025-02-15 19:45:00,u_01657,d_1246,ip_1667,m_0272,2693.26,0
tx_004400,2025-02-15 20:00:00,u_00947,d_0162,ip_1233,m_0013,380.33,0
tx_004401,2025-02-15 20:15:00,u_00296,d_0673,ip_1876,m_0266,71.3,0
tx_004402,2025-02-15 20:30:00,u_00999,d_0626,ip_0569,m_0079,50.33,0
tx_004403,2025-02-15 20:45:00,u_02342,d_0619,ip_1653,m_0020,27.86,0
tx_004404,2025-02-15 21:00:00,u_00653,d_1582,ip_0754,m_0066,163.55,0
tx_004405,2025-02-15 21:15:00,u_02236,d_0010,ip_1382,m_0196,307.36,0
tx_004406,2025-02-15 21:30:00,u_00646,d_0970,ip_1082,m_0163,677.76,0
tx_004407,2025-02-15 21:45:00,u_00464,d_1767,ip_1996,m_0045,22.33,0
tx_004408,2025-02-15 22:00:00,u_00651,d_1575,ip_0596,m_0090,39.43,0
tx_004409,2025-02-15 22:15:00,u_00808,d_1091,ip_1143,m_0063,131.69,0
tx_004410,2025-02-15 22:30:00,u_00301,d_1796,ip_0361,m_0195,2410.69,0
tx_004411,2025-02-15 22:45:00,u_01469,d_0724,ip_1393,m_0259,359.93,0
tx_004412,2025-02-15 23:00:00,u_00833,d_1100,ip_0081,m_0076,215.47,0
tx_004413,2025-02-15 23:15:00,u_01795,d_0978,ip_0905,m_0268,43.6,0
tx_004414,2025-02-15 23:30:00,u_01227,d_0085,ip_0021,m_0122,17.81,0
tx_004415,2025-02-15 23:45:00,u_01106,d_0072,ip_0720,m_0024,154.29,0
tx_004416,2025-02-16 00:00:00,u_01177,d_1614,ip_1064,m_0096,134.37,0
tx_004417,2025-02-16 00:15:00,u_00390,d_0312,ip_0729,m_0262,113.54,0
tx_004418,2025-02-16 00:30:00,u_01782,d_0638,ip_0849,m_0242,101.45,0
tx_004419,2025-02-16 00:45:00,u_00260,d_1122,ip_0326,m_0218,70.22,0
tx_004420,2025-02-16 01:00:00,u_01803,d_1035,ip_1572,m_0119,55.83,0
tx_004421,2025-02-16 01:15:00,u_02499,d_0925,ip_1752,m_0232,595.56,0
tx_004422,2025-02-16 01:30:00,u_01909,d_1762,ip_1000,m_0213,61.16,0
tx_004423,2025-02-16 01:45:00,u_01138,d_1416,ip_0121,m_0237,112.6,0
tx_004424,2025-02-16 02:00:00,u_00786,d_1695,ip_0137,m_0167,142.73,0
tx_004425,2025-02-16 02:15:00,u_02181,d_1185,ip_1484,m_0152,300.75,0
tx_004426,2025-02-16 02:30:00,u_00642,d_1762,ip_2043,m_0290,63.32,0
tx_004427,2025-02-16 02:45:00,u_01205,d_1082,ip_1901,m_0284,394.68,0
tx_004428,2025-02-16 03:00:00,u_01927,d_0975,ip_0892,m_0160,83.12,0
tx_004429,2025-02-16 03:15:00,ring_u_10_13,ring_d_10,ring_ip_10,ring_m_2,623.1,1
tx_004430,2025-02-16 03:30:00,u_02302,d_1563,ip_0358,m_0122,767.47,0
tx_004431,2025-02-16 03:45:00,u_00219,d_0122,ip_0154,m_0151,56.3,0
tx_004432,2025-02-16 04:00:00,u_02245,d_1639,ip_1684,m_0203,305.18,0
tx_004433,2025-02-16 04:15:00,u_00285,d_1243,ip_0942,m_0095,405.29,0
tx_004434,2025-02-16 04:30:00,u_01461,d_1615,ip_1093,m_0013,202.33,0
tx_004435,2025-02-16 04:45:00,u_02324,d_1288,ip_0755,m_0246,131.96,0
tx_004436,2025-02-16 05:00:00,u_01637,d_1668,ip_0688,m_0284,1243.52,0
tx_004437,2025-02-16 05:15:00,u_02368,d_0495,ip_2168,m_0024,146.37,0
tx_004438,2025-02-16 05:30:00,u_00860,d_0337,ip_1795,m_0095,182.01,0
tx_004439,2025-02-16 05:45:00,u_00786,d_0352,ip_1520,m_0130,106.0,0
tx_004440,2025-02-16 06:00:00,u_00815,d_0453,ip_0856,m_0228,172.62,0
tx_004441,2025-02-16 06:15:00,u_00887,d_0384,ip_1586,m_0232,389.21,0
tx_004442,2025-02-16 06:30:00,u_01707,d_0794,ip_0746,m_0102,112.7,0
tx_004443,2025-02-16 06:45:00,u_01131,d_0356,ip_1134,m_0093,18.02,0
tx_004444,2025-02-16 07:00:00,ring_u_2_4,ring_d_2,ring_ip_2,ring_m_2,2159.92,1
tx_004445,2025-02-16 07:15:00,u_01040,d_0942,ip_1560,m_0072,50.48,0
tx_004446,2025-02-16 07:30:00,u_00769,d_1428,ip_0133,m_0130,311.65,0
tx_004447,2025-02-16 07:45:00,u_00475,d_0244,ip_1589,m_0078,148.22,0
tx_004448,2025-02-16 08:00:00,u_01377,d_0920,ip_1328,m_0018,381.12,0
tx_004449,2025-02-16 08:15:00,u_02245,d_1186,ip_0145,m_0214,57.49,0
tx_004450,2025-02-16 08:30:00,u_02147,d_1270,ip_1113,m_0236,86.9,0
tx_004451,2025-02-16 08:45:00,ring_u_13_16,ring_d_13,ring_ip_13,ring_m_5,1013.7,1
tx_004452,2025-02-16 09:00:00,u_01194,d_1320,ip_1047,m_0120,33.71,0
tx_004453,2025-02-16 09:15:00,u_01763,d_0048,ip_0028,m_0120,450.98,0
tx_004454,2025-02-16 09:30:00,u_01531,d_0426,ip_1587,m_0006,29.21,0
tx_004455,2025-02-16 09:45:00,u_00167,d_0574,ip_1121,m_0163,444.66,0
tx_004456,2025-02-16 10:00:00,u_01477,d_1535,ip_0797,m_0137,226.87,0
tx_004457,2025-02-16 10:15:00,u_00096,d_0345,ip_1926,m_0282,121.65,0
tx_004458,2025-02-16 10:30:00,u_00291,d_1408,ip_1418,m_0111,209.58,0
tx_004459,2025-02-16 10:45:00,u_01634,d_1779,ip_1341,m_0238,203.92,0
tx_004460,2025-02-16 11:00:00,ring_u_13_14,ring_d_13,ring_ip_13,ring_m_5,636.61,1
tx_004461,2025-02-16 11:15:00,u_00847,d_0545,ip_1100,m_0055,199.97,0
tx_004462,2025-02-16 11:30:00,u_01471,d_0172,ip_1541,m_0104,308.33,0
tx_004463,2025-02-16 11:45:00,u_01638,d_0399,ip_2037,m_0264,57.7,0
tx_004464,2025-02-16 12:00:00,u_01114,d_1383,ip_1329,m_0076,209.81,0
tx_004465,2025-02-16 12:15:00,u_00235,d_0354,ip_0378,m_0253,10.74,0
tx_004466,2025-02-16 12:30:00,u_01997,d_1162,ip_1491,m_0199,21.55,0
tx_004467,2025-02-16 12:45:00,u_02374,d_0672,ip_0164,m_0223,261.0,0
tx_004468,2025-02-16 13:00:00,u_02221,d_1380,ip_0688,m_0225,97.73,0
tx_004469,2025-02-16 13:15:00,u_01871,d_1090,ip_2018,m_0155,63.22,0
tx_004470,2025-02-16 13:30:00,u_01005,d_1053,ip_1763,m_0180,140.75,0
tx_004471,2025-02-16 13:45:00,u_02190,d_1407,ip_1986,m_0020,99.89,0
tx_004472,2025-02-16 14:00:00,u_01220,d_1718,ip_0775,m_0209,55.22,0
tx_004473,2025-02-16 14:15:00,u_00341,d_0656,ip_1502,m_0213,28.82,0
tx_004474,2025-02-16 14:30:00,u_02126,d_0951,ip_1540,m_0031,20.74,0
tx_004475,2025-02-16 14:45:00,u_00800,d_1126,ip_0541,m_0155,310.69,0
tx_004476,2025-02-16 15:00:00,u_02346,d_1481,ip_2073,m_0152,97.27,0
tx_004477,2025-02-16 15:15:00,u_00920,d_0867,ip_2133,m_0092,391.33,0
tx_004478,2025-02-16 15:30:00,u_02173,d_0674,ip_0242,m_0019,96.29,0
tx_004479,2025-02-16 15:45:00,u_01342,d_1523,ip_1683,m_0002,211.66,0
tx_004480,2025-02-16 16:00:00,u_01168,d_1715,ip_0984,m_0062,130.92,0
tx_004481,2025-02-16 16:15:00,u_00742,d_1024,ip_1482,m_0069,155.16,0
tx_004482,2025-02-16 16:30:00,u_02089,d_0186,ip_1219,m_0063,162.88,0
tx_004483,2025-02-16 16:45:00,u_00151,d_0521,ip_0490,m_0181,95.04,0
tx_004484,2025-02-16 17:00:00,u_01172,d_0833,ip_0211,m_0126,43.4,0
tx_004485,2025-02-16 17:15:00,u_00922,d_1266,ip_1128,m_0033,319.3,0
tx_004486,2025-02-16 17:30:00,u_01358,d_1205,ip_1841,m_0025,730.37,0
tx_004487,2025-02-16 17:45:00,u_00636,d_1476,ip_1809,m_0196,779.94,0
tx_004488,2025-02-16 18:00:00,u_01661,d_0053,ip_0604,m_0280,85.35,0
tx_004489,2025-02-16 18:15:00,u_00964,d_0837,ip_1892,m_0245,71.3,0
tx_004490,2025-02-16 18:30:00,u_00470,d_1261,ip_0783,m_0227,85.26,0
tx_004491,2025-02-16 18:45:00,u_00492,d_1776,ip_1235,m_0095,124.48,0
tx_004492,2025-02-16 19:00:00,u_01741,d_0256,ip_0713,m_0211,140.83,0
tx_004493,2025-02-16 19:15:00,u_00654,d_1582,ip_1150,m_0024,54.71,0
tx_004494,2025-02-16 19:30:00,u_00768,d_0013,ip_1164,m_0051,33.79,0
tx_004495,2025-02-16 19:45:00,u_01567,d_0354,ip_1534,m_0041,156.01,0
tx_004496,2025-02-16 20:00:00,u_00824,d_1524,ip_1038,m_0055,4.35,0
tx_004497,2025-02-16 20:15:00,u_00970,d_1416,ip_1162,m_0107,134.2,0
tx_004498,2025-02-16 20:30:00,u_00611,d_1750,ip_1432,m_0013,57.7,0
tx_004499,2025-02-16 20:45:00,u_00863,d_1081,ip_0918,m_0244,323.81,0
tx_004500,2025-02-16 21:00:00,u_01731,d_1108,ip_1153,m_0214,423.11,0
tx_004501,2025-02-16 21:15:00,u_01334,d_0962,ip_0187,m_0190,433.22,0
tx_004502,2025-02-16 21:30:00,u_02493,d_0921,ip_1913,m_0052,104.96,0
tx_004503,2025-02-16 21:45:00,u_01929,d_0925,ip_0277,m_0260,47.7,0
tx_004504,2025-02-16 22:00:00,u_00042,d_0526,ip_1920,m_0001,65.72,0
tx_004505,2025-02-16 22:15:00,u_00947,d_1536,ip_1672,m_0298,197.87,0
tx_004506,2025-02-16 22:30:00,u_00724,d_0641,ip_2084,m_0218,28.62,0
tx_004507,2025-02-16 22:45:00,u_01468,d_1099,ip_0054,m_0060,597.98,0
tx_004508,2025-02-16 23:00:00,u_00664,d_1204,ip_0477,m_0059,106.63,0
tx_004509,2025-02-16 23:15:00,u_02415,d_0967,ip_0115,m_0208,244.73,0
tx_004510,2025-02-16 23:30:00,u_00748,d_1100,ip_0918,m_0242,24.99,0
tx_004511,2025-02-16 23:45:00,u_01304,d_0087,ip_1990,m_0139,58.79,0
tx_004512,2025-02-17 00:00:00,u_00307,d_0568,ip_1685,m_0018,22.07,0
tx_004513,2025-02-17 00:15:00,u_02274,d_0806,ip_1548,m_0148,412.07,0
tx_004514,2025-02-17 00:30:00,u_02279,d_0709,ip_1866,m_0143,126.44,0
tx_004515,2025-02-17 00:45:00,u_01984,d_1634,ip_0009,m_0097,262.78,0
tx_004516,2025-02-17 01:00:00,u_00879,d_1614,ip_1732,m_0270,158.13,0
tx_004517,2025-02-17 01:15:00,u_00146,d_1281,ip_0686,m_0102,237.1,0
tx_004518,2025-02-17 01:30:00,u_01777,d_0634,ip_1520,m_0073,105.91,0
tx_004519,2025-02-17 01:45:00,u_01072,d_0091,ip_1679,m_0202,121.08,0
tx_004520,2025-02-17 02:00:00,u_02475,d_1359,ip_1508,m_0185,135.4,0
tx_004521,2025-02-17 02:15:00,u_01745,d_1591,ip_0918,m_0186,222.66,0
tx_004522,2025-02-17 02:30:00,u_01346,d_0881,ip_1345,m_0151,228.63,0
tx_004523,2025-02-17 02:45:00,u_02466,d_1488,ip_1031,m_0095,2468.68,0
tx_004524,2025-02-17 03:00:00,u_02001,d_1675,ip_1382,m_0077,797.6,0
tx_004525,2025-02-17 03:15:00,u_01145,d_0984,ip_1009,m_0035,25.06,0
tx_004526,2025-02-17 03:30:00,u_00047,d_0377,ip_0866,m_0055,128.62,0
tx_004527,2025-02-17 03:45:00,ring_u_10_7,ring_d_10,ring_ip_10,ring_m_2,543.02,1
tx_004528,2025-02-17 04:00:00,u_01109,d_1362,ip_0852,m_0121,533.86,0
tx_004529,2025-02-17 04:15:00,u_01405,d_1012,ip_1587,m_0221,108.23,0
tx_004530,2025-02-17 04:30:00,ring_u_1_1,ring_d_1,ring_ip_1,ring_m_1,815.81,1
tx_004531,2025-02-17 04:45:00,u_00316,d_0098,ip_0226,m_0167,14.34,0
tx_004532,2025-02-17 05:00:00,u_01760,d_1745,ip_0402,m_0031,32.67,0
tx_004533,2025-02-17 05:15:00,u_01878,d_0576,ip_1115,m_0001,1202.66,0
tx_004534,2025-02-17 05:30:00,u_00074,d_0588,ip_1545,m_0068,156.06,0
tx_004535,2025-02-17 05:45:00,u_01269,d_1132,ip_0373,m_0084,54.68,0
tx_004536,2025-02-17 06:00:00,u_00202,d_0655,ip_0714,m_0022,189.21,0
tx_004537,2025-02-17 06:15:00,ring_u_14_0,ring_d_14,ring_ip_14,ring_m_6,4044.56,1
tx_004538,2025-02-17 06:30:00,u_02085,d_1225,ip_0115,m_0110,111.79,0
tx_004539,2025-02-17 06:45:00,u_02173,d_0644,ip_0315,m_0222,34.72,0
tx_004540,2025-02-17 07:00:00,u_01495,d_0479,ip_1604,m_0062,67.44,0
tx_004541,2025-02-17 07:15:00,u_01572,d_1548,ip_1912,m_0003,97.87,0
tx_004542,2025-02-17 07:30:00,u_02316,d_1065,ip_1097,m_0041,455.18,0
tx_004543,2025-02-17 07:45:00,u_01531,d_1653,ip_0387,m_0141,236.05,0
tx_004544,2025-02-17 08:00:00,u_01115,d_0621,ip_2027,m_0143,281.05,0
tx_004545,2025-02-17 08:15:00,u_01886,d_0037,ip_0612,m_0131,144.64,0
tx_004546,2025-02-17 08:30:00,u_01477,d_1618,ip_0340,m_0287,337.93,0
tx_004547,2025-02-17 08:45:00,u_02106,d_0430,ip_0303,m_0195,61.96,0
tx_004548,2025-02-17 09:00:00,u_01311,d_1521,ip_0776,m_0219,71.33,0
tx_004549,2025-02-17 09:15:00,u_02172,d_1277,ip_1618,m_0037,223.09,0
tx_004550,2025-02-17 09:30:00,u_00112,d_0417,ip_0873,m_0139,112.26,0
tx_004551,2025-02-17 09:45:00,ring_u_15_10,ring_d_15,ring_ip_15,ring_m_7,84.44,1
tx_004552,2025-02-17 10:00:00,u_00247,d_0146,ip_0748,m_0175,125.95,0
tx_004553,2025-02-17 10:15:00,u_01390,d_0706,ip_2075,m_0284,519.8,0
tx_004554,2025-02-17 10:30:00,u_01772,d_0641,ip_1503,m_0142,547.6,0
tx_004555,2025-02-17 10:45:00,u_00540,d_1182,ip_1461,m_0111,79.35,0
tx_004556,2025-02-17 11:00:00,u_00389,d_0962,ip_0962,m_0283,25.54,0
tx_004557,2025-02-17 11:15:00,u_02150,d_1101,ip_1169,m_0101,72.86,0
tx_004558,2025-02-17 11:30:00,u_01876,d_0857,ip_1946,m_0171,60.52,0
tx_004559,2025-02-17 11:45:00,u_01620,d_1331,ip_1444,m_0008,340.95,0
tx_004560,2025-02-17 12:00:00,u_01220,d_0288,ip_1790,m_0049,372.6,0
tx_004561,2025-02-17 12:15:00,u_01050,d_1293,ip_0088,m_0017,52.93,0
tx_004562,2025-02-17 12:30:00,u_00051,d_0090,ip_1891,m_0125,69.79,0
tx_004563,2025-02-17 12:45:00,u_00470,d_0154,ip_2091,m_0279,33.82,0
tx_004564,2025-02-17 13:00:00,u_02242,d_1302,ip_1469,m_0021,169.76,0
tx_004565,2025-02-17 13:15:00,u_00847,d_0284,ip_2104,m_0292,141.89,0
tx_004566,2025-02-17 13:30:00,u_01761,d_1386,ip_1249,m_0260,326.73,0
tx_004567,2025-02-17 13:45:00,u_01759,d_0238,ip_0607,m_0001,243.99,0
tx_004568,2025-02-17 14:00:00,u_00773,d_0264,ip_1333,m_0004,273.2,0
tx_004569,2025-02-17 14:15:00,u_00510,d_1678,ip_1382,m_0270,31.75,0
tx_004570,2025-02-17 14:30:00,u_01729,d_0319,ip_0318,m_0175,79.33,0
tx_004571,2025-02-17 14:45:00,u_00233,d_1644,ip_0444,m_0052,383.33,0
tx_004572,2025-02-17 15:00:00,u_01237,d_0626,ip_0641,m_0286,86.61,0
tx_004573,2025-02-17 15:15:00,u_02220,d_1435,ip_1204,m_0168,29.15,0
tx_004574,2025-02-17 15:30:00,u_01778,d_1690,ip_0325,m_0190,332.95,0
tx_004575,2025-02-17 15:45:00,u_01910,d_0210,ip_1695,m_0203,83.32,0
tx_004576,2025-02-17 16:00:00,u_00208,d_0594,ip_0240,m_0060,429.51,0
tx_004577,2025-02-17 16:15:00,u_00499,d_1033,ip_2067,m_0107,145.71,0
tx_004578,2025-02-17 16:30:00,u_00687,d_1557,ip_1486,m_0038,112.48,0
tx_004579,2025-02-17 16:45:00,u_00730,d_0337,ip_0746,m_0158,580.09,0
tx_004580,2025-02-17 17:00:00,u_00485,d_0336,ip_0819,m_0296,40.34,0
tx_004581,2025-02-17 17:15:00,u_02430,d_0663,ip_1525,m_0188,622.8,0
tx_004582,2025-02-17 17:30:00,u_00412,d_0368,ip_0195,m_0207,78.31,0
tx_004583,2025-02-17 17:45:00,u_01770,d_0480,ip_1576,m_0058,174.58,0
tx_004584,2025-02-17 18:00:00,u_01466,d_0233,ip_1214,m_0162,176.24,0
tx_004585,2025-02-17 18:15:00,u_01526,d_1492,ip_0486,m_0298,96.82,0
tx_004586,2025-02-17 18:30:00,u_00536,d_1434,ip_1974,m_0026,69.26,0
tx_004587,2025-02-17 18:45:00,u_00769,d_0260,ip_1383,m_0061,102.53,0
tx_004588,2025-02-17 19:00:00,u_01516,d_0966,ip_0360,m_0215,53.81,0
tx_004589,2025-02-17 19:15:00,ring_u_0_9,ring_d_0,ring_ip_0,ring_m_0,63.76,1
tx_004590,2025-02-17 19:30:00,ring_u_14_3,ring_d_14,ring_ip_14,ring_m_6,1807.47,1
tx_004591,2025-02-17 19:45:00,u_00098,d_1771,ip_1680,m_0283,472.93,0
tx_004592,2025-02-17 20:00:00,u_00182,d_1154,ip_1082,m_0005,414.54,0
tx_004593,2025-02-17 20:15:00,u_01821,d_1236,ip_2199,m_0128,213.35,0
tx_004594,2025-02-17 20:30:00,u_01541,d_0059,ip_2040,m_0098,129.58,0
tx_004595,2025-02-17 20:45:00,u_00107,d_0142,ip_0088,m_0119,180.15,0
tx_004596,2025-02-17 21:00:00,u_02247,d_1114,ip_0904,m_0077,263.0,0
tx_004597,2025-02-17 21:15:00,u_00012,d_1634,ip_0445,m_0082,164.1,0
tx_004598,2025-02-17 21:30:00,u_02388,d_0718,ip_0990,m_0228,30.98,0
tx_004599,2025-02-17 21:45:00,u_01823,d_1157,ip_0319,m_0007,24.09,0
tx_004600,2025-02-17 22:00:00,u_02470,d_0378,ip_1178,m_0038,671.15,0
tx_004601,2025-02-17 22:15:00,u_02372,d_0821,ip_0339,m_0079,10.65,0
tx_004602,2025-02-17 22:30:00,u_00782,d_1352,ip_1370,m_0247,180.49,0
tx_004603,2025-02-17 22:45:00,u_01891,d_1187,ip_0999,m_0117,117.33,0
tx_004604,2025-02-17 23:00:00,u_00527,d_0205,ip_2184,m_0010,174.3,0
tx_004605,2025-02-17 23:15:00,u_01179,d_1582,ip_1932,m_0156,47.47,0
tx_004606,2025-02-17 23:30:00,u_00600,d_1668,ip_1320,m_0188,210.75,0
tx_004607,2025-02-17 23:45:00,u_01215,d_0858,ip_0987,m_0137,182.37,0
tx_004608,2025-02-18 00:00:00,u_02180,d_0613,ip_1574,m_0026,2347.28,0
tx_004609,2025-02-18 00:15:00,u_01090,d_0956,ip_1470,m_0263,169.01,0
tx_004610,2025-02-18 00:30:00,u_00230,d_1442,ip_0306,m_0257,571.48,0
tx_004611,2025-02-18 00:45:00,u_00811,d_0814,ip_0828,m_0273,33.16,0
tx_004612,2025-02-18 01:00:00,u_01966,d_0054,ip_2182,m_0289,411.62,0
tx_004613,2025-02-18 01:15:00,u_01304,d_0130,ip_0703,m_0095,186.1,0
tx_004614,2025-02-18 01:30:00,u_01400,d_1460,ip_0029,m_0126,194.37,0
tx_004615,2025-02-18 01:45:00,u_01077,d_1416,ip_1835,m_0287,197.07,0
tx_004616,2025-02-18 02:00:00,u_00731,d_1389,ip_2052,m_0134,817.57,0
tx_004617,2025-02-18 02:15:00,u_01495,d_0227,ip_1442,m_0259,191.54,0
tx_004618,2025-02-18 02:30:00,ring_u_10_4,ring_d_10,ring_ip_10,ring_m_2,666.17,1
tx_004619,2025-02-18 02:45:00,u_02245,d_0710,ip_0771,m_0278,80.16,0
tx_004620,2025-02-18 03:00:00,u_01544,d_0415,ip_0790,m_0003,336.01,0
tx_004621,2025-02-18 03:15:00,u_02487,d_0696,ip_2011,m_0211,232.17,0
tx_004622,2025-02-18 03:30:00,u_02066,d_1005,ip_1887,m_0240,32.12,0
tx_004623,2025-02-18 03:45:00,u_00196,d_0504,ip_1096,m_0059,248.3,0
tx_004624,2025-02-18 04:00:00,u_00980,d_0222,ip_0688,m_0220,50.28,0
tx_004625,2025-02-18 04:15:00,u_00961,d_0724,ip_0414,m_0058,230.04,0
tx_004626,2025-02-18 04:30:00,u_00007,d_1300,ip_0023,m_0271,66.32,0
tx_004627,2025-02-18 04:45:00,u_00451,d_1112,ip_1063,m_0272,112.0,0
tx_004628,2025-02-18 05:00:00,u_01905,d_0578,ip_1218,m_0001,86.07,0
tx_004629,2025-02-18 05:15:00,u_00880,d_0560,ip_1484,m_0152,677.84,0
tx_004630,2025-02-18 05:30:00,u_00369,d_1050,ip_1771,m_0114,221.82,0
tx_004631,2025-02-18 05:45:00,u_00718,d_0310,ip_0807,m_0267,523.8,0
tx_004632,2025-02-18 06:00:00,u_00686,d_1500,ip_0366,m_0096,2684.4,0
tx_004633,2025-02-18 06:15:00,u_00436,d_1564,ip_1856,m_0216,155.52,0
tx_004634,2025-02-18 06:30:00,u_00252,d_0045,ip_1677,m_0035,666.47,0
tx_004635,2025-02-18 06:45:00,u_01910,d_1747,ip_1172,m_0063,73.74,0
tx_004636,2025-02-18 07:00:00,u_02061,d_0042,ip_0086,m_0295,520.55,0
tx_004637,2025-02-18 07:15:00,u_01240,d_0825,ip_1029,m_0115,66.19,0
tx_004638,2025-02-18 07:30:00,u_01538,d_1201,ip_1362,m_0229,145.71,0
tx_004639,2025-02-18 07:45:00,u_02298,d_0588,ip_1889,m_0290,253.88,0
tx_004640,2025-02-18 08:00:00,u_02106,d_0366,ip_1118,m_0289,297.15,0
tx_004641,2025-02-18 08:15:00,u_00081,d_0085,ip_1018,m_0005,41.57,0
tx_004642,2025-02-18 08:30:00,u_02382,d_1309,ip_0835,m_0069,62.36,0
tx_004643,2025-02-18 08:45:00,u_00167,d_0066,ip_0911,m_0214,273.54,0
tx_004644,2025-02-18 09:00:00,u_00066,d_0871,ip_0036,m_0278,102.75,0
tx_004645,2025-02-18 09:15:00,u_01008,d_0707,ip_0228,m_0293,36.7,0
tx_004646,2025-02-18 09:30:00,u_01864,d_1741,ip_1663,m_0216,138.24,0
tx_004647,2025-02-18 09:45:00,u_00200,d_1674,ip_0797,m_0031,131.77,0
tx_004648,2025-02-18 10:00:00,u_00732,d_1471,ip_1871,m_0222,177.14,0
tx_004649,2025-02-18 10:15:00,u_00656,d_1315,ip_0873,m_0081,251.95,0
tx_004650,2025-02-18 10:30:00,u_00993,d_0977,ip_2193,m_0242,236.43,0
tx_004651,2025-02-18 10:45:00,u_02465,d_0628,ip_0397,m_0164,68.84,0
tx_004652,2025-02-18 11:00:00,u_00828,d_0299,ip_0413,m_0055,98.41,0
tx_004653,2025-02-18 11:15:00,u_00522,d_1742,ip_1293,m_0253,375.32,0
tx_004654,2025-02-18 11:30:00,u_00305,d_0692,ip_1765,m_0296,86.21,0
tx_004655,2025-02-18 11:45:00,u_00495,d_0771,ip_0316,m_0151,99.97,0
tx_004656,2025-02-18 12:00:00,u_00332,d_0254,ip_1106,m_0243,32.97,0
tx_004657,2025-02-18 12:15:00,u_01434,d_0498,ip_0492,m_0017,144.22,0
tx_004658,2025-02-18 12:30:00,u_01051,d_1142,ip_1621,m_0081,209.61,0
tx_004659,2025-02-18 12:45:00,u_01244,d_0767,ip_1234,m_0038,20.58,0
tx_004660,2025-02-18 13:00:00,u_02080,d_1054,ip_1439,m_0085,50.89,0
tx_004661,2025-02-18 13:15:00,u_01451,d_0380,ip_0591,m_0112,35.81,0
tx_004662,2025-02-18 13:30:00,u_00387,d_0147,ip_0635,m_0129,326.47,0
tx_004663,2025-02-18 13:45:00,u_00941,d_1594,ip_1407,m_0096,21.93,0
tx_004664,2025-02-18 14:00:00,u_00781,d_0777,ip_0776,m_0163,137.18,0
tx_004665,2025-02-18 14:15:00,u_02066,d_0650,ip_1519,m_0065,304.25,0
tx_004666,2025-02-18 14:30:00,u_00767,d_0514,ip_0338,m_0104,179.08,0
tx_004667,2025-02-18 14:45:00,u_00346,d_1184,ip_0662,m_0252,95.59,0
tx_004668,2025-02-18 15:00:00,u_01840,d_1013,ip_0223,m_0168,209.87,0
tx_004669,2025-02-18 15:15:00,u_01070,d_0700,ip_0192,m_0008,418.62,0
tx_004670,2025-02-18 15:30:00,u_00239,d_1675,ip_0577,m_0098,133.27,0
tx_004671,2025-02-18 15:45:00,u_01724,d_1623,ip_1076,m_0248,15.82,0
tx_004672,2025-02-18 16:00:00,u_00526,d_0357,ip_0317,m_0054,467.66,0
tx_004673,2025-02-18 16:15:00,u_02170,d_1156,ip_0204,m_0276,221.47,0
tx_004674,2025-02-18 16:30:00,u_02081,d_1743,ip_1930,m_0088,143.58,0
tx_004675,2025-02-18 16:45:00,u_00923,d_0878,ip_1133,m_0189,20.48,0
tx_004676,2025-02-18 17:00:00,u_01388,d_0054,ip_1574,m_0142,110.13,0
tx_004677,2025-02-18 17:15:00,u_01419,d_0237,ip_1597,m_0187,61.84,0
tx_004678,2025-02-18 17:30:00,u_01633,d_1201,ip_0223,m_0239,43.98,0
tx_004679,2025-02-18 17:45:00,u_00172,d_1623,ip_1364,m_0044,129.48,0
tx_004680,2025-02-18 18:00:00,u_00812,d_0231,ip_1893,m_0105,86.84,0
tx_004681,2025-02-18 18:15:00,u_00425,d_0984,ip_0986,m_0170,92.75,0
tx_004682,2025-02-18 18:30:00,u_01743,d_0894,ip_1896,m_0078,310.95,0
tx_004683,2025-02-18 18:45:00,u_00172,d_0513,ip_2080,m_0112,191.63,0
tx_004684,2025-02-18 19:00:00,u_01292,d_1137,ip_1202,m_0265,90.42,0
tx_004685,2025-02-18 19:15:00,u_01819,d_1580,ip_0223,m_0068,79.65,0
tx_004686,2025-02-18 19:30:00,u_02370,d_0430,ip_1358,m_0056,94.17,0
tx_004687,2025-02-18 19:45:00,u_00720,d_0097,ip_1936,m_0174,115.88,0
tx_004688,2025-02-18 20:00:00,u_00019,d_0646,ip_1274,m_0029,266.15,0
tx_004689,2025-02-18 20:15:00,u_01809,d_0565,ip_1760,m_0000,52.32,0
tx_004690,2025-02-18 20:30:00,u_00003,d_1308,ip_1177,m_0260,638.06,0
tx_004691,2025-02-18 20:45:00,u_00165,d_0966,ip_0923,m_0082,266.34,0
tx_004692,2025-02-18 21:00:00,u_02476,d_0032,ip_2080,m_0036,9.6,0
tx_004693,2025-02-18 21:15:00,u_02156,d_0611,ip_0336,m_0196,161.64,0
tx_004694,2025-02-18 21:30:00,u_01768,d_1323,ip_0984,m_0144,420.2,0
tx_004695,2025-02-18 21:45:00,u_02088,d_0858,ip_0342,m_0136,218.92,0
tx_004696,2025-02-18 22:00:00,u_00188,d_1013,ip_1440,m_0131,98.26,0
tx_004697,2025-02-18 22:15:00,u_00222,d_0475,ip_2027,m_0043,139.62,0
tx_004698,2025-02-18 22:30:00,u_00752,d_0574,ip_2195,m_0257,177.38,0
tx_004699,2025-02-18 22:45:00,u_00059,d_0234,ip_0514,m_0000,320.41,0
tx_004700,2025-02-18 23:00:00,u_02220,d_0146,ip_1600,m_0144,36.05,0
tx_004701,2025-02-18 23:15:00,u_00140,d_0066,ip_1923,m_0081,81.04,0
tx_004702,2025-02-18 23:30:00,u_01360,d_1123,ip_1834,m_0192,764.01,0
tx_004703,2025-02-18 23:45:00,u_02134,d_0283,ip_1107,m_0164,153.38,0
tx_004704,2025-02-19 00:00:00,u_01837,d_1032,ip_0383,m_0115,683.96,0
tx_004705,2025-02-19 00:15:00,u_00586,d_1715,ip_1015,m_0160,2938.32,0
tx_004706,2025-02-19 00:30:00,u_01175,d_1254,ip_1707,m_0068,90.74,0
tx_004707,2025-02-19 00:45:00,u_01370,d_1035,ip_1362,m_0039,44.82,0
tx_004708,2025-02-19 01:00:00,u_01919,d_0210,ip_0854,m_0271,113.8,0
tx_004709,2025-02-19 01:15:00,u_01065,d_0880,ip_0473,m_0184,445.41,0
tx_004710,2025-02-19 01:30:00,u_00712,d_1604,ip_1434,m_0196,512.29,0
tx_004711,2025-02-19 01:45:00,u_01988,d_0691,ip_0942,m_0299,1439.39,0
tx_004712,2025-02-19 02:00:00,u_02216,d_1487,ip_1038,m_0271,143.05,0
tx_004713,2025-02-19 02:15:00,u_01222,d_1275,ip_2064,m_0175,241.79,0
tx_004714,2025-02-19 02:30:00,u_00070,d_0480,ip_0020,m_0237,72.84,0
tx_004715,2025-02-19 02:45:00,u_01251,d_0254,ip_0524,m_0158,12.1,0
tx_004716,2025-02-19 03:00:00,u_02223,d_0030,ip_2023,m_0071,142.64,0
tx_004717,2025-02-19 03:15:00,u_02472,d_0497,ip_2027,m_0186,46.82,0
tx_004718,2025-02-19 03:30:00,u_01002,d_0599,ip_0665,m_0273,282.41,0
tx_004719,2025-02-19 03:45:00,u_00375,d_1180,ip_2187,m_0263,22.61,0
tx_004720,2025-02-19 04:00:00,u_01430,d_1030,ip_0465,m_0151,70.86,0
tx_004721,2025-02-19 04:15:00,ring_u_23_14,ring_d_23,ring_ip_23,ring_m_7,3087.08,1
tx_004722,2025-02-19 04:30:00,u_02362,d_1301,ip_0675,m_0059,215.37,0
tx_004723,2025-02-19 04:45:00,u_00129,d_1386,ip_1169,m_0012,141.54,0
tx_004724,2025-02-19 05:00:00,u_00726,d_1284,ip_0013,m_0120,960.4,0
tx_004725,2025-02-19 05:15:00,u_01194,d_1614,ip_0378,m_0061,712.99,0
tx_004726,2025-02-19 05:30:00,u_00245,d_0647,ip_1739,m_0287,74.86,0
tx_004727,2025-02-19 05:45:00,u_02215,d_1482,ip_1367,m_0034,742.04,0
tx_004728,2025-02-19 06:00:00,u_00280,d_0757,ip_1331,m_0160,864.54,0
tx_004729,2025-02-19 06:15:00,u_01663,d_0331,ip_2176,m_0231,131.12,0
tx_004730,2025-02-19 06:30:00,u_02296,d_0262,ip_0502,m_0033,155.31,0
tx_004731,2025-02-19 06:45:00,u_01713,d_0164,ip_1973,m_0013,141.07,0
tx_004732,2025-02-19 07:00:00,u_01908,d_1720,ip_0781,m_0166,77.87,0
tx_004733,2025-02-19 07:15:00,ring_u_4_4,ring_d_4,ring_ip_4,ring_m_4,656.43,1
tx_004734,2025-02-19 07:30:00,u_02068,d_1503,ip_1722,m_0004,555.2,0
tx_004735,2025-02-19 07:45:00,u_01046,d_1410,ip_0469,m_0006,229.84,0
tx_004736,2025-02-19 08:00:00,u_00153,d_0790,ip_0460,m_0277,85.27,0
tx_004737,2025-02-19 08:15:00,u_00916,d_1644,ip_1193,m_0180,58.79,0
tx_004738,2025-02-19 08:30:00,u_00874,d_1634,ip_1106,m_0210,69.54,0
tx_004739,2025-02-19 08:45:00,u_01303,d_1665,ip_0516,m_0082,125.98,0
tx_004740,2025-02-19 09:00:00,u_00662,d_0894,ip_0572,m_0093,369.88,0
tx_004741,2025-02-19 09:15:00,u_01155,d_0536,ip_1978,m_0141,62.8,0
tx_004742,2025-02-19 09:30:00,u_01069,d_0078,ip_1658,m_0064,365.66,0
tx_004743,2025-02-19 09:45:00,u_00817,d_1512,ip_0420,m_0132,180.72,0
tx_004744,2025-02-19 10:00:00,u_01740,d_1571,ip_1595,m_0286,171.2,0
tx_004745,2025-02-19 10:15:00,ring_u_5_6,ring_d_5,ring_ip_5,ring_m_5,4798.33,1
tx_004746,2025-02-19 10:30:00,u_01914,d_0127,ip_0979,m_0260,344.94,0
tx_004747,2025-02-19 10:45:00,u_00627,d_1481,ip_0026,m_0148,36.43,0
tx_004748,2025-02-19 11:00:00,u_02162,d_0536,ip_1428,m_0236,50.2,0
tx_004749,2025-02-19 11:15:00,u_00912,d_0987,ip_0400,m_0126,117.98,0
tx_004750,2025-02-19 11:30:00,u_00101,d_1187,ip_0519,m_0185,211.87,0
tx_004751,2025-02-19 11:45:00,u_00374,d_0262,ip_0417,m_0219,580.9,0
tx_004752,2025-02-19 12:00:00,u_02015,d_0112,ip_0403,m_0247,158.39,0
tx_004753,2025-02-19 12:15:00,u_02180,d_0142,ip_0170,m_0277,815.41,0
tx_004754,2025-02-19 12:30:00,u_00529,d_1726,ip_1219,m_0031,73.21,0
tx_004755,2025-02-19 12:45:00,u_01505,d_1722,ip_1909,m_0238,86.7,0
tx_004756,2025-02-19 13:00:00,u_01435,d_0768,ip_0663,m_0212,109.32,0
tx_004757,2025-02-19 13:15:00,u_00334,d_0766,ip_1715,m_0221,65.55,0
tx_004758,2025-02-19 13:30:00,u_01129,d_0732,ip_1195,m_0004,473.15,0
tx_004759,2025-02-19 13:45:00,u_01734,d_0630,ip_0559,m_0146,9.3,0
tx_004760,2025-02-19 14:00:00,u_02417,d_0978,ip_0135,m_0288,89.7,0
tx_004761,2025-02-19 14:15:00,u_02119,d_0641,ip_1723,m_0270,467.88,0
tx_004762,2025-02-19 14:30:00,u_00244,d_1109,ip_0050,m_0069,108.6,0
tx_004763,2025-02-19 14:45:00,u_00593,d_0682,ip_0928,m_0145,433.93,0
tx_004764,2025-02-19 15:00:00,u_01091,d_1133,ip_0075,m_0259,1336.33,0
tx_004765,2025-02-19 15:15:00,u_00376,d_1700,ip_1706,m_0279,160.84,0
tx_004766,2025-02-19 15:30:00,u_01426,d_0370,ip_2177,m_0099,477.68,0
tx_004767,2025-02-19 15:45:00,u_00021,d_0112,ip_0710,m_0240,1667.59,0
tx_004768,2025-02-19 16:00:00,u_00283,d_0947,ip_0689,m_0250,221.87,0
tx_004769,2025-02-19 16:15:00,u_00118,d_0214,ip_1242,m_0045,141.45,0
tx_004770,2025-02-19 16:30:00,u_00738,d_0416,ip_1104,m_0009,365.94,0
tx_004771,2025-02-19 16:45:00,u_01905,d_1421,ip_0839,m_0014,485.03,0
tx_004772,2025-02-19 17:00:00,u_00443,d_0752,ip_0804,m_0043,142.76,0
tx_004773,2025-02-19 17:15:00,u_02467,d_0988,ip_0412,m_0222,91.48,0
tx_004774,2025-02-19 17:30:00,u_00673,d_1397,ip_0551,m_0116,826.66,0
tx_004775,2025-02-19 17:45:00,u_00112,d_0231,ip_1288,m_0205,113.23,0
tx_004776,2025-02-19 18:00:00,u_00838,d_0861,ip_1615,m_0026,489.67,0
tx_004777,2025-02-19 18:15:00,u_01870,d_0062,ip_1651,m_0180,193.03,0
tx_004778,2025-02-19 18:30:00,u_00266,d_0898,ip_1136,m_0223,922.39,0
tx_004779,2025-02-19 18:45:00,u_00179,d_0403,ip_1656,m_0292,63.49,0
tx_004780,2025-02-19 19:00:00,u_02123,d_1640,ip_1302,m_0095,63.37,0
tx_004781,2025-02-19 19:15:00,ring_u_24_2,ring_d_24,ring_ip_24,ring_m_0,50.72,1
tx_004782,2025-02-19 19:30:00,u_00858,d_0360,ip_0777,m_0144,47.93,0
tx_004783,2025-02-19 19:45:00,u_01890,d_0025,ip_1141,m_0104,166.77,0
tx_004784,2025-02-19 20:00:00,u_02110,d_0239,ip_0676,m_0191,698.13,0
tx_004785,2025-02-19 20:15:00,ring_u_17_10,ring_d_17,ring_ip_17,ring_m_1,4057.93,1
tx_004786,2025-02-19 20:30:00,u_01402,d_0410,ip_0407,m_0249,221.88,0
tx_004787,2025-02-19 20:45:00,u_00027,d_1328,ip_0119,m_0008,498.57,0
tx_004788,2025-02-19 21:00:00,ring_u_24_3,ring_d_24,ring_ip_24,ring_m_0,57.1,1
tx_004789,2025-02-19 21:15:00,u_01487,d_1539,ip_0158,m_0173,58.73,0
tx_004790,2025-02-19 21:30:00,u_00492,d_1721,ip_0421,m_0172,114.14,0
tx_004791,2025-02-19 21:45:00,u_02478,d_1616,ip_0827,m_0270,64.17,0
tx_004792,2025-02-19 22:00:00,u_02427,d_0819,ip_0009,m_0202,159.04,0
tx_004793,2025-02-19 22:15:00,u_00644,d_0701,ip_0491,m_0001,112.54,0
tx_004794,2025-02-19 22:30:00,u_00990,d_1168,ip_1198,m_0146,88.83,0
tx_004795,2025-02-19 22:45:00,u_00473,d_0574,ip_0824,m_0253,236.55,0
tx_004796,2025-02-19 23:00:00,u_01259,d_1086,ip_1971,m_0261,719.9,0
tx_004797,2025-02-19 23:15:00,u_00309,d_1799,ip_0206,m_0240,205.99,0
tx_004798,2025-02-19 23:30:00,ring_u_19_9,ring_d_19,ring_ip_19,ring_m_3,460.78,1
tx_004799,2025-02-19 23:45:00,u_01388,d_1384,ip_1302,m_0031,719.69,0
tx_004800,2025-02-20 00:00:00,u_01529,d_1683,ip_1417,m_0063,82.55,0
tx_004801,2025-02-20 00:15:00,u_01491,d_0967,ip_1477,m_0254,195.36,0
tx_004802,2025-02-20 00:30:00,u_00553,d_0640,ip_0115,m_0102,97.03,0
tx_004803,2025-02-20 00:45:00,u_01980,d_0458,ip_1742,m_0229,33.71,0
tx_004804,2025-02-20 01:00:00,u_01729,d_0302,ip_0728,m_0010,211.83,0
tx_004805,2025-02-20 01:15:00,u_01882,d_0578,ip_1431,m_0147,51.82,0
tx_004806,2025-02-20 01:30:00,u_01169,d_1343,ip_0646,m_0285,240.88,0
tx_004807,2025-02-20 01:45:00,ring_u_15_15,ring_d_15,ring_ip_15,ring_m_7,65.73,1
tx_004808,2025-02-20 02:00:00,u_00974,d_0398,ip_1540,m_0009,176.09,0
tx_004809,2025-02-20 02:15:00,u_02014,d_0975,ip_2056,m_0086,30.85,0
tx_004810,2025-02-20 02:30:00,u_00508,d_1456,ip_1931,m_0018,291.16,0
tx_004811,2025-02-20 02:45:00,u_00618,d_0024,ip_1597,m_0183,100.15,0
tx_004812,2025-02-20 03:00:00,u_01316,d_0037,ip_1184,m_0057,90.94,0
tx_004813,2025-02-20 03:15:00,u_01389,d_1726,ip_1160,m_0073,457.83,0
tx_004814,2025-02-20 03:30:00,u_01865,d_1346,ip_2124,m_0176,107.6,0
tx_004815,2025-02-20 03:45:00,u_00743,d_1036,ip_0455,m_0097,165.81,0
tx_004816,2025-02-20 04:00:00,u_02181,d_1630,ip_2098,m_0195,121.68,0
tx_004817,2025-02-20 04:15:00,u_00824,d_1060,ip_1427,m_0279,246.51,0
tx_004818,2025-02-20 04:30:00,u_01335,d_0937,ip_1355,m_0279,421.13,0
tx_004819,2025-02-20 04:45:00,u_02329,d_0380,ip_1301,m_0218,342.28,0
tx_004820,2025-02-20 05:00:00,u_01348,d_1459,ip_1787,m_0290,93.07,0
tx_004821,2025-02-20 05:15:00,u_01704,d_1376,ip_1503,m_0220,497.23,0
tx_004822,2025-02-20 05:30:00,u_02271,d_0532,ip_0208,m_0020,59.36,0
tx_004823,2025-02-20 05:45:00,u_02436,d_1327,ip_1718,m_0286,70.63,0
tx_004824,2025-02-20 06:00:00,u_01248,d_1308,ip_1603,m_0170,130.61,0
tx_004825,2025-02-20 06:15:00,u_01042,d_0171,ip_2013,m_0001,422.76,0
tx_004826,2025-02-20 06:30:00,u_00492,d_0288,ip_2060,m_0186,46.06,0
tx_004827,2025-02-20 06:45:00,u_01343,d_1070,ip_2087,m_0073,361.94,0
tx_004828,2025-02-20 07:00:00,u_02295,d_1122,ip_0094,m_0160,140.51,0
tx_004829,2025-02-20 07:15:00,u_01217,d_1184,ip_1386,m_0197,96.18,0
tx_004830,2025-02-20 07:30:00,u_00871,d_0671,ip_2055,m_0008,444.88,0
tx_004831,2025-02-20 07:45:00,u_00268,d_1504,ip_2125,m_0131,66.51,0
tx_004832,2025-02-20 08:00:00,u_00974,d_0802,ip_1208,m_0016,1459.25,0
tx_004833,2025-02-20 08:15:00,u_00591,d_0370,ip_2005,m_0033,124.38,0
tx_004834,2025-02-20 08:30:00,u_02441,d_0207,ip_1936,m_0063,172.4,0
tx_004835,2025-02-20 08:45:00,u_01319,d_1579,ip_0005,m_0234,694.3,0
tx_004836,2025-02-20 09:00:00,u_00342,d_1272,ip_1946,m_0123,176.96,0
tx_004837,2025-02-20 09:15:00,u_00168,d_0830,ip_1402,m_0014,487.29,0
tx_004838,2025-02-20 09:30:00,u_02126,d_0376,ip_1262,m_0224,21.05,0
tx_004839,2025-02-20 09:45:00,u_02328,d_0173,ip_0392,m_0163,95.34,0
tx_004840,2025-02-20 10:00:00,u_01907,d_0275,ip_2021,m_0042,220.68,0
tx_004841,2025-02-20 10:15:00,u_00309,d_0190,ip_0649,m_0168,437.65,0
tx_004842,2025-02-20 10:30:00,u_00245,d_0952,ip_0919,m_0074,320.44,0
tx_004843,2025-02-20 10:45:00,u_00494,d_0356,ip_0654,m_0190,291.79,0
tx_004844,2025-02-20 11:00:00,u_01877,d_0230,ip_2133,m_0284,428.83,0
tx_004845,2025-02-20 11:15:00,u_01913,d_0508,ip_1062,m_0094,238.66,0
tx_004846,2025-02-20 11:30:00,u_02094,d_1258,ip_0250,m_0223,17.41,0
tx_004847,2025-02-20 11:45:00,u_00242,d_0893,ip_0023,m_0007,627.79,0
tx_004848,2025-02-20 12:00:00,u_00383,d_0276,ip_2156,m_0122,64.22,0
tx_004849,2025-02-20 12:15:00,u_02250,d_1347,ip_0518,m_0266,203.09,0
tx_004850,2025-02-20 12:30:00,u_02321,d_0881,ip_1695,m_0022,177.86,0
tx_004851,2025-02-20 12:45:00,u_01814,d_0336,ip_0064,m_0278,155.61,0
tx_004852,2025-02-20 13:00:00,u_00265,d_1244,ip_1972,m_0028,49.1,0
tx_004853,2025-02-20 13:15:00,u_00171,d_1786,ip_1431,m_0144,21.36,0
tx_004854,2025-02-20 13:30:00,u_00138,d_0972,ip_0494,m_0054,54.47,0
tx_004855,2025-02-20 13:45:00,u_01729,d_0290,ip_1956,m_0006,339.08,0
tx_004856,2025-02-20 14:00:00,u_02114,d_0557,ip_0655,m_0104,34.93,0
tx_004857,2025-02-20 14:15:00,u_01579,d_1078,ip_2195,m_0174,61.54,0
tx_004858,2025-02-20 14:30:00,u_00655,d_1798,ip_1318,m_0216,225.44,0
tx_004859,2025-02-20 14:45:00,u_01893,d_1672,ip_0986,m_0094,53.12,0
tx_004860,2025-02-20 15:00:00,u_00147,d_1679,ip_0128,m_0147,86.22,0
tx_004861,2025-02-20 15:15:00,u_02070,d_1498,ip_0572,m_0054,161.07,0
tx_004862,2025-02-20 15:30:00,u_02229,d_1034,ip_0128,m_0218,196.89,0
tx_004863,2025-02-20 15:45:00,u_01795,d_1166,ip_1876,m_0050,52.08,0
tx_004864,2025-02-20 16:00:00,u_02198,d_1321,ip_0220,m_0258,170.88,0
tx_004865,2025-02-20 16:15:00,u_01465,d_1287,ip_0248,m_0053,221.15,0
tx_004866,2025-02-20 16:30:00,u_01170,d_1149,ip_0273,m_0199,41.55,0
tx_004867,2025-02-20 16:45:00,u_00806,d_0241,ip_2143,m_0099,183.98,0
tx_004868,2025-02-20 17:00:00,u_02304,d_1583,ip_2135,m_0298,72.49,0
tx_004869,2025-02-20 17:15:00,u_01743,d_0017,ip_1572,m_0084,167.99,0
tx_004870,2025-02-20 17:30:00,u_00476,d_0766,ip_0162,m_0284,305.85,0
tx_004871,2025-02-20 17:45:00,u_02392,d_0781,ip_1108,m_0250,124.43,0
tx_004872,2025-02-20 18:00:00,u_00148,d_1792,ip_2086,m_0140,369.97,0
tx_004873,2025-02-20 18:15:00,u_01468,d_0161,ip_0212,m_0148,327.28,0
tx_004874,2025-02-20 18:30:00,u_00476,d_0856,ip_1745,m_0106,367.91,0
tx_004875,2025-02-20 18:45:00,u_01660,d_0643,ip_0040,m_0128,222.1,0
tx_004876,2025-02-20 19:00:00,u_01031,d_0175,ip_1768,m_0139,446.2,0
tx_004877,2025-02-20 19:15:00,u_01092,d_0402,ip_1197,m_0043,218.13,0
tx_004878,2025-02-20 19:30:00,u_01678,d_0759,ip_1953,m_0096,28.01,0
tx_004879,2025-02-20 19:45:00,u_01890,d_1649,ip_0910,m_0262,67.22,0
tx_004880,2025-02-20 20:00:00,u_00950,d_0698,ip_1727,m_0293,120.15,0
tx_004881,2025-02-20 20:15:00,u_02494,d_1584,ip_1853,m_0016,136.02,0
tx_004882,2025-02-20 20:30:00,u_01246,d_1320,ip_0714,m_0219,212.24,0
tx_004883,2025-02-20 20:45:00,u_00400,d_1474,ip_1413,m_0071,66.22,0
tx_004884,2025-02-20 21:00:00,u_00015,d_1536,ip_1013,m_0196,1106.23,0
tx_004885,2025-02-20 21:15:00,u_00506,d_1285,ip_0950,m_0186,133.96,0
tx_004886,2025-02-20 21:30:00,ring_u_7_0,ring_d_7,ring_ip_7,ring_m_7,550.92,1
tx_004887,2025-02-20 21:45:00,u_01348,d_0277,ip_0497,m_0210,75.89,0
tx_004888,2025-02-20 22:00:00,u_00844,d_1290,ip_0263,m_0247,54.41,0
tx_004889,2025-02-20 22:15:00,u_01203,d_0087,ip_1056,m_0240,130.8,0
tx_004890,2025-02-20 22:30:00,u_02095,d_1327,ip_1807,m_0194,152.56,0
tx_004891,2025-02-20 22:45:00,u_01428,d_1176,ip_0358,m_0123,136.06,0
tx_004892,2025-02-20 23:00:00,u_00145,d_1362,ip_0748,m_0101,776.78,0
tx_004893,2025-02-20 23:15:00,u_00122,d_1156,ip_1467,m_0104,130.8,0
tx_004894,2025-02-20 23:30:00,ring_u_15_3,ring_d_15,ring_ip_15,ring_m_7,67.68,1
tx_004895,2025-02-20 23:45:00,u_01010,d_0664,ip_1332,m_0086,335.39,0
tx_004896,2025-02-21 00:00:00,u_02126,d_1073,ip_1161,m_0093,125.08,0
tx_004897,2025-02-21 00:15:00,u_01457,d_0850,ip_1782,m_0170,254.51,0
tx_004898,2025-02-21 00:30:00,ring_u_20_12,ring_d_20,ring_ip_20,ring_m_4,3783.14,1
tx_004899,2025-02-21 00:45:00,u_01462,d_0880,ip_0988,m_0104,41.63,0
tx_004900,2025-02-21 01:00:00,u_00863,d_0965,ip_0949,m_0212,167.68,0
tx_004901,2025-02-21 01:15:00,u_01643,d_0431,ip_0613,m_0098,117.73,0
tx_004902,2025-02-21 01:30:00,u_01553,d_1148,ip_0976,m_0031,66.09,0
tx_004903,2025-02-21 01:45:00,u_01800,d_0565,ip_1840,m_0005,167.65,0
tx_004904,2025-02-21 02:00:00,u_00473,d_0481,ip_1103,m_0229,182.93,0
tx_004905,2025-02-21 02:15:00,u_01603,d_0753,ip_1520,m_0284,72.97,0
tx_004906,2025-02-21 02:30:00,u_00713,d_0185,ip_0920,m_0204,88.34,0
tx_004907,2025-02-21 02:45:00,u_01975,d_1085,ip_1554,m_0018,184.31,0
tx_004908,2025-02-21 03:00:00,u_01996,d_1320,ip_1567,m_0169,53.46,0
tx_004909,2025-02-21 03:15:00,u_01561,d_1720,ip_1161,m_0081,81.12,0
tx_004910,2025-02-21 03:30:00,u_02366,d_0510,ip_2055,m_0096,253.14,0
tx_004911,2025-02-21 03:45:00,u_01343,d_0969,ip_1927,m_0276,144.92,0
tx_004912,2025-02-21 04:00:00,u_00062,d_0906,ip_0348,m_0247,92.09,0
tx_004913,2025-02-21 04:15:00,u_01515,d_1316,ip_0501,m_0220,60.16,0
tx_004914,2025-02-21 04:30:00,u_01944,d_1124,ip_2100,m_0150,53.88,0
tx_004915,2025-02-21 04:45:00,u_00252,d_1452,ip_0883,m_0173,130.09,0
tx_004916,2025-02-21 05:00:00,u_00261,d_1531,ip_0682,m_0274,1125.31,0
tx_004917,2025-02-21 05:15:00,u_00682,d_0204,ip_1751,m_0198,261.33,0
tx_004918,2025-02-21 05:30:00,u_02110,d_0639,ip_1324,m_0173,39.14,0
tx_004919,2025-02-21 05:45:00,u_01318,d_1175,ip_0292,m_0029,301.03,0
tx_004920,2025-02-21 06:00:00,u_02441,d_0978,ip_0201,m_0298,69.49,0
tx_004921,2025-02-21 06:15:00,u_02182,d_0867,ip_1777,m_0242,147.69,0
tx_004922,2025-02-21 06:30:00,u_01387,d_0311,ip_1682,m_0109,82.36,0
tx_004923,2025-02-21 06:45:00,ring_u_12_7,ring_d_12,ring_ip_12,ring_m_4,122.95,1
tx_004924,2025-02-21 07:00:00,u_00827,d_1333,ip_1897,m_0290,47.75,0
tx_004925,2025-02-21 07:15:00,u_00226,d_0069,ip_0276,m_0286,203.08,0
tx_004926,2025-02-21 07:30:00,u_00996,d_1064,ip_1911,m_0126,74.79,0
tx_004927,2025-02-21 07:45:00,u_01480,d_1631,ip_0174,m_0069,310.7,0
tx_004928,2025-02-21 08:00:00,u_00455,d_1032,ip_1399,m_0239,199.03,0
tx_004929,2025-02-21 08:15:00,u_00554,d_1715,ip_1854,m_0187,520.38,0
tx_004930,2025-02-21 08:30:00,u_00037,d_0634,ip_1362,m_0270,304.33,0
tx_004931,2025-02-21 08:45:00,u_01835,d_0006,ip_1712,m_0163,74.18,0
tx_004932,2025-02-21 09:00:00,u_02248,d_1227,ip_0756,m_0165,2741.34,0
tx_004933,2025-02-21 09:15:00,u_02068,d_0383,ip_0633,m_0042,258.64,0
tx_004934,2025-02-21 09:30:00,u_00949,d_0017,ip_0585,m_0180,85.57,0
tx_004935,2025-02-21 09:45:00,u_01483,d_0324,ip_0255,m_0108,182.28,0
tx_004936,2025-02-21 10:00:00,u_02402,d_1681,ip_0610,m_0061,278.89,0
tx_004937,2025-02-21 10:15:00,u_01478,d_1406,ip_0543,m_0234,268.48,0
tx_004938,2025-02-21 10:30:00,u_00739,d_0495,ip_1664,m_0103,243.72,0
tx_004939,2025-02-21 10:45:00,u_00846,d_1076,ip_0468,m_0063,390.13,0
tx_004940,2025-02-21 11:00:00,u_01817,d_0610,ip_0365,m_0288,353.6,0
tx_004941,2025-02-21 11:15:00,u_01115,d_0319,ip_1612,m_0288,63.59,0
tx_004942,2025-02-21 11:30:00,u_02093,d_1779,ip_1183,m_0148,1221.77,0
tx_004943,2025-02-21 11:45:00,u_02160,d_1465,ip_0474,m_0088,1063.04,0
tx_004944,2025-02-21 12:00:00,ring_u_11_9,ring_d_11,ring_ip_11,ring_m_3,1588.94,1
tx_004945,2025-02-21 12:15:00,u_01808,d_0636,ip_0475,m_0188,154.27,0
tx_004946,2025-02-21 12:30:00,u_00924,d_1468,ip_1728,m_0183,156.94,0
tx_004947,2025-02-21 12:45:00,u_01299,d_0829,ip_0070,m_0185,107.37,0
tx_004948,2025-02-21 13:00:00,u_00661,d_0678,ip_1298,m_0230,122.19,0
tx_004949,2025-02-21 13:15:00,u_00920,d_0697,ip_1313,m_0141,16.66,0
tx_004950,2025-02-21 13:30:00,u_00825,d_0804,ip_0820,m_0204,685.58,0
tx_004951,2025-02-21 13:45:00,u_00125,d_0938,ip_1515,m_0196,481.76,0
tx_004952,2025-02-21 14:00:00,ring_u_21_8,ring_d_21,ring_ip_21,ring_m_5,101.3,1
tx_004953,2025-02-21 14:15:00,u_00357,d_0864,ip_1437,m_0223,361.4,0
tx_004954,2025-02-21 14:30:00,u_00939,d_0791,ip_0491,m_0010,147.27,0
tx_004955,2025-02-21 14:45:00,u_00482,d_0494,ip_1250,m_0185,121.63,0
tx_004956,2025-02-21 15:00:00,u_00401,d_0639,ip_1663,m_0292,242.95,0
tx_004957,2025-02-21 15:15:00,u_00933,d_0764,ip_2125,m_0167,25.98,0
tx_004958,2025-02-21 15:30:00,u_02296,d_0658,ip_0792,m_0158,146.75,0
tx_004959,2025-02-21 15:45:00,u_02360,d_1635,ip_1040,m_0181,160.69,0
tx_004960,2025-02-21 16:00:00,u_00954,d_0951,ip_1047,m_0167,160.85,0
tx_004961,2025-02-21 16:15:00,u_01262,d_0905,ip_1892,m_0120,37.81,0
tx_004962,2025-02-21 16:30:00,u_02464,d_0473,ip_2117,m_0298,232.04,0
tx_004963,2025-02-21 16:45:00,u_00587,d_1649,ip_1421,m_0021,428.3,0
tx_004964,2025-02-21 17:00:00,u_02361,d_0041,ip_1808,m_0244,223.04,0
tx_004965,2025-02-21 17:15:00,u_00264,d_0990,ip_0185,m_0047,118.02,0
tx_004966,2025-02-21 17:30:00,u_00564,d_0303,ip_1670,m_0061,2184.28,0
tx_004967,2025-02-21 17:45:00,u_00845,d_1383,ip_1782,m_0182,58.88,0
tx_004968,2025-02-21 18:00:00,u_00092,d_0680,ip_1572,m_0191,321.65,0
tx_004969,2025-02-21 18:15:00,u_02039,d_0528,ip_1285,m_0278,189.29,0
tx_004970,2025-02-21 18:30:00,u_02138,d_0104,ip_1979,m_0088,1110.22,0
tx_004971,2025-02-21 18:45:00,u_00958,d_1422,ip_1437,m_0007,218.49,0
tx_004972,2025-02-21 19:00:00,u_02090,d_0713,ip_1862,m_0076,270.74,0
tx_004973,2025-02-21 19:15:00,u_01931,d_0475,ip_0396,m_0163,246.09,0
tx_004974,2025-02-21 19:30:00,u_02003,d_1519,ip_1463,m_0107,51.5,0
tx_004975,2025-02-21 19:45:00,u_02006,d_0035,ip_0962,m_0075,62.25,0
tx_004976,2025-02-21 20:00:00,u_01433,d_0843,ip_1910,m_0274,112.66,0
tx_004977,2025-02-21 20:15:00,u_00277,d_0289,ip_1937,m_0168,386.6,0
tx_004978,2025-02-21 20:30:00,u_02308,d_0228,ip_1856,m_0201,187.37,0
tx_004979,2025-02-21 20:45:00,u_01521,d_0038,ip_0473,m_0224,120.69,0
tx_004980,2025-02-21 21:00:00,u_02253,d_0336,ip_1083,m_0122,585.34,0
tx_004981,2025-02-21 21:15:00,u_02397,d_1704,ip_0000,m_0220,20.44,0
tx_004982,2025-02-21 21:30:00,u_00467,d_0801,ip_2155,m_0289,40.62,0
tx_004983,2025-02-21 21:45:00,u_01005,d_1799,ip_0566,m_0217,12.22,0
tx_004984,2025-02-21 22:00:00,u_00481,d_0481,ip_1373,m_0089,496.86,0
tx_004985,2025-02-21 22:15:00,u_00127,d_1372,ip_1072,m_0233,134.73,0
tx_004986,2025-02-21 22:30:00,u_02416,d_0161,ip_1990,m_0070,390.06,0
tx_004987,2025-02-21 22:45:00,u_02308,d_0194,ip_1806,m_0021,133.05,0
tx_004988,2025-02-21 23:00:00,u_02329,d_0029,ip_1709,m_0133,412.89,0
tx_004989,2025-02-21 23:15:00,u_02209,d_1618,ip_1415,m_0152,130.74,0
tx_004990,2025-02-21 23:30:00,u_01621,d_1208,ip_0262,m_0140,223.61,0
tx_004991,2025-02-21 23:45:00,u_01305,d_1338,ip_2021,m_0078,193.16,0
tx_004992,2025-02-22 00:00:00,u_02478,d_1669,ip_0137,m_0081,208.04,0
tx_004993,2025-02-22 00:15:00,ring_u_22_11,ring_d_22,ring_ip_22,ring_m_6,1120.16,1
tx_004994,2025-02-22 00:30:00,u_01606,d_1300,ip_0834,m_0087,29.24,0
tx_004995,2025-02-22 00:45:00,u_00529,d_0904,ip_0859,m_0234,138.6,0
tx_004996,2025-02-22 01:00:00,u_01866,d_0976,ip_2149,m_0077,180.91,0
tx_004997,2025-02-22 01:15:00,u_02048,d_1191,ip_0509,m_0032,155.76,0
tx_004998,2025-02-22 01:30:00,u_01696,d_0845,ip_1275,m_0018,99.69,0
tx_004999,2025-02-22 01:45:00,u_01246,d_0043,ip_0479,m_0072,86.95,0
tx_005000,2025-02-22 02:00:00,u_00494,d_0135,ip_2005,m_0252,685.41,0
tx_005001,2025-02-22 02:15:00,u_00084,d_0902,ip_1619,m_0136,138.28,0
tx_005002,2025-02-22 02:30:00,u_01568,d_1025,ip_0912,m_0208,1699.26,0
tx_005003,2025-02-22 02:45:00,u_01707,d_1318,ip_0176,m_0288,251.71,0
tx_005004,2025-02-22 03:00:00,u_01931,d_1029,ip_0335,m_0014,111.09,0
tx_005005,2025-02-22 03:15:00,u_02376,d_0338,ip_0533,m_0032,257.93,0
tx_005006,2025-02-22 03:30:00,u_01243,d_0660,ip_0893,m_0276,165.49,0
tx_005007,2025-02-22 03:45:00,u_02072,d_0798,ip_1948,m_0170,567.93,0
tx_005008,2025-02-22 04:00:00,u_01790,d_1771,ip_0263,m_0185,46.17,0
tx_005009,2025-02-22 04:15:00,u_00692,d_0958,ip_1269,m_0102,24.5,0
tx_005010,2025-02-22 04:30:00,u_02112,d_1142,ip_0764,m_0248,212.93,0
tx_005011,2025-02-22 04:45:00,u_00133,d_1324,ip_0102,m_0193,342.3,0
tx_005012,2025-02-22 05:00:00,u_01497,d_0652,ip_1362,m_0077,197.53,0
tx_005013,2025-02-22 05:15:00,u_02350,d_1736,ip_1549,m_0194,290.75,0
tx_005014,2025-02-22 05:30:00,u_01647,d_1214,ip_2110,m_0001,251.0,0
tx_005015,2025-02-22 05:45:00,u_02342,d_1526,ip_1114,m_0072,33.77,0
tx_005016,2025-02-22 06:00:00,u_00140,d_1348,ip_0715,m_0061,196.61,0
tx_005017,2025-02-22 06:15:00,u_01331,d_1118,ip_1879,m_0235,553.79,0
tx_005018,2025-02-22 06:30:00,u_01951,d_0055,ip_0544,m_0220,176.23,0
tx_005019,2025-02-22 06:45:00,u_01605,d_1050,ip_1501,m_0027,40.05,0
tx_005020,2025-02-22 07:00:00,u_02201,d_0233,ip_2075,m_0271,106.29,0
tx_005021,2025-02-22 07:15:00,u_01156,d_1085,ip_0009,m_0245,258.98,0
tx_005022,2025-02-22 07:30:00,u_01706,d_1262,ip_2035,m_0130,893.93,0
tx_005023,2025-02-22 07:45:00,u_01049,d_0981,ip_0452,m_0063,20.98,0
tx_005024,2025-02-22 08:00:00,u_02180,d_0555,ip_1059,m_0126,212.99,0
tx_005025,2025-02-22 08:15:00,u_00298,d_0106,ip_0567,m_0176,58.43,0
tx_005026,2025-02-22 08:30:00,u_00635,d_1207,ip_0317,m_0189,246.59,0
tx_005027,2025-02-22 08:45:00,u_00241,d_1256,ip_1544,m_0104,267.16,0
tx_005028,2025-02-22 09:00:00,u_01755,d_0860,ip_1060,m_0030,117.55,0
tx_005029,2025-02-22 09:15:00,u_00581,d_1289,ip_1120,m_0182,279.11,0
tx_005030,2025-02-22 09:30:00,u_00792,d_1402,ip_1063,m_0211,464.01,0
tx_005031,2025-02-22 09:45:00,u_02091,d_0922,ip_1644,m_0080,125.89,0
tx_005032,2025-02-22 10:00:00,u_00900,d_0085,ip_2125,m_0191,38.97,0
tx_005033,2025-02-22 10:15:00,ring_u_9_15,ring_d_9,ring_ip_9,ring_m_1,79.49,1
tx_005034,2025-02-22 10:30:00,ring_u_22_14,ring_d_22,ring_ip_22,ring_m_6,1027.77,1
tx_005035,2025-02-22 10:45:00,u_00566,d_1210,ip_0720,m_0002,260.8,0
tx_005036,2025-02-22 11:00:00,ring_u_22_9,ring_d_22,ring_ip_22,ring_m_6,1089.87,1
tx_005037,2025-02-22 11:15:00,u_01371,d_0652,ip_0228,m_0112,397.6,0
tx_005038,2025-02-22 11:30:00,u_02487,d_1119,ip_0504,m_0250,1144.16,0
tx_005039,2025-02-22 11:45:00,u_00537,d_0035,ip_0445,m_0247,131.46,0
tx_005040,2025-02-22 12:00:00,u_00878,d_1593,ip_2140,m_0262,163.12,0
tx_005041,2025-02-22 12:15:00,u_00408,d_0106,ip_0881,m_0138,51.15,0
tx_005042,2025-02-22 12:30:00,u_00995,d_0974,ip_1933,m_0098,72.27,0
tx_005043,2025-02-22 12:45:00,u_01408,d_0633,ip_1213,m_0149,50.67,0
tx_005044,2025-02-22 13:00:00,u_02020,d_0064,ip_1113,m_0237,169.16,0
tx_005045,2025-02-22 13:15:00,u_00920,d_0831,ip_2065,m_0186,105.55,0
tx_005046,2025-02-22 13:30:00,u_01928,d_1684,ip_1522,m_0180,215.47,0
tx_005047,2025-02-22 13:45:00,u_01565,d_0300,ip_0527,m_0130,60.83,0
tx_005048,2025-02-22 14:00:00,u_00729,d_0526,ip_0619,m_0208,125.52,0
tx_005049,2025-02-22 14:15:00,u_02280,d_0340,ip_1465,m_0260,57.19,0
tx_005050,2025-02-22 14:30:00,u_01085,d_0224,ip_0004,m_0200,179.03,0
tx_005051,2025-02-22 14:45:00,u_00377,d_0414,ip_0335,m_0120,29.01,0
tx_005052,2025-02-22 15:00:00,u_02406,d_1029,ip_0163,m_0251,172.7,0
tx_005053,2025-02-22 15:15:00,u_02283,d_1404,ip_1570,m_0282,112.31,0
tx_005054,2025-02-22 15:30:00,ring_u_19_2,ring_d_19,ring_ip_19,ring_m_3,1137.14,1
tx_005055,2025-02-22 15:45:00,u_02256,d_1388,ip_0024,m_0263,28.44,0
tx_005056,2025-02-22 16:00:00,u_02368,d_1288,ip_1631,m_0079,285.64,0
tx_005057,2025-02-22 16:15:00,u_02072,d_0689,ip_1443,m_0126,110.09,0
tx_005058,2025-02-22 16:30:00,u_00637,d_1620,ip_1581,m_0074,184.4,0
tx_005059,2025-02-22 16:45:00,u_01578,d_0310,ip_0359,m_0109,22.87,0
tx_005060,2025-02-22 17:00:00,u_01345,d_1259,ip_1924,m_0220,42.83,0
tx_005061,2025-02-22 17:15:00,u_01550,d_0199,ip_0396,m_0202,100.47,0
tx_005062,2025-02-22 17:30:00,u_01541,d_1378,ip_1255,m_0000,587.28,0
tx_005063,2025-02-22 17:45:00,u_01598,d_0156,ip_1229,m_0226,251.46,0
tx_005064,2025-02-22 18:00:00,u_01285,d_0389,ip_0481,m_0057,169.0,0
tx_005065,2025-02-22 18:15:00,u_01726,d_0704,ip_0825,m_0055,58.89,0
tx_005066,2025-02-22 18:30:00,u_01316,d_1250,ip_0114,m_0163,49.09,0
tx_005067,2025-02-22 18:45:00,u_00041,d_0081,ip_1036,m_0072,195.71,0
tx_005068,2025-02-22 19:00:00,u_00088,d_0463,ip_1489,m_0288,299.07,0
tx_005069,2025-02-22 19:15:00,u_02395,d_0600,ip_0679,m_0043,182.91,0
tx_005070,2025-02-22 19:30:00,ring_u_0_3,ring_d_0,ring_ip_0,ring_m_0,90.88,1
tx_005071,2025-02-22 19:45:00,u_01464,d_1730,ip_2097,m_0228,75.0,0
tx_005072,2025-02-22 20:00:00,u_00436,d_1105,ip_0516,m_0085,177.57,0
tx_005073,2025-02-22 20:15:00,u_01953,d_0913,ip_0639,m_0214,27.3,0
tx_005074,2025-02-22 20:30:00,u_00358,d_0605,ip_0263,m_0204,183.29,0
tx_005075,2025-02-22 20:45:00,u_00943,d_1480,ip_1192,m_0056,645.08,0
tx_005076,2025-02-22 21:00:00,u_00824,d_0193,ip_0448,m_0173,52.38,0
tx_005077,2025-02-22 21:15:00,u_00030,d_0232,ip_1879,m_0161,344.51,0
tx_005078,2025-02-22 21:30:00,u_02017,d_0362,ip_0640,m_0028,627.06,0
tx_005079,2025-02-22 21:45:00,u_01274,d_0482,ip_1461,m_0229,74.46,0
tx_005080,2025-02-22 22:00:00,u_00790,d_0830,ip_0416,m_0257,236.73,0
tx_005081,2025-02-22 22:15:00,u_01267,d_1703,ip_0710,m_0284,720.27,0
tx_005082,2025-02-22 22:30:00,u_00000,d_1170,ip_0376,m_0026,186.88,0
tx_005083,2025-02-22 22:45:00,u_01092,d_0690,ip_1215,m_0053,325.94,0
tx_005084,2025-02-22 23:00:00,u_01298,d_0380,ip_0061,m_0247,25.18,0
tx_005085,2025-02-22 23:15:00,u_00849,d_1167,ip_0182,m_0091,269.65,0
tx_005086,2025-02-22 23:30:00,u_02075,d_0455,ip_1103,m_0187,248.95,0
tx_005087,2025-02-22 23:45:00,u_00624,d_1757,ip_1200,m_0104,39.4,0
tx_005088,2025-02-23 00:00:00,u_00344,d_0859,ip_0725,m_0065,56.58,0
tx_005089,2025-02-23 00:15:00,u_01318,d_0991,ip_0949,m_0187,271.51,0
tx_005090,2025-02-23 00:30:00,u_02218,d_1626,ip_0916,m_0061,109.65,0
tx_005091,2025-02-23 00:45:00,u_00938,d_0549,ip_1667,m_0040,451.21,0
tx_005092,2025-02-23 01:00:00,u_00116,d_0849,ip_0982,m_0159,202.5,0
tx_005093,2025-02-23 01:15:00,u_02424,d_0957,ip_1865,m_0058,157.03,0
tx_005094,2025-02-23 01:30:00,u_01110,d_0487,ip_0477,m_0057,125.15,0
tx_005095,2025-02-23 01:45:00,u_00432,d_0098,ip_0439,m_0234,198.88,0
tx_005096,2025-02-23 02:00:00,u_01539,d_0510,ip_0888,m_0158,331.27,0
tx_005097,2025-02-23 02:15:00,u_00799,d_0202,ip_0179,m_0162,253.12,0
tx_005098,2025-02-23 02:30:00,u_02344,d_1216,ip_1476,m_0043,97.22,0
tx_005099,2025-02-23 02:45:00,u_00734,d_0012,ip_0859,m_0048,512.57,0
tx_005100,2025-02-23 03:00:00,u_01375,d_0569,ip_0806,m_0117,286.49,0
tx_005101,2025-02-23 03:15:00,u_01358,d_1591,ip_1175,m_0116,218.16,0
tx_005102,2025-02-23 03:30:00,u_00606,d_1023,ip_0180,m_0135,162.67,0
tx_005103,2025-02-23 03:45:00,u_01248,d_1208,ip_0828,m_0040,244.7,0
tx_005104,2025-02-23 04:00:00,u_00272,d_1203,ip_2138,m_0269,23.77,0
tx_005105,2025-02-23 04:15:00,u_01609,d_0536,ip_1382,m_0108,188.92,0
tx_005106,2025-02-23 04:30:00,u_01895,d_1138,ip_1262,m_0244,765.23,0
tx_005107,2025-02-23 04:45:00,u_02375,d_0398,ip_1112,m_0120,184.93,0
tx_005108,2025-02-23 05:00:00,u_00814,d_1143,ip_1031,m_0141,161.33,0
tx_005109,2025-02-23 05:15:00,u_00713,d_1229,ip_2060,m_0033,81.79,0
tx_005110,2025-02-23 05:30:00,u_01372,d_1577,ip_2046,m_0203,242.92,0
tx_005111,2025-02-23 05:45:00,u_01731,d_1655,ip_0900,m_0017,122.11,0
tx_005112,2025-02-23 06:00:00,u_02481,d_0043,ip_2034,m_0224,549.66,0
tx_005113,2025-02-23 06:15:00,u_00062,d_0538,ip_0181,m_0264,62.58,0
tx_005114,2025-02-23 06:30:00,u_00595,d_0984,ip_0703,m_0108,94.41,0
tx_005115,2025-02-23 06:45:00,u_00655,d_0578,ip_0664,m_0266,81.38,0
tx_005116,2025-02-23 07:00:00,u_00638,d_1113,ip_1533,m_0209,929.44,0
tx_005117,2025-02-23 07:15:00,u_01159,d_1537,ip_1332,m_0000,122.76,0
tx_005118,2025-02-23 07:30:00,u_02182,d_0464,ip_1039,m_0060,85.79,0
tx_005119,2025-02-23 07:45:00,u_00077,d_1608,ip_0563,m_0192,18.35,0
tx_005120,2025-02-23 08:00:00,u_02039,d_1587,ip_1115,m_0210,59.66,0
tx_005121,2025-02-23 08:15:00,u_01544,d_1645,ip_0591,m_0028,251.61,0
tx_005122,2025-02-23 08:30:00,u_01537,d_0132,ip_1094,m_0205,250.6,0
tx_005123,2025-02-23 08:45:00,u_01695,d_0527,ip_0747,m_0243,77.39,0
tx_005124,2025-02-23 09:00:00,u_00288,d_0223,ip_1954,m_0027,81.81,0
tx_005125,2025-02-23 09:15:00,u_01866,d_0216,ip_1641,m_0263,953.24,0
tx_005126,2025-02-23 09:30:00,u_00620,d_0095,ip_0385,m_0159,2200.37,0
tx_005127,2025-02-23 09:45:00,u_01291,d_0791,ip_2068,m_0184,468.61,0
tx_005128,2025-02-23 10:00:00,u_01692,d_0157,ip_1449,m_0015,705.76,0
tx_005129,2025-02-23 10:15:00,u_01509,d_0532,ip_0770,m_0183,872.55,0
tx_005130,2025-02-23 10:30:00,u_00807,d_1766,ip_1167,m_0136,1359.09,0
tx_005131,2025-02-23 10:45:00,u_00990,d_1590,ip_0430,m_0111,109.74,0
tx_005132,2025-02-23 11:00:00,u_01191,d_1686,ip_0103,m_0234,61.67,0
tx_005133,2025-02-23 11:15:00,u_00103,d_0065,ip_0925,m_0074,928.43,0
tx_005134,2025-02-23 11:30:00,u_01815,d_1189,ip_1720,m_0017,56.58,0
tx_005135,2025-02-23 11:45:00,u_00249,d_1140,ip_0774,m_0149,53.06,0
tx_005136,2025-02-23 12:00:00,u_01146,d_0238,ip_0845,m_0223,54.29,0
tx_005137,2025-02-23 12:15:00,u_01637,d_1631,ip_2178,m_0040,130.14,0
tx_005138,2025-02-23 12:30:00,u_00200,d_0727,ip_2171,m_0295,20.4,0
tx_005139,2025-02-23 12:45:00,u_02488,d_1758,ip_1020,m_0201,35.41,0
tx_005140,2025-02-23 13:00:00,u_00943,d_0205,ip_0097,m_0280,79.65,0
tx_005141,2025-02-23 13:15:00,u_00039,d_1170,ip_1494,m_0141,44.88,0
tx_005142,2025-02-23 13:30:00,u_01646,d_0235,ip_1572,m_0036,429.41,0
tx_005143,2025-02-23 13:45:00,u_01393,d_1709,ip_2010,m_0053,149.4,0
tx_005144,2025-02-23 14:00:00,ring_u_20_13,ring_d_20,ring_ip_20,ring_m_4,3738.55,1
tx_005145,2025-02-23 14:15:00,u_01877,d_0136,ip_1383,m_0176,236.87,0
tx_005146,2025-02-23 14:30:00,u_01189,d_0386,ip_0235,m_0220,120.69,0
tx_005147,2025-02-23 14:45:00,u_02066,d_0646,ip_0548,m_0238,398.67,0
tx_005148,2025-02-23 15:00:00,u_00925,d_0023,ip_1576,m_0228,233.26,0
tx_005149,2025-02-23 15:15:00,u_01363,d_0015,ip_1336,m_0176,107.94,0
tx_005150,2025-02-23 15:30:00,u_00396,d_1665,ip_0959,m_0005,27.55,0
tx_005151,2025-02-23 15:45:00,u_01549,d_1766,ip_0884,m_0158,249.8,0
tx_005152,2025-02-23 16:00:00,u_00653,d_0965,ip_1561,m_0245,42.04,0
tx_005153,2025-02-23 16:15:00,u_01741,d_1624,ip_0929,m_0254,217.08,0
tx_005154,2025-02-23 16:30:00,u_02002,d_1179,ip_0340,m_0250,160.6,0
tx_005155,2025-02-23 16:45:00,u_02147,d_0050,ip_2154,m_0003,38.08,0
tx_005156,2025-02-23 17:00:00,u_02322,d_1286,ip_0768,m_0130,192.17,0
tx_005157,2025-02-23 17:15:00,u_00305,d_0032,ip_0612,m_0185,179.71,0
tx_005158,2025-02-23 17:30:00,u_00344,d_1469,ip_0152,m_0074,180.36,0
tx_005159,2025-02-23 17:45:00,u_02315,d_0660,ip_1031,m_0122,171.91,0
tx_005160,2025-02-23 18:00:00,u_00952,d_0254,ip_2169,m_0029,77.29,0
tx_005161,2025-02-23 18:15:00,u_00065,d_0465,ip_0351,m_0058,268.17,0
tx_005162,2025-02-23 18:30:00,u_00717,d_1230,ip_0538,m_0001,74.62,0
tx_005163,2025-02-23 18:45:00,u_02090,d_1524,ip_0392,m_0293,50.67,0
tx_005164,2025-02-23 19:00:00,u_00887,d_1027,ip_0206,m_0257,291.38,0
tx_005165,2025-02-23 19:15:00,u_00191,d_0288,ip_1327,m_0121,378.58,0
tx_005166,2025-02-23 19:30:00,u_01805,d_1620,ip_0656,m_0001,272.11,0
tx_005167,2025-02-23 19:45:00,u_00486,d_1423,ip_1652,m_0100,120.64,0
tx_005168,2025-02-23 20:00:00,u_00882,d_0737,ip_0881,m_0130,21.34,0
tx_005169,2025-02-23 20:15:00,u_00009,d_0998,ip_1400,m_0050,653.07,0
tx_005170,2025-02-23 20:30:00,u_01504,d_1735,ip_0196,m_0198,21.01,0
tx_005171,2025-02-23 20:45:00,u_01113,d_0679,ip_0724,m_0299,266.68,0
tx_005172,2025-02-23 21:00:00,u_02167,d_0046,ip_0910,m_0253,1224.44,0
tx_005173,2025-02-23 21:15:00,u_00835,d_0262,ip_0131,m_0256,172.34,0
tx_005174,2025-02-23 21:30:00,u_00511,d_1080,ip_0922,m_0249,198.59,0
tx_005175,2025-02-23 21:45:00,u_00414,d_1795,ip_1034,m_0020,216.87,0
tx_005176,2025-02-23 22:00:00,u_00500,d_1331,ip_0888,m_0165,180.94,0
tx_005177,2025-02-23 22:15:00,u_01127,d_1112,ip_1109,m_0169,1557.15,0
tx_005178,2025-02-23 22:30:00,u_00217,d_0581,ip_1753,m_0030,63.87,0
tx_005179,2025-02-23 22:45:00,u_01005,d_0790,ip_1695,m_0044,56.33,0
tx_005180,2025-02-23 23:00:00,u_02136,d_0069,ip_0031,m_0169,106.96,0
tx_005181,2025-02-23 23:15:00,u_01919,d_0668,ip_1408,m_0214,846.26,0
tx_005182,2025-02-23 23:30:00,u_01593,d_1122,ip_1988,m_0062,83.36,0
tx_005183,2025-02-23 23:45:00,u_02232,d_1630,ip_1916,m_0145,228.22,0
tx_005184,2025-02-24 00:00:00,u_01950,d_1660,ip_0711,m_0022,433.12,0
tx_005185,2025-02-24 00:15:00,u_01631,d_1478,ip_1722,m_0033,323.43,0
tx_005186,2025-02-24 00:30:00,u_02157,d_0038,ip_1762,m_0174,410.79,0
tx_005187,2025-02-24 00:45:00,u_00311,d_1460,ip_0804,m_0167,612.77,0
tx_005188,2025-02-24 01:00:00,ring_u_21_3,ring_d_21,ring_ip_21,ring_m_5,99.21,1
tx_005189,2025-02-24 01:15:00,u_00738,d_1109,ip_1390,m_0273,93.97,0
tx_005190,2025-02-24 01:30:00,u_01832,d_1703,ip_1652,m_0056,171.95,0
tx_005191,2025-02-24 01:45:00,u_02283,d_1598,ip_1644,m_0102,105.74,0
tx_005192,2025-02-24 02:00:00,u_01240,d_1195,ip_1718,m_0256,1847.43,0
tx_005193,2025-02-24 02:15:00,u_00221,d_0538,ip_2105,m_0015,87.12,0
tx_005194,2025-02-24 02:30:00,u_00925,d_0937,ip_1886,m_0248,240.6,0
tx_005195,2025-02-24 02:45:00,u_01017,d_1266,ip_0929,m_0283,33.09,0
tx_005196,2025-02-24 03:00:00,u_02341,d_0925,ip_1236,m_0029,169.49,0
tx_005197,2025-02-24 03:15:00,u_02356,d_0728,ip_1426,m_0042,111.37,0
tx_005198,2025-02-24 03:30:00,u_01421,d_0725,ip_1884,m_0205,291.69,0
tx_005199,2025-02-24 03:45:00,u_02376,d_1079,ip_0863,m_0142,299.39,0
tx_005200,2025-02-24 04:00:00,u_01090,d_0064,ip_0688,m_0296,612.16,0
tx_005201,2025-02-24 04:15:00,u_01028,d_1796,ip_1623,m_0163,565.42,0
tx_005202,2025-02-24 04:30:00,u_02091,d_0183,ip_2099,m_0196,138.89,0
tx_005203,2025-02-24 04:45:00,u_01668,d_1772,ip_2006,m_0071,57.72,0
tx_005204,2025-02-24 05:00:00,u_01305,d_0063,ip_0325,m_0097,64.9,0
tx_005205,2025-02-24 05:15:00,u_01141,d_0922,ip_2022,m_0053,200.89,0
tx_005206,2025-02-24 05:30:00,u_01764,d_0751,ip_1736,m_0044,173.78,0
tx_005207,2025-02-24 05:45:00,u_01883,d_1032,ip_0345,m_0033,192.08,0
tx_005208,2025-02-24 06:00:00,u_01226,d_0780,ip_0014,m_0267,86.91,0
tx_005209,2025-02-24 06:15:00,u_00078,d_1615,ip_0449,m_0020,624.68,0
tx_005210,2025-02-24 06:30:00,u_00254,d_0029,ip_2044,m_0154,34.03,0
tx_005211,2025-02-24 06:45:00,u_00360,d_1774,ip_1660,m_0152,82.23,0
tx_005212,2025-02-24 07:00:00,u_01155,d_1240,ip_1265,m_0016,50.55,0
tx_005213,2025-02-24 07:15:00,u_01535,d_1401,ip_1388,m_0252,120.42,0
tx_005214,2025-02-24 07:30:00,u_02009,d_0251,ip_0909,m_0150,516.24,0
tx_005215,2025-02-24 07:45:00,u_00581,d_0117,ip_1991,m_0038,111.3,0
tx_005216,2025-02-24 08:00:00,u_01966,d_0714,ip_0343,m_0038,164.26,0
tx_005217,2025-02-24 08:15:00,u_01665,d_0580,ip_0690,m_0210,288.37,0
tx_005218,2025-02-24 08:30:00,u_00129,d_1409,ip_0441,m_0185,106.13,0
tx_005219,2025-02-24 08:45:00,u_00878,d_1613,ip_1865,m_0123,217.59,0
tx_005220,2025-02-24 09:00:00,u_00756,d_0769,ip_1188,m_0121,190.71,0
tx_005221,2025-02-24 09:15:00,u_02216,d_1383,ip_1504,m_0010,47.9,0
tx_005222,2025-02-24 09:30:00,u_02302,d_0107,ip_2022,m_0009,93.29,0
tx_005223,2025-02-24 09:45:00,u_02048,d_1336,ip_0430,m_0160,211.58,0
tx_005224,2025-02-24 10:00:00,u_01320,d_0178,ip_2121,m_0109,534.96,0
tx_005225,2025-02-24 10:15:00,u_01232,d_1202,ip_0278,m_0075,534.46,0
tx_005226,2025-02-24 10:30:00,u_00778,d_0687,ip_1659,m_0113,1206.51,0
tx_005227,2025-02-24 10:45:00,u_01932,d_0747,ip_1545,m_0181,241.16,0
tx_005228,2025-02-24 11:00:00,u_00215,d_0497,ip_1815,m_0087,98.17,0
tx_005229,2025-02-24 11:15:00,u_00677,d_0725,ip_0348,m_0104,139.22,0
tx_005230,2025-02-24 11:30:00,u_00338,d_1573,ip_2111,m_0084,132.45,0
tx_005231,2025-02-24 11:45:00,u_01235,d_1456,ip_1747,m_0199,98.7,0
tx_005232,2025-02-24 12:00:00,u_00749,d_0612,ip_0243,m_0016,217.66,0
tx_005233,2025-02-24 12:15:00,u_00493,d_0528,ip_1225,m_0275,228.03,0
tx_005234,2025-02-24 12:30:00,u_00941,d_0916,ip_1797,m_0166,45.89,0
tx_005235,2025-02-24 12:45:00,ring_u_1_12,ring_d_1,ring_ip_1,ring_m_1,519.11,1
tx_005236,2025-02-24 13:00:00,u_01395,d_0328,ip_0837,m_0227,23.65,0
tx_005237,2025-02-24 13:15:00,u_02057,d_1307,ip_0606,m_0281,118.81,0
tx_005238,2025-02-24 13:30:00,u_02284,d_1707,ip_1135,m_0017,468.4,0
tx_005239,2025-02-24 13:45:00,u_02255,d_1520,ip_2164,m_0061,272.43,0
tx_005240,2025-02-24 14:00:00,u_00877,d_0986,ip_1336,m_0043,103.86,0
tx_005241,2025-02-24 14:15:00,u_02193,d_0575,ip_1588,m_0021,1062.97,0
tx_005242,2025-02-24 14:30:00,u_02273,d_0582,ip_1715,m_0221,95.58,0
tx_005243,2025-02-24 14:45:00,u_02398,d_1335,ip_1711,m_0057,20.05,0
tx_005244,2025-02-24 15:00:00,u_00877,d_0818,ip_0880,m_0115,233.4,0
tx_005245,2025-02-24 15:15:00,u_00570,d_0191,ip_1691,m_0244,25.07,0
tx_005246,2025-02-24 15:30:00,u_01460,d_1219,ip_0721,m_0183,64.62,0
tx_005247,2025-02-24 15:45:00,u_02329,d_0248,ip_1284,m_0203,276.65,0
tx_005248,2025-02-24 16:00:00,u_02251,d_1776,ip_0665,m_0029,93.61,0
tx_005249,2025-02-24 16:15:00,u_01428,d_0751,ip_2067,m_0291,265.23,0
tx_005250,2025-02-24 16:30:00,u_00373,d_0615,ip_1606,m_0024,46.61,0
tx_005251,2025-02-24 16:45:00,u_01056,d_0099,ip_1284,m_0212,350.19,0
tx_005252,2025-02-24 17:00:00,u_01785,d_0301,ip_0993,m_0191,27.36,0
tx_005253,2025-02-24 17:15:00,u_01400,d_1705,ip_1144,m_0123,554.81,0
tx_005254,2025-02-24 17:30:00,u_00863,d_0966,ip_1715,m_0251,92.26,0
tx_005255,2025-02-24 17:45:00,ring_u_2_17,ring_d_2,ring_ip_2,ring_m_2,4323.34,1
tx_005256,2025-02-24 18:00:00,u_00149,d_1720,ip_1822,m_0021,64.04,0
tx_005257,2025-02-24 18:15:00,u_00721,d_0088,ip_0619,m_0287,1017.16,0
tx_005258,2025-02-24 18:30:00,u_01673,d_0685,ip_0311,m_0072,56.96,0
tx_005259,2025-02-24 18:45:00,u_00603,d_1508,ip_1621,m_0237,24.68,0
tx_005260,2025-02-24 19:00:00,u_02483,d_0892,ip_1558,m_0246,154.95,0
tx_005261,2025-02-24 19:15:00,u_00206,d_0915,ip_0736,m_0166,509.78,0
tx_005262,2025-02-24 19:30:00,u_01471,d_1026,ip_1427,m_0258,327.27,0
tx_005263,2025-02-24 19:45:00,u_01241,d_1263,ip_1603,m_0247,474.84,0
tx_005264,2025-02-24 20:00:00,u_02083,d_1689,ip_1733,m_0156,333.79,0
tx_005265,2025-02-24 20:15:00,u_02219,d_1596,ip_2095,m_0053,65.35,0
tx_005266,2025-02-24 20:30:00,u_01358,d_1125,ip_1879,m_0130,319.39,0
tx_005267,2025-02-24 20:45:00,u_01575,d_1038,ip_0966,m_0270,162.85,0
tx_005268,2025-02-24 21:00:00,u_01747,d_0649,ip_0506,m_0060,72.99,0
tx_005269,2025-02-24 21:15:00,u_01302,d_0209,ip_0214,m_0299,177.57,0
tx_005270,2025-02-24 21:30:00,u_00462,d_1276,ip_1262,m_0054,140.28,0
tx_005271,2025-02-24 21:45:00,u_01071,d_0004,ip_1466,m_0199,611.55,0
tx_005272,2025-02-24 22:00:00,u_00603,d_1256,ip_1519,m_0192,88.69,0
tx_005273,2025-02-24 22:15:00,u_01161,d_0894,ip_0020,m_0058,84.64,0
tx_005274,2025-02-24 22:30:00,u_01537,d_1415,ip_1542,m_0141,73.8,0
tx_005275,2025-02-24 22:45:00,u_00523,d_1708,ip_1731,m_0043,989.15,0
tx_005276,2025-02-24 23:00:00,u_00623,d_0995,ip_1587,m_0109,78.05,0
tx_005277,2025-02-24 23:15:00,u_02057,d_1030,ip_1156,m_0287,542.85,0
tx_005278,2025-02-24 23:30:00,u_00944,d_0877,ip_0033,m_0016,52.91,0
tx_005279,2025-02-24 23:45:00,ring_u_11_10,ring_d_11,ring_ip_11,ring_m_3,3047.18,1
tx_005280,2025-02-25 00:00:00,u_01782,d_0159,ip_1418,m_0203,192.97,0
tx_005281,2025-02-25 00:15:00,u_01791,d_0055,ip_1252,m_0224,509.47,0
tx_005282,2025-02-25 00:30:00,u_02065,d_1301,ip_1264,m_0084,440.71,0
tx_005283,2025-02-25 00:45:00,u_01899,d_1646,ip_1136,m_0284,161.08,0
tx_005284,2025-02-25 01:00:00,u_02479,d_0096,ip_1214,m_0076,86.74,0
tx_005285,2025-02-25 01:15:00,u_01437,d_0588,ip_0712,m_0151,753.68,0
tx_005286,2025-02-25 01:30:00,u_00717,d_1094,ip_1330,m_0011,78.5,0
tx_005287,2025-02-25 01:45:00,u_02157,d_1268,ip_0619,m_0266,15.37,0
tx_005288,2025-02-25 02:00:00,u_00662,d_1323,ip_1081,m_0211,23.14,0
tx_005289,2025-02-25 02:15:00,u_00727,d_1249,ip_0913,m_0048,29.52,0
tx_005290,2025-02-25 02:30:00,u_02071,d_0150,ip_1571,m_0198,269.26,0
tx_005291,2025-02-25 02:45:00,u_02204,d_0456,ip_1968,m_0054,1358.95,0
tx_005292,2025-02-25 03:00:00,u_00848,d_0844,ip_1393,m_0133,19.3,0
tx_005293,2025-02-25 03:15:00,u_01823,d_0114,ip_0297,m_0153,67.86,0
tx_005294,2025-02-25 03:30:00,u_02305,d_0617,ip_1468,m_0279,162.23,0
tx_005295,2025-02-25 03:45:00,u_01996,d_0693,ip_0714,m_0099,696.11,0
tx_005296,2025-02-25 04:00:00,u_00012,d_1760,ip_0108,m_0003,67.5,0
tx_005297,2025-02-25 04:15:00,u_01661,d_0570,ip_0423,m_0129,267.95,0
tx_005298,2025-02-25 04:30:00,u_00424,d_1748,ip_2198,m_0277,115.57,0
tx_005299,2025-02-25 04:45:00,u_02115,d_1260,ip_0939,m_0239,2012.56,0
tx_005300,2025-02-25 05:00:00,u_00167,d_1246,ip_0443,m_0017,171.49,0
tx_005301,2025-02-25 05:15:00,u_02482,d_1475,ip_0293,m_0016,211.81,0
tx_005302,2025-02-25 05:30:00,u_00443,d_1516,ip_1430,m_0227,161.46,0
tx_005303,2025-02-25 05:45:00,u_01050,d_0400,ip_1673,m_0216,98.03,0
tx_005304,2025-02-25 06:00:00,u_00585,d_0757,ip_0776,m_0167,383.7,0
tx_005305,2025-02-25 06:15:00,u_02034,d_0950,ip_0227,m_0026,46.57,0
tx_005306,2025-02-25 06:30:00,ring_u_12_17,ring_d_12,ring_ip_12,ring_m_4,59.6,1
tx_005307,2025-02-25 06:45:00,u_01861,d_0073,ip_1463,m_0254,127.72,0
tx_005308,2025-02-25 07:00:00,u_00168,d_0858,ip_0250,m_0041,335.48,0
tx_005309,2025-02-25 07:15:00,u_01132,d_0385,ip_0588,m_0060,83.03,0
tx_005310,2025-02-25 07:30:00,u_02277,d_0372,ip_0004,m_0135,178.84,0
tx_005311,2025-02-25 07:45:00,u_02317,d_1371,ip_1038,m_0220,43.79,0
tx_005312,2025-02-25 08:00:00,u_00521,d_0363,ip_0375,m_0248,429.52,0
tx_005313,2025-02-25 08:15:00,u_00986,d_1428,ip_0439,m_0177,284.83,0
tx_005314,2025-02-25 08:30:00,u_01022,d_1789,ip_0248,m_0147,151.37,0
tx_005315,2025-02-25 08:45:00,u_01413,d_1397,ip_1606,m_0115,175.69,0
tx_005316,2025-02-25 09:00:00,ring_u_10_8,ring_d_10,ring_ip_10,ring_m_2,706.26,1
tx_005317,2025-02-25 09:15:00,u_00264,d_0256,ip_2086,m_0080,38.52,0
tx_005318,2025-02-25 09:30:00,u_01906,d_0786,ip_0869,m_0064,131.37,0
tx_005319,2025-02-25 09:45:00,ring_u_3_3,ring_d_3,ring_ip_3,ring_m_3,115.28,1
tx_005320,2025-02-25 10:00:00,u_00787,d_1401,ip_0449,m_0223,260.96,0
tx_005321,2025-02-25 10:15:00,u_02101,d_0760,ip_2096,m_0106,103.24,0
tx_005322,2025-02-25 10:30:00,u_01724,d_0300,ip_1297,m_0152,312.74,0
tx_005323,2025-02-25 10:45:00,u_00991,d_1784,ip_0715,m_0060,614.49,0
tx_005324,2025-02-25 11:00:00,u_02281,d_1628,ip_1439,m_0177,135.82,0
tx_005325,2025-02-25 11:15:00,u_00985,d_1177,ip_1227,m_0040,202.28,0
tx_005326,2025-02-25 11:30:00,u_01413,d_1251,ip_0252,m_0203,120.56,0
tx_005327,2025-02-25 11:45:00,u_00614,d_1683,ip_1543,m_0221,130.8,0
tx_005328,2025-02-25 12:00:00,u_00457,d_0854,ip_0262,m_0093,175.84,0
tx_005329,2025-02-25 12:15:00,u_01229,d_0261,ip_0438,m_0063,815.06,0
tx_005330,2025-02-25 12:30:00,u_01407,d_1090,ip_1569,m_0234,370.66,0
tx_005331,2025-02-25 12:45:00,u_02014,d_0811,ip_0978,m_0066,338.72,0
tx_005332,2025-02-25 13:00:00,ring_u_21_1,ring_d_21,ring_ip_21,ring_m_5,112.03,1
tx_005333,2025-02-25 13:15:00,u_02237,d_1388,ip_0149,m_0102,60.45,0
tx_005334,2025-02-25 13:30:00,u_01518,d_0848,ip_1306,m_0289,219.1,0
tx_005335,2025-02-25 13:45:00,u_00175,d_0662,ip_1533,m_0138,514.78,0
tx_005336,2025-02-25 14:00:00,u_01847,d_0759,ip_0446,m_0078,831.64,0
tx_005337,2025-02-25 14:15:00,u_01437,d_1138,ip_0916,m_0154,12.77,0
tx_005338,2025-02-25 14:30:00,u_00973,d_1146,ip_0757,m_0104,1713.66,0
tx_005339,2025-02-25 14:45:00,u_01168,d_0921,ip_1961,m_0199,225.2,0
tx_005340,2025-02-25 15:00:00,u_00754,d_0957,ip_1739,m_0131,368.31,0
tx_005341,2025-02-25 15:15:00,u_01535,d_1785,ip_0602,m_0176,26.05,0
tx_005342,2025-02-25 15:30:00,u_01417,d_0456,ip_1129,m_0130,117.11,0
tx_005343,2025-02-25 15:45:00,u_01118,d_0312,ip_2031,m_0144,337.93,0
tx_005344,2025-02-25 16:00:00,u_00712,d_1438,ip_0760,m_0134,45.84,0
tx_005345,2025-02-25 16:15:00,u_00996,d_1683,ip_0310,m_0118,8.26,0
tx_005346,2025-02-25 16:30:00,u_01244,d_1095,ip_0656,m_0289,207.58,0
tx_005347,2025-02-25 16:45:00,ring_u_20_15,ring_d_20,ring_ip_20,ring_m_4,3469.98,1
tx_005348,2025-02-25 17:00:00,u_00773,d_0627,ip_2183,m_0241,627.24,0
tx_005349,2025-02-25 17:15:00,u_01454,d_0842,ip_0677,m_0212,126.48,0
tx_005350,2025-02-25 17:30:00,u_00566,d_0094,ip_0128,m_0158,136.09,0
tx_005351,2025-02-25 17:45:00,u_01252,d_0951,ip_0399,m_0095,298.17,0
tx_005352,2025-02-25 18:00:00,u_00303,d_0485,ip_0907,m_0145,417.18,0
tx_005353,2025-02-25 18:15:00,u_01180,d_0477,ip_0206,m_0254,73.06,0
tx_005354,2025-02-25 18:30:00,u_01959,d_1008,ip_0076,m_0054,381.65,0
tx_005355,2025-02-25 18:45:00,u_02044,d_1734,ip_1442,m_0175,88.08,0
tx_005356,2025-02-25 19:00:00,u_01736,d_0370,ip_1813,m_0229,150.89,0
tx_005357,2025-02-25 19:15:00,u_01864,d_1640,ip_0512,m_0190,290.26,0
tx_005358,2025-02-25 19:30:00,u_00164,d_0934,ip_1149,m_0043,345.55,0
tx_005359,2025-02-25 19:45:00,u_00853,d_1751,ip_1260,m_0152,204.04,0
tx_005360,2025-02-25 20:00:00,u_01635,d_0687,ip_1468,m_0054,50.37,0
tx_005361,2025-02-25 20:15:00,u_02001,d_1794,ip_2154,m_0278,22.87,0
tx_005362,2025-02-25 20:30:00,u_01457,d_1187,ip_1947,m_0105,122.98,0
tx_005363,2025-02-25 20:45:00,u_02134,d_1205,ip_0695,m_0126,392.01,0
tx_005364,2025-02-25 21:00:00,u_00682,d_1013,ip_2146,m_0257,232.69,0
tx_005365,2025-02-25 21:15:00,u_00383,d_0813,ip_0076,m_0128,189.05,0
tx_005366,2025-02-25 21:30:00,u_00215,d_0945,ip_2116,m_0058,147.37,0
tx_005367,2025-02-25 21:45:00,u_01456,d_1531,ip_0314,m_0267,202.17,0
tx_005368,2025-02-25 22:00:00,u_01662,d_1426,ip_0250,m_0194,54.92,0
tx_005369,2025-02-25 22:15:00,u_00713,d_0042,ip_0262,m_0181,323.82,0
tx_005370,2025-02-25 22:30:00,u_01959,d_1250,ip_0268,m_0022,345.95,0
tx_005371,2025-02-25 22:45:00,u_01847,d_1501,ip_1019,m_0134,104.04,0
tx_005372,2025-02-25 23:00:00,u_00900,d_1339,ip_1408,m_0137,229.75,0
tx_005373,2025-02-25 23:15:00,u_00596,d_0895,ip_1638,m_0078,26.67,0
tx_005374,2025-02-25 23:30:00,u_01855,d_0603,ip_0034,m_0169,177.69,0
tx_005375,2025-02-25 23:45:00,u_01678,d_1211,ip_0652,m_0073,129.91,0
tx_005376,2025-02-26 00:00:00,u_00426,d_1194,ip_0291,m_0141,522.82,0
tx_005377,2025-02-26 00:15:00,u_00637,d_0673,ip_0320,m_0240,121.68,0
tx_005378,2025-02-26 00:30:00,u_01214,d_0731,ip_1642,m_0220,353.78,0
tx_005379,2025-02-26 00:45:00,u_01277,d_0663,ip_1409,m_0083,100.37,0
tx_005380,2025-02-26 01:00:00,u_00414,d_0080,ip_0461,m_0062,15.09,0
tx_005381,2025-02-26 01:15:00,u_02371,d_0057,ip_0662,m_0001,118.45,0
tx_005382,2025-02-26 01:30:00,u_00971,d_0149,ip_2034,m_0103,180.69,0
tx_005383,2025-02-26 01:45:00,u_00953,d_0762,ip_1265,m_0005,172.58,0
tx_005384,2025-02-26 02:00:00,u_00151,d_0918,ip_0525,m_0038,175.2,0
tx_005385,2025-02-26 02:15:00,u_02189,d_0735,ip_2054,m_0293,89.44,0
tx_005386,2025-02-26 02:30:00,u_00587,d_1719,ip_0436,m_0256,107.37,0
tx_005387,2025-02-26 02:45:00,u_02467,d_0404,ip_0640,m_0167,48.12,0
tx_005388,2025-02-26 03:00:00,u_01240,d_0707,ip_1524,m_0232,20.15,0
tx_005389,2025-02-26 03:15:00,u_02187,d_0445,ip_1127,m_0146,133.43,0
tx_005390,2025-02-26 03:30:00,u_00447,d_0539,ip_0152,m_0180,70.44,0
tx_005391,2025-02-26 03:45:00,u_00414,d_1051,ip_1774,m_0275,436.96,0
tx_005392,2025-02-26 04:00:00,u_02002,d_0557,ip_0501,m_0023,16.74,0
tx_005393,2025-02-26 04:15:00,u_02049,d_0571,ip_1521,m_0105,198.55,0
tx_005394,2025-02-26 04:30:00,u_01357,d_1207,ip_0735,m_0035,1238.29,0
tx_005395,2025-02-26 04:45:00,u_00080,d_1494,ip_1653,m_0238,123.61,0
tx_005396,2025-02-26 05:00:00,u_02359,d_0382,ip_1975,m_0246,148.01,0
tx_005397,2025-02-26 05:15:00,u_00983,d_0200,ip_1699,m_0216,227.32,0
tx_005398,2025-02-26 05:30:00,ring_u_23_1,ring_d_23,ring_ip_23,ring_m_7,2807.32,1
tx_005399,2025-02-26 05:45:00,u_02176,d_1039,ip_1187,m_0143,98.64,0
tx_005400,2025-02-26 06:00:00,u_02128,d_1727,ip_0143,m_0007,54.15,0
tx_005401,2025-02-26 06:15:00,ring_u_10_0,ring_d_10,ring_ip_10,ring_m_2,741.88,1
tx_005402,2025-02-26 06:30:00,u_01683,d_0076,ip_1014,m_0268,22.02,0
tx_005403,2025-02-26 06:45:00,ring_u_14_12,ring_d_14,ring_ip_14,ring_m_6,4281.51,1
tx_005404,2025-02-26 07:00:00,u_00061,d_1783,ip_0547,m_0102,100.3,0
tx_005405,2025-02-26 07:15:00,u_00969,d_0994,ip_1534,m_0060,148.87,0
tx_005406,2025-02-26 07:30:00,u_01826,d_1664,ip_0971,m_0196,87.74,0
tx_005407,2025-02-26 07:45:00,u_02030,d_1156,ip_1474,m_0005,620.72,0
tx_005408,2025-02-26 08:00:00,u_01398,d_0056,ip_0923,m_0018,190.38,0
tx_005409,2025-02-26 08:15:00,u_01773,d_0769,ip_0840,m_0246,107.58,0
tx_005410,2025-02-26 08:30:00,u_00054,d_1386,ip_0471,m_0287,104.6,0
tx_005411,2025-02-26 08:45:00,u_01171,d_0917,ip_1822,m_0121,127.98,0
tx_005412,2025-02-26 09:00:00,u_01269,d_0350,ip_0151,m_0152,1630.99,0
tx_005413,2025-02-26 09:15:00,u_02231,d_0325,ip_0519,m_0163,39.76,0
tx_005414,2025-02-26 09:30:00,u_00777,d_1194,ip_0938,m_0041,438.29,0
tx_005415,2025-02-26 09:45:00,u_00574,d_0833,ip_0342,m_0066,261.94,0
tx_005416,2025-02-26 10:00:00,u_00880,d_1033,ip_2016,m_0089,692.16,0
tx_005417,2025-02-26 10:15:00,u_00425,d_0671,ip_0759,m_0252,278.4,0
tx_005418,2025-02-26 10:30:00,u_01396,d_0610,ip_0533,m_0131,148.91,0
tx_005419,2025-02-26 10:45:00,u_01607,d_1199,ip_0558,m_0216,411.59,0
tx_005420,2025-02-26 11:00:00,u_02002,d_0013,ip_0421,m_0058,186.75,0
tx_005421,2025-02-26 11:15:00,u_02429,d_0782,ip_1459,m_0286,315.75,0
tx_005422,2025-02-26 11:30:00,u_00184,d_0667,ip_1058,m_0265,619.07,0
tx_005423,2025-02-26 11:45:00,u_00618,d_1402,ip_0508,m_0142,162.8,0
tx_005424,2025-02-26 12:00:00,u_00751,d_1311,ip_1921,m_0067,97.09,0
tx_005425,2025-02-26 12:15:00,u_00624,d_0766,ip_1444,m_0292,77.96,0
tx_005426,2025-02-26 12:30:00,u_02068,d_0472,ip_0886,m_0242,232.88,0
tx_005427,2025-02-26 12:45:00,u_00348,d_0424,ip_1129,m_0153,61.67,0
tx_005428,2025-02-26 13:00:00,u_00074,d_0380,ip_1443,m_0080,104.61,0
tx_005429,2025-02-26 13:15:00,u_02151,d_0492,ip_0335,m_0186,56.4,0
tx_005430,2025-02-26 13:30:00,ring_u_8_0,ring_d_8,ring_ip_8,ring_m_0,3201.22,1
tx_005431,2025-02-26 13:45:00,u_00565,d_0081,ip_0568,m_0202,69.95,0
tx_005432,2025-02-26 14:00:00,u_00832,d_0047,ip_0065,m_0249,40.99,0
tx_005433,2025-02-26 14:15:00,u_01257,d_0971,ip_1147,m_0146,48.87,0
tx_005434,2025-02-26 14:30:00,u_01314,d_0402,ip_1928,m_0014,83.84,0
tx_005435,2025-02-26 14:45:00,u_02477,d_1495,ip_1612,m_0168,91.81,0
tx_005436,2025-02-26 15:00:00,u_01010,d_1353,ip_0678,m_0257,190.84,0
tx_005437,2025-02-26 15:15:00,u_00030,d_1384,ip_0876,m_0066,126.26,0
tx_005438,2025-02-26 15:30:00,u_01056,d_0822,ip_1311,m_0287,214.93,0
tx_005439,2025-02-26 15:45:00,u_01391,d_0788,ip_0512,m_0108,232.9,0
tx_005440,2025-02-26 16:00:00,u_01292,d_0766,ip_1804,m_0205,311.22,0
tx_005441,2025-02-26 16:15:00,u_01280,d_0353,ip_0649,m_0210,22.02,0
tx_005442,2025-02-26 16:30:00,u_02306,d_1021,ip_0476,m_0054,48.08,0
tx_005443,2025-02-26 16:45:00,u_02018,d_1554,ip_0209,m_0011,258.5,0
tx_005444,2025-02-26 17:00:00,u_00629,d_0461,ip_1525,m_0284,183.35,0
tx_005445,2025-02-26 17:15:00,u_00888,d_0102,ip_0055,m_0210,394.23,0
tx_005446,2025-02-26 17:30:00,u_01668,d_1016,ip_1772,m_0189,31.69,0
tx_005447,2025-02-26 17:45:00,u_01025,d_0718,ip_2140,m_0091,92.28,0
tx_005448,2025-02-26 18:00:00,u_01071,d_1435,ip_0244,m_0032,110.35,0
tx_005449,2025-02-26 18:15:00,ring_u_12_6,ring_d_12,ring_ip_12,ring_m_4,147.35,1
tx_005450,2025-02-26 18:30:00,u_00635,d_1711,ip_2055,m_0164,153.83,0
tx_005451,2025-02-26 18:45:00,u_01852,d_0707,ip_0274,m_0208,237.24,0
tx_005452,2025-02-26 19:00:00,u_02107,d_1623,ip_0896,m_0095,132.34,0
tx_005453,2025-02-26 19:15:00,u_01961,d_0212,ip_1916,m_0064,585.42,0
tx_005454,2025-02-26 19:30:00,u_00769,d_0670,ip_0305,m_0074,805.3,0
tx_005455,2025-02-26 19:45:00,u_00341,d_0478,ip_1459,m_0288,48.53,0
tx_005456,2025-02-26 20:00:00,u_00399,d_1661,ip_0841,m_0189,155.26,0
tx_005457,2025-02-26 20:15:00,u_00983,d_1080,ip_0959,m_0297,329.64,0
tx_005458,2025-02-26 20:30:00,u_01294,d_0658,ip_2048,m_0001,266.49,0
tx_005459,2025-02-26 20:45:00,u_02232,d_0273,ip_1427,m_0137,98.71,0
tx_005460,2025-02-26 21:00:00,u_02247,d_1409,ip_0702,m_0137,191.5,0
tx_005461,2025-02-26 21:15:00,u_00006,d_1178,ip_2056,m_0120,30.46,0
tx_005462,2025-02-26 21:30:00,u_01768,d_1535,ip_1277,m_0117,145.6,0
tx_005463,2025-02-26 21:45:00,u_00746,d_0788,ip_0218,m_0023,34.46,0
tx_005464,2025-02-26 22:00:00,u_00494,d_0269,ip_0863,m_0009,246.65,0
tx_005465,2025-02-26 22:15:00,u_01387,d_0601,ip_0536,m_0233,48.62,0
tx_005466,2025-02-26 22:30:00,ring_u_20_3,ring_d_20,ring_ip_20,ring_m_4,3788.14,1
tx_005467,2025-02-26 22:45:00,u_00835,d_0433,ip_1892,m_0048,204.22,0
tx_005468,2025-02-26 23:00:00,u_01380,d_0127,ip_0086,m_0104,160.11,0
tx_005469,2025-02-26 23:15:00,u_00680,d_1481,ip_1717,m_0279,78.89,0
tx_005470,2025-02-26 23:30:00,u_01483,d_0954,ip_2015,m_0140,120.26,0
tx_005471,2025-02-26 23:45:00,u_01150,d_0714,ip_2187,m_0297,483.51,0
tx_005472,2025-02-27 00:00:00,u_01998,d_0995,ip_1454,m_0048,97.07,0
tx_005473,2025-02-27 00:15:00,u_00453,d_1329,ip_0690,m_0036,151.63,0
tx_005474,2025-02-27 00:30:00,u_00142,d_0002,ip_0319,m_0169,85.05,0
tx_005475,2025-02-27 00:45:00,u_01324,d_0792,ip_2078,m_0204,411.75,0
tx_005476,2025-02-27 01:00:00,u_00642,d_0457,ip_0907,m_0294,160.43,0
tx_005477,2025-02-27 01:15:00,u_01766,d_0165,ip_0756,m_0139,69.13,0
tx_005478,2025-02-27 01:30:00,u_00233,d_0064,ip_1614,m_0060,149.47,0
tx_005479,2025-02-27 01:45:00,u_01438,d_0792,ip_1573,m_0162,116.63,0
tx_005480,2025-02-27 02:00:00,u_02474,d_0979,ip_1780,m_0092,597.4,0
tx_005481,2025-02-27 02:15:00,u_00232,d_0913,ip_1942,m_0053,141.93,0
tx_005482,2025-02-27 02:30:00,u_00754,d_1409,ip_1929,m_0026,37.24,0
tx_005483,2025-02-27 02:45:00,u_02111,d_0824,ip_0375,m_0217,244.36,0
tx_005484,2025-02-27 03:00:00,u_01333,d_1061,ip_0373,m_0192,885.44,0
tx_005485,2025-02-27 03:15:00,u_00437,d_1469,ip_0452,m_0049,491.24,0
tx_005486,2025-02-27 03:30:00,u_00532,d_1183,ip_1380,m_0167,49.26,0
tx_005487,2025-02-27 03:45:00,u_01912,d_1639,ip_1278,m_0265,113.44,0
tx_005488,2025-02-27 04:00:00,u_02152,d_0398,ip_1885,m_0245,143.93,0
tx_005489,2025-02-27 04:15:00,u_00901,d_1416,ip_1856,m_0136,145.69,0
tx_005490,2025-02-27 04:30:00,u_01184,d_1254,ip_1789,m_0017,217.23,0
tx_005491,2025-02-27 04:45:00,u_01956,d_1049,ip_0173,m_0190,105.2,0
tx_005492,2025-02-27 05:00:00,u_00442,d_0006,ip_1530,m_0154,59.4,0
tx_005493,2025-02-27 05:15:00,u_00515,d_0974,ip_1871,m_0276,384.44,0
tx_005494,2025-02-27 05:30:00,u_01936,d_1545,ip_2161,m_0165,48.25,0
tx_005495,2025-02-27 05:45:00,u_00466,d_1160,ip_0754,m_0221,66.55,0
tx_005496,2025-02-27 06:00:00,u_01927,d_0009,ip_1708,m_0158,47.95,0
tx_005497,2025-02-27 06:15:00,u_01242,d_0518,ip_0893,m_0162,273.75,0
tx_005498,2025-02-27 06:30:00,u_02475,d_1024,ip_0353,m_0095,165.09,0
tx_005499,2025-02-27 06:45:00,u_00082,d_1461,ip_0747,m_0120,359.07,0
tx_005500,2025-02-27 07:00:00,u_02364,d_0800,ip_0552,m_0088,67.68,0
tx_005501,2025-02-27 07:15:00,u_00563,d_1542,ip_2005,m_0138,42.39,0
tx_005502,2025-02-27 07:30:00,u_00087,d_1432,ip_0386,m_0285,95.21,0
tx_005503,2025-02-27 07:45:00,u_01810,d_0480,ip_0287,m_0102,123.66,0
tx_005504,2025-02-27 08:00:00,u_01331,d_0350,ip_1275,m_0138,182.93,0
tx_005505,2025-02-27 08:15:00,u_02093,d_1625,ip_1263,m_0283,27.59,0
tx_005506,2025-02-27 08:30:00,u_00270,d_1060,ip_1234,m_0045,239.54,0
tx_005507,2025-02-27 08:45:00,u_00201,d_1527,ip_0325,m_0075,60.69,0
tx_005508,2025-02-27 09:00:00,u_01418,d_1659,ip_1096,m_0147,77.68,0
tx_005509,2025-02-27 09:15:00,u_02205,d_0764,ip_2042,m_0122,479.96,0
tx_005510,2025-02-27 09:30:00,u_01014,d_0082,ip_0197,m_0102,16.72,0
tx_005511,2025-02-27 09:45:00,u_01993,d_1636,ip_1755,m_0233,204.9,0
tx_005512,2025-02-27 10:00:00,u_02265,d_1050,ip_0276,m_0149,204.12,0
tx_005513,2025-02-27 10:15:00,u_02174,d_0216,ip_0514,m_0109,65.45,0
tx_005514,2025-02-27 10:30:00,u_01271,d_0953,ip_1975,m_0143,94.92,0
tx_005515,2025-02-27 10:45:00,u_01746,d_0050,ip_0655,m_0265,503.23,0
tx_005516,2025-02-27 11:00:00,u_01314,d_0521,ip_1149,m_0295,1056.72,0
tx_005517,2025-02-27 11:15:00,u_01685,d_0626,ip_0839,m_0072,430.4,0
tx_005518,2025-02-27 11:30:00,u_01417,d_0817,ip_1351,m_0012,978.35,0
tx_005519,2025-02-27 11:45:00,u_01312,d_1017,ip_0891,m_0009,74.34,0
tx_005520,2025-02-27 12:00:00,u_01092,d_1510,ip_0976,m_0133,30.57,0
tx_005521,2025-02-27 12:15:00,u_01631,d_0632,ip_1798,m_0188,140.81,0
tx_005522,2025-02-27 12:30:00,u_01877,d_1323,ip_1219,m_0015,331.91,0
tx_005523,2025-02-27 12:45:00,u_02297,d_1695,ip_1241,m_0152,23.23,0
tx_005524,2025-02-27 13:00:00,u_01533,d_1347,ip_1772,m_0119,58.76,0
tx_005525,2025-02-27 13:15:00,u_00251,d_0458,ip_0941,m_0279,65.67,0
tx_005526,2025-02-27 13:30:00,u_01468,d_1219,ip_1811,m_0181,212.0,0
tx_005527,2025-02-27 13:45:00,u_00789,d_0506,ip_1582,m_0126,186.35,0
tx_005528,2025-02-27 14:00:00,ring_u_16_14,ring_d_16,ring_ip_16,ring_m_0,974.46,1
tx_005529,2025-02-27 14:15:00,u_00181,d_1142,ip_1007,m_0040,177.65,0
tx_005530,2025-02-27 14:30:00,ring_u_18_3,ring_d_18,ring_ip_18,ring_m_2,134.34,1
tx_005531,2025-02-27 14:45:00,u_02362,d_0006,ip_0282,m_0098,96.89,0
tx_005532,2025-02-27 15:00:00,u_01263,d_1506,ip_0244,m_0054,41.9,0
tx_005533,2025-02-27 15:15:00,u_01113,d_1309,ip_0236,m_0117,127.71,0
tx_005534,2025-02-27 15:30:00,u_00221,d_0221,ip_1392,m_0191,66.65,0
tx_005535,2025-02-27 15:45:00,u_01688,d_0679,ip_0717,m_0174,296.0,0
tx_005536,2025-02-27 16:00:00,u_00138,d_0471,ip_0635,m_0289,144.58,0
tx_005537,2025-02-27 16:15:00,u_02102,d_1759,ip_1326,m_0082,118.3,0
tx_005538,2025-02-27 16:30:00,u_02041,d_1695,ip_0876,m_0209,869.68,0
tx_005539,2025-02-27 16:45:00,u_02477,d_1244,ip_0296,m_0165,217.74,0
tx_005540,2025-02-27 17:00:00,u_00710,d_0793,ip_1226,m_0262,102.7,0
tx_005541,2025-02-27 17:15:00,u_00404,d_0093,ip_1210,m_0272,82.79,0
tx_005542,2025-02-27 17:30:00,u_00748,d_0444,ip_0307,m_0212,45.55,0
tx_005543,2025-02-27 17:45:00,u_01998,d_0166,ip_0593,m_0127,138.95,0
tx_005544,2025-02-27 18:00:00,u_00547,d_1421,ip_0521,m_0160,201.87,0
tx_005545,2025-02-27 18:15:00,u_02218,d_0158,ip_1529,m_0195,21.88,0
tx_005546,2025-02-27 18:30:00,u_00385,d_1219,ip_0548,m_0241,37.94,0
tx_005547,2025-02-27 18:45:00,u_00122,d_1714,ip_0062,m_0068,88.58,0
tx_005548,2025-02-27 19:00:00,u_00548,d_0554,ip_0586,m_0261,49.49,0
tx_005549,2025-02-27 19:15:00,u_01885,d_1231,ip_1031,m_0240,154.97,0
tx_005550,2025-02-27 19:30:00,u_01505,d_1582,ip_1692,m_0026,178.07,0
tx_005551,2025-02-27 19:45:00,u_00886,d_0769,ip_0114,m_0080,131.33,0
tx_005552,2025-02-27 20:00:00,u_01640,d_0807,ip_1938,m_0070,257.28,0
tx_005553,2025-02-27 20:15:00,u_01621,d_0360,ip_0727,m_0173,82.69,0
tx_005554,2025-02-27 20:30:00,u_01386,d_0769,ip_0753,m_0062,141.75,0
tx_005555,2025-02-27 20:45:00,u_01285,d_1572,ip_0034,m_0090,54.42,0
tx_005556,2025-02-27 21:00:00,u_00253,d_1194,ip_0607,m_0056,197.28,0
tx_005557,2025-02-27 21:15:00,u_00649,d_0362,ip_1032,m_0020,160.12,0
tx_005558,2025-02-27 21:30:00,u_01319,d_0947,ip_1377,m_0137,44.77,0
tx_005559,2025-02-27 21:45:00,u_00338,d_1272,ip_1687,m_0095,127.1,0
tx_005560,2025-02-27 22:00:00,u_01189,d_0139,ip_1149,m_0151,142.9,0
tx_005561,2025-02-27 22:15:00,u_00292,d_1373,ip_0220,m_0063,196.57,0
tx_005562,2025-02-27 22:30:00,u_01968,d_0362,ip_0861,m_0085,204.0,0
tx_005563,2025-02-27 22:45:00,ring_u_3_16,ring_d_3,ring_ip_3,ring_m_3,71.58,1
tx_005564,2025-02-27 23:00:00,u_00231,d_0749,ip_1407,m_0241,318.51,0
tx_005565,2025-02-27 23:15:00,u_01594,d_0908,ip_1285,m_0079,250.4,0
tx_005566,2025-02-27 23:30:00,u_00551,d_1648,ip_1118,m_0048,71.91,0
tx_005567,2025-02-27 23:45:00,u_00878,d_0401,ip_1110,m_0292,47.34,0
tx_005568,2025-02-28 00:00:00,u_00785,d_0460,ip_2184,m_0204,77.62,0
tx_005569,2025-02-28 00:15:00,ring_u_19_6,ring_d_19,ring_ip_19,ring_m_3,1031.64,1
tx_005570,2025-02-28 00:30:00,u_01904,d_1543,ip_1313,m_0209,182.73,0
tx_005571,2025-02-28 00:45:00,u_01729,d_1737,ip_0738,m_0066,484.71,0
tx_005572,2025-02-28 01:00:00,u_00596,d_0818,ip_1078,m_0128,614.95,0
tx_005573,2025-02-28 01:15:00,ring_u_19_15,ring_d_19,ring_ip_19,ring_m_3,665.93,1
tx_005574,2025-02-28 01:30:00,u_01783,d_1651,ip_1887,m_0216,325.97,0
tx_005575,2025-02-28 01:45:00,u_01347,d_1523,ip_1715,m_0055,161.5,0
tx_005576,2025-02-28 02:00:00,u_01445,d_1226,ip_1457,m_0146,13.52,0
tx_005577,2025-02-28 02:15:00,u_02337,d_0973,ip_1712,m_0250,106.44,0
tx_005578,2025-02-28 02:30:00,u_01134,d_1771,ip_0072,m_0058,95.23,0
tx_005579,2025-02-28 02:45:00,ring_u_23_12,ring_d_23,ring_ip_23,ring_m_7,2203.85,1
tx_005580,2025-02-28 03:00:00,u_01347,d_0652,ip_0534,m_0246,62.12,0
tx_005581,2025-02-28 03:15:00,u_02089,d_1283,ip_1438,m_0262,260.62,0
tx_005582,2025-02-28 03:30:00,ring_u_10_3,ring_d_10,ring_ip_10,ring_m_2,1023.33,1
tx_005583,2025-02-28 03:45:00,u_00187,d_0901,ip_0325,m_0013,34.96,0
tx_005584,2025-02-28 04:00:00,u_01148,d_1537,ip_0424,m_0162,85.44,0
tx_005585,2025-02-28 04:15:00,u_01849,d_0318,ip_1089,m_0089,686.52,0
tx_005586,2025-02-28 04:30:00,u_00559,d_1445,ip_2130,m_0176,124.79,0
tx_005587,2025-02-28 04:45:00,u_02471,d_0742,ip_0005,m_0041,367.19,0
tx_005588,2025-02-28 05:00:00,ring_u_13_15,ring_d_13,ring_ip_13,ring_m_5,535.24,1
tx_005589,2025-02-28 05:15:00,u_02116,d_1142,ip_0425,m_0205,94.8,0
tx_005590,2025-02-28 05:30:00,u_00204,d_0282,ip_0590,m_0193,41.12,0
tx_005591,2025-02-28 05:45:00,u_01449,d_1323,ip_1389,m_0153,46.91,0
tx_005592,2025-02-28 06:00:00,u_01319,d_0101,ip_1603,m_0066,633.76,0
tx_005593,2025-02-28 06:15:00,u_01566,d_0437,ip_1923,m_0281,172.73,0
tx_005594,2025-02-28 06:30:00,u_02125,d_1599,ip_0012,m_0079,26.21,0
tx_005595,2025-02-28 06:45:00,u_00883,d_1576,ip_0107,m_0109,341.71,0
tx_005596,2025-02-28 07:00:00,u_01334,d_0083,ip_1052,m_0277,24.86,0
tx_005597,2025-02-28 07:15:00,u_01698,d_0683,ip_1228,m_0012,64.97,0
tx_005598,2025-02-28 07:30:00,u_01882,d_0169,ip_0573,m_0037,160.98,0
tx_005599,2025-02-28 07:45:00,u_01925,d_0488,ip_1400,m_0228,1845.34,0
tx_005600,2025-02-28 08:00:00,u_00842,d_1741,ip_0583,m_0110,335.63,0
tx_005601,2025-02-28 08:15:00,u_02495,d_0351,ip_2051,m_0173,91.62,0
tx_005602,2025-02-28 08:30:00,u_00024,d_1154,ip_0390,m_0174,152.68,0
tx_005603,2025-02-28 08:45:00,u_01231,d_1447,ip_1441,m_0248,372.3,0
tx_005604,2025-02-28 09:00:00,u_01521,d_1585,ip_1166,m_0186,615.15,0
tx_005605,2025-02-28 09:15:00,u_00153,d_0637,ip_0226,m_0127,115.86,0
tx_005606,2025-02-28 09:30:00,u_01127,d_1254,ip_1330,m_0164,119.27,0
tx_005607,2025-02-28 09:45:00,u_01489,d_0870,ip_0322,m_0221,64.71,0
tx_005608,2025-02-28 10:00:00,u_01519,d_0193,ip_1187,m_0113,288.63,0
tx_005609,2025-02-28 10:15:00,u_00297,d_0401,ip_1398,m_0051,414.04,0
tx_005610,2025-02-28 10:30:00,u_00693,d_1346,ip_0158,m_0145,21.36,0
tx_005611,2025-02-28 10:45:00,u_00611,d_1234,ip_0474,m_0299,99.8,0
tx_005612,2025-02-28 11:00:00,u_01599,d_0937,ip_0650,m_0033,44.1,0
tx_005613,2025-02-28 11:15:00,u_00821,d_1405,ip_2042,m_0052,172.59,0
tx_005614,2025-02-28 11:30:00,u_01428,d_1244,ip_0486,m_0298,43.04,0
tx_005615,2025-02-28 11:45:00,u_01827,d_0610,ip_2025,m_0248,39.64,0
tx_005616,2025-02-28 12:00:00,u_01993,d_0529,ip_1174,m_0035,456.47,0
tx_005617,2025-02-28 12:15:00,u_00459,d_1701,ip_2087,m_0063,125.76,0
tx_005618,2025-02-28 12:30:00,u_02258,d_1749,ip_1828,m_0207,139.78,0
tx_005619,2025-02-28 12:45:00,u_00414,d_0055,ip_0644,m_0234,228.53,0
tx_005620,2025-02-28 13:00:00,u_00054,d_1423,ip_1231,m_0220,391.83,0
tx_005621,2025-02-28 13:15:00,u_00112,d_0239,ip_1577,m_0258,97.65,0
tx_005622,2025-02-28 13:30:00,u_00502,d_1550,ip_0172,m_0152,99.85,0
tx_005623,2025-02-28 13:45:00,u_02183,d_1059,ip_1458,m_0262,100.28,0
tx_005624,2025-02-28 14:00:00,u_00519,d_1237,ip_1011,m_0178,437.69,0
tx_005625,2025-02-28 14:15:00,u_01733,d_1262,ip_0078,m_0142,138.64,0
tx_005626,2025-02-28 14:30:00,u_01046,d_1088,ip_1907,m_0190,110.93,0
tx_005627,2025-02-28 14:45:00,u_00099,d_0451,ip_0584,m_0128,219.4,0
tx_005628,2025-02-28 15:00:00,u_01110,d_1452,ip_1923,m_0181,926.35,0
tx_005629,2025-02-28 15:15:00,u_00070,d_0997,ip_0454,m_0250,159.86,0
tx_005630,2025-02-28 15:30:00,u_01190,d_0981,ip_1191,m_0287,113.36,0
tx_005631,2025-02-28 15:45:00,u_01396,d_0573,ip_0815,m_0173,1035.87,0
tx_005632,2025-02-28 16:00:00,u_01303,d_0018,ip_1964,m_0001,561.05,0
tx_005633,2025-02-28 16:15:00,ring_u_1_14,ring_d_1,ring_ip_1,ring_m_1,1048.04,1
tx_005634,2025-02-28 16:30:00,u_01916,d_0621,ip_1694,m_0075,89.96,0
tx_005635,2025-02-28 16:45:00,u_01491,d_1186,ip_1860,m_0070,81.46,0
tx_005636,2025-02-28 17:00:00,u_00636,d_0656,ip_1691,m_0264,23.71,0
tx_005637,2025-02-28 17:15:00,u_01086,d_1751,ip_0645,m_0133,389.52,0
tx_005638,2025-02-28 17:30:00,u_00271,d_1225,ip_2024,m_0237,160.29,0
tx_005639,2025-02-28 17:45:00,u_02308,d_0820,ip_1166,m_0110,24.51,0
tx_005640,2025-02-28 18:00:00,u_01882,d_1274,ip_0755,m_0182,493.66,0
tx_005641,2025-02-28 18:15:00,u_00719,d_1166,ip_0422,m_0199,105.92,0
tx_005642,2025-02-28 18:30:00,u_01687,d_1116,ip_1561,m_0267,119.81,0
tx_005643,2025-02-28 18:45:00,u_01697,d_1040,ip_0610,m_0058,32.69,0
tx_005644,2025-02-28 19:00:00,u_01524,d_1677,ip_1435,m_0168,242.79,0
tx_005645,2025-02-28 19:15:00,u_00135,d_0571,ip_0143,m_0121,245.13,0
tx_005646,2025-02-28 19:30:00,u_02196,d_0778,ip_1396,m_0139,141.46,0
tx_005647,2025-02-28 19:45:00,u_02389,d_0455,ip_1413,m_0254,97.69,0
tx_005648,2025-02-28 20:00:00,u_02435,d_1025,ip_1154,m_0040,2051.79,0
tx_005649,2025-02-28 20:15:00,u_02451,d_1778,ip_1445,m_0163,44.55,0
tx_005650,2025-02-28 20:30:00,u_02322,d_1095,ip_2186,m_0116,72.14,0
tx_005651,2025-02-28 20:45:00,u_01847,d_0372,ip_1844,m_0268,301.35,0
tx_005652,2025-02-28 21:00:00,u_00142,d_1658,ip_0967,m_0064,53.82,0
tx_005653,2025-02-28 21:15:00,u_01163,d_1422,ip_1917,m_0069,49.99,0
tx_005654,2025-02-28 21:30:00,u_00612,d_0792,ip_2099,m_0027,460.13,0
tx_005655,2025-02-28 21:45:00,u_00549,d_0263,ip_0352,m_0131,271.83,0
tx_005656,2025-02-28 22:00:00,u_02076,d_0724,ip_0789,m_0003,240.84,0
tx_005657,2025-02-28 22:15:00,u_02031,d_1447,ip_1634,m_0150,178.01,0
tx_005658,2025-02-28 22:30:00,u_01305,d_1038,ip_1132,m_0067,74.28,0
tx_005659,2025-02-28 22:45:00,u_01840,d_0334,ip_0296,m_0120,115.28,0
tx_005660,2025-02-28 23:00:00,u_00323,d_0285,ip_1039,m_0181,137.13,0
tx_005661,2025-02-28 23:15:00,ring_u_1_6,ring_d_1,ring_ip_1,ring_m_1,778.9,1
tx_005662,2025-02-28 23:30:00,u_02151,d_0805,ip_1625,m_0018,227.21,0
tx_005663,2025-02-28 23:45:00,u_01128,d_1234,ip_1134,m_0044,58.68,0
tx_005664,2025-03-01 00:00:00,u_01366,d_0649,ip_0307,m_0095,326.86,0
tx_005665,2025-03-01 00:15:00,u_01156,d_0162,ip_0108,m_0155,27.7,0
tx_005666,2025-03-01 00:30:00,u_00505,d_0741,ip_0632,m_0265,107.72,0
tx_005667,2025-03-01 00:45:00,u_02066,d_1247,ip_0344,m_0041,47.37,0
tx_005668,2025-03-01 01:00:00,u_01895,d_0600,ip_1927,m_0020,62.98,0
tx_005669,2025-03-01 01:15:00,u_01709,d_1086,ip_0596,m_0188,1019.01,0
tx_005670,2025-03-01 01:30:00,u_00882,d_0788,ip_1395,m_0293,34.1,0
tx_005671,2025-03-01 01:45:00,u_01607,d_0607,ip_0280,m_0249,65.42,0
tx_005672,2025-03-01 02:00:00,u_02383,d_0459,ip_0971,m_0169,247.25,0
tx_005673,2025-03-01 02:15:00,u_01624,d_0469,ip_2055,m_0005,92.76,0
tx_005674,2025-03-01 02:30:00,u_01235,d_0460,ip_1415,m_0172,173.39,0
tx_005675,2025-03-01 02:45:00,u_00676,d_1293,ip_0634,m_0137,619.89,0
tx_005676,2025-03-01 03:00:00,u_01307,d_0607,ip_1644,m_0134,285.61,0
tx_005677,2025-03-01 03:15:00,u_00929,d_1334,ip_1102,m_0147,92.88,0
tx_005678,2025-03-01 03:30:00,u_01528,d_0559,ip_0517,m_0168,129.84,0
tx_005679,2025-03-01 03:45:00,u_00114,d_0588,ip_2192,m_0216,252.3,0
tx_005680,2025-03-01 04:00:00,u_00475,d_1663,ip_2062,m_0057,280.06,0
tx_005681,2025-03-01 04:15:00,u_01967,d_1577,ip_1246,m_0022,151.53,0
tx_005682,2025-03-01 04:30:00,u_00951,d_0721,ip_0072,m_0015,212.85,0
tx_005683,2025-03-01 04:45:00,u_01082,d_0483,ip_0905,m_0121,213.06,0
tx_005684,2025-03-01 05:00:00,u_01359,d_1288,ip_1130,m_0152,135.34,0
tx_005685,2025-03-01 05:15:00,u_01095,d_0125,ip_2045,m_0235,81.03,0
tx_005686,2025-03-01 05:30:00,u_01896,d_0821,ip_1612,m_0130,311.87,0
tx_005687,2025-03-01 05:45:00,u_00613,d_1079,ip_0489,m_0159,198.7,0
tx_005688,2025-03-01 06:00:00,u_01896,d_1216,ip_1122,m_0293,18.52,0
tx_005689,2025-03-01 06:15:00,u_00523,d_0192,ip_0394,m_0224,64.99,0
tx_005690,2025-03-01 06:30:00,u_00926,d_0005,ip_1042,m_0207,91.77,0
tx_005691,2025-03-01 06:45:00,u_01469,d_0497,ip_1177,m_0109,121.37,0
tx_005692,2025-03-01 07:00:00,u_02214,d_0214,ip_1121,m_0045,494.7,0
tx_005693,2025-03-01 07:15:00,u_00581,d_0912,ip_0940,m_0276,3649.43,0
tx_005694,2025-03-01 07:30:00,u_01468,d_1655,ip_0961,m_0166,12.69,0
tx_005695,2025-03-01 07:45:00,u_00160,d_0515,ip_1753,m_0023,201.22,0
tx_005696,2025-03-01 08:00:00,u_00188,d_0816,ip_1112,m_0144,159.11,0
tx_005697,2025-03-01 08:15:00,u_01918,d_0386,ip_0092,m_0027,123.9,0
tx_005698,2025-03-01 08:30:00,u_01797,d_0079,ip_1629,m_0294,255.43,0
tx_005699,2025-03-01 08:45:00,u_00941,d_1265,ip_1358,m_0158,172.4,0
tx_005700,2025-03-01 09:00:00,u_01557,d_0461,ip_1530,m_0235,103.4,0
tx_005701,2025-03-01 09:15:00,u_00950,d_0984,ip_1563,m_0141,152.82,0
tx_005702,2025-03-01 09:30:00,u_00693,d_1229,ip_0381,m_0005,258.93,0
tx_005703,2025-03-01 09:45:00,u_01078,d_1511,ip_2138,m_0191,235.44,0
tx_005704,2025-03-01 10:00:00,u_00779,d_0334,ip_2178,m_0195,179.22,0
tx_005705,2025-03-01 10:15:00,u_02037,d_1046,ip_0320,m_0068,82.81,0
tx_005706,2025-03-01 10:30:00,u_01029,d_1639,ip_0481,m_0214,2487.77,0
tx_005707,2025-03-01 10:45:00,u_00802,d_0870,ip_0541,m_0067,212.62,0
tx_005708,2025-03-01 11:00:00,u_01340,d_0073,ip_2126,m_0207,318.13,0
tx_005709,2025-03-01 11:15:00,u_01895,d_0470,ip_2051,m_0224,89.32,0
tx_005710,2025-03-01 11:30:00,u_00684,d_1430,ip_0583,m_0041,179.39,0
tx_005711,2025-03-01 11:45:00,u_02348,d_1425,ip_1387,m_0087,177.97,0
tx_005712,2025-03-01 12:00:00,u_01158,d_0566,ip_0535,m_0048,21.93,0
tx_005713,2025-03-01 12:15:00,u_01652,d_0354,ip_0083,m_0218,72.48,0
tx_005714,2025-03-01 12:30:00,u_02393,d_0525,ip_0506,m_0070,71.15,0
tx_005715,2025-03-01 12:45:00,u_01079,d_0436,ip_0170,m_0192,81.41,0
tx_005716,2025-03-01 13:00:00,u_00499,d_1333,ip_1865,m_0125,50.92,0
tx_005717,2025-03-01 13:15:00,u_01869,d_1514,ip_1727,m_0024,155.07,0
tx_005718,2025-03-01 13:30:00,u_00016,d_0083,ip_0405,m_0264,600.26,0
tx_005719,2025-03-01 13:45:00,u_01144,d_1334,ip_1248,m_0213,169.1,0
tx_005720,2025-03-01 14:00:00,u_02449,d_1354,ip_0451,m_0078,45.55,0
tx_005721,2025-03-01 14:15:00,u_01036,d_1103,ip_1243,m_0263,52.94,0
tx_005722,2025-03-01 14:30:00,u_01710,d_1568,ip_1971,m_0212,101.79,0
tx_005723,2025-03-01 14:45:00,u_01313,d_0070,ip_1935,m_0244,36.03,0
tx_005724,2025-03-01 15:00:00,u_00536,d_1259,ip_1832,m_0053,201.23,0
tx_005725,2025-03-01 15:15:00,u_00794,d_0229,ip_0530,m_0002,574.27,0
tx_005726,2025-03-01 15:30:00,u_01308,d_1614,ip_0419,m_0018,83.44,0
tx_005727,2025-03-01 15:45:00,u_00260,d_0899,ip_0352,m_0161,160.15,0
tx_005728,2025-03-01 16:00:00,u_01037,d_0163,ip_0279,m_0236,96.64,0
tx_005729,2025-03-01 16:15:00,u_01037,d_1343,ip_1350,m_0274,79.07,0
tx_005730,2025-03-01 16:30:00,u_02087,d_1348,ip_1448,m_0288,179.39,0
tx_005731,2025-03-01 16:45:00,u_00309,d_0835,ip_1941,m_0179,76.45,0
tx_005732,2025-03-01 17:00:00,u_02106,d_0558,ip_0198,m_0189,66.13,0
tx_005733,2025-03-01 17:15:00,u_01026,d_0031,ip_0583,m_0087,29.39,0
tx_005734,2025-03-01 17:30:00,u_01628,d_1634,ip_1601,m_0000,158.32,0
tx_005735,2025-03-01 17:45:00,u_01392,d_0331,ip_1498,m_0058,431.39,0
tx_005736,2025-03-01 18:00:00,u_00749,d_1516,ip_0940,m_0016,301.06,0
tx_005737,2025-03-01 18:15:00,u_02326,d_1059,ip_0335,m_0205,659.84,0
tx_005738,2025-03-01 18:30:00,u_00561,d_1233,ip_1065,m_0150,75.6,0
tx_005739,2025-03-01 18:45:00,u_00090,d_1249,ip_0378,m_0231,347.52,0
tx_005740,2025-03-01 19:00:00,u_01875,d_1544,ip_1178,m_0044,49.27,0
tx_005741,2025-03-01 19:15:00,u_01553,d_0060,ip_1983,m_0273,301.65,0
tx_005742,2025-03-01 19:30:00,u_02226,d_1784,ip_0430,m_0215,768.31,0
tx_005743,2025-03-01 19:45:00,u_01144,d_0077,ip_0259,m_0271,244.3,0
tx_005744,2025-03-01 20:00:00,u_00042,d_1798,ip_1622,m_0194,781.97,0
tx_005745,2025-03-01 20:15:00,u_00050,d_0470,ip_0053,m_0101,81.55,0
tx_005746,2025-03-01 20:30:00,u_01083,d_1522,ip_2163,m_0187,129.77,0
tx_005747,2025-03-01 20:45:00,ring_u_6_17,ring_d_6,ring_ip_6,ring_m_6,93.61,1
tx_005748,2025-03-01 21:00:00,u_02305,d_0829,ip_0887,m_0054,153.67,0
tx_005749,2025-03-01 21:15:00,u_00296,d_0975,ip_0797,m_0030,194.35,0
tx_005750,2025-03-01 21:30:00,u_02202,d_1717,ip_0851,m_0195,152.33,0
tx_005751,2025-03-01 21:45:00,u_00541,d_0222,ip_0872,m_0028,92.38,0
tx_005752,2025-03-01 22:00:00,u_00298,d_0065,ip_1847,m_0030,90.86,0
tx_005753,2025-03-01 22:15:00,u_00686,d_1166,ip_1759,m_0021,209.59,0
tx_005754,2025-03-01 22:30:00,u_00360,d_0088,ip_0450,m_0186,126.56,0
tx_005755,2025-03-01 22:45:00,u_01003,d_1399,ip_0395,m_0278,46.91,0
tx_005756,2025-03-01 23:00:00,u_00826,d_0068,ip_1189,m_0149,22.26,0
tx_005757,2025-03-01 23:15:00,u_01322,d_1746,ip_1430,m_0045,81.82,0
tx_005758,2025-03-01 23:30:00,u_01342,d_0958,ip_1599,m_0153,37.25,0
tx_005759,2025-03-01 23:45:00,u_00002,d_1707,ip_0689,m_0144,64.36,0
tx_005760,2025-03-02 00:00:00,u_00312,d_0227,ip_1061,m_0178,97.19,0
tx_005761,2025-03-02 00:15:00,u_00404,d_0492,ip_0229,m_0129,128.24,0
tx_005762,2025-03-02 00:30:00,u_00486,d_0818,ip_1002,m_0159,76.25,0
tx_005763,2025-03-02 00:45:00,u_00233,d_0052,ip_1512,m_0097,1327.7,0
tx_005764,2025-03-02 01:00:00,u_00786,d_0185,ip_0669,m_0271,42.05,0
tx_005765,2025-03-02 01:15:00,u_01374,d_0592,ip_0701,m_0161,497.31,0
tx_005766,2025-03-02 01:30:00,u_00772,d_1326,ip_1017,m_0093,126.14,0
tx_005767,2025-03-02 01:45:00,u_00822,d_1275,ip_1906,m_0000,76.9,0
tx_005768,2025-03-02 02:00:00,u_01173,d_0156,ip_1329,m_0203,267.09,0
tx_005769,2025-03-02 02:15:00,u_01370,d_0107,ip_2021,m_0114,94.36,0
tx_005770,2025-03-02 02:30:00,u_00827,d_1180,ip_0135,m_0074,66.22,0
tx_005771,2025-03-02 02:45:00,u_00554,d_0647,ip_1867,m_0143,888.74,0
tx_005772,2025-03-02 03:00:00,u_01023,d_1425,ip_0096,m_0145,16.54,0
tx_005773,2025-03-02 03:15:00,u_00060,d_0536,ip_0709,m_0240,116.18,0
tx_005774,2025-03-02 03:30:00,ring_u_15_17,ring_d_15,ring_ip_15,ring_m_7,134.12,1
tx_005775,2025-03-02 03:45:00,u_02353,d_0394,ip_0520,m_0210,606.69,0
tx_005776,2025-03-02 04:00:00,u_00994,d_0479,ip_2176,m_0194,99.64,0
tx_005777,2025-03-02 04:15:00,u_00270,d_1271,ip_1964,m_0254,2123.91,0
tx_005778,2025-03-02 04:30:00,u_01767,d_0848,ip_1256,m_0001,317.07,0
tx_005779,2025-03-02 04:45:00,u_00317,d_1186,ip_0996,m_0112,13.91,0
tx_005780,2025-03-02 05:00:00,u_00484,d_0141,ip_1675,m_0214,34.69,0
tx_005781,2025-03-02 05:15:00,u_00366,d_0963,ip_1557,m_0042,188.09,0
tx_005782,2025-03-02 05:30:00,u_02209,d_0825,ip_1057,m_0132,47.28,0
tx_005783,2025-03-02 05:45:00,u_02453,d_1639,ip_1819,m_0120,256.68,0
tx_005784,2025-03-02 06:00:00,u_01424,d_0762,ip_0424,m_0241,94.28,0
tx_005785,2025-03-02 06:15:00,u_01544,d_0185,ip_0610,m_0288,44.88,0
tx_005786,2025-03-02 06:30:00,u_01613,d_1254,ip_0038,m_0031,56.57,0
tx_005787,2025-03-02 06:45:00,ring_u_17_4,ring_d_17,ring_ip_17,ring_m_1,2653.54,1
tx_005788,2025-03-02 07:00:00,u_01360,d_1636,ip_0437,m_0232,19.63,0
tx_005789,2025-03-02 07:15:00,u_02466,d_0690,ip_1374,m_0052,422.11,0
tx_005790,2025-03-02 07:30:00,u_01832,d_1412,ip_1882,m_0149,434.65,0
tx_005791,2025-03-02 07:45:00,u_00221,d_1180,ip_1298,m_0283,106.55,0
tx_005792,2025-03-02 08:00:00,u_00979,d_0836,ip_0979,m_0292,36.44,0
tx_005793,2025-03-02 08:15:00,u_02436,d_1051,ip_0594,m_0284,258.75,0
tx_005794,2025-03-02 08:30:00,u_01009,d_0328,ip_0223,m_0040,91.25,0
tx_005795,2025-03-02 08:45:00,u_00510,d_0133,ip_1286,m_0044,32.62,0
tx_005796,2025-03-02 09:00:00,u_02171,d_1379,ip_0309,m_0052,1001.39,0
tx_005797,2025-03-02 09:15:00,u_01557,d_1725,ip_1738,m_0230,61.29,0
tx_005798,2025-03-02 09:30:00,u_01406,d_1551,ip_0899,m_0053,34.05,0
tx_005799,2025-03-02 09:45:00,u_01050,d_0549,ip_0770,m_0128,197.36,0
tx_005800,2025-03-02 10:00:00,u_00310,d_0644,ip_0058,m_0245,138.68,0
tx_005801,2025-03-02 10:15:00,u_00959,d_0646,ip_0533,m_0147,656.02,0
tx_005802,2025-03-02 10:30:00,u_01093,d_1264,ip_0029,m_0282,101.44,0
tx_005803,2025-03-02 10:45:00,u_02328,d_1122,ip_1595,m_0149,102.52,0
tx_005804,2025-03-02 11:00:00,u_00768,d_1433,ip_1077,m_0113,207.52,0
tx_005805,2025-03-02 11:15:00,u_00373,d_1701,ip_1728,m_0290,181.18,0
tx_005806,2025-03-02 11:30:00,u_01068,d_0706,ip_1243,m_0164,186.8,0
tx_005807,2025-03-02 11:45:00,ring_u_4_2,ring_d_4,ring_ip_4,ring_m_4,814.25,1
tx_005808,2025-03-02 12:00:00,ring_u_23_7,ring_d_23,ring_ip_23,ring_m_7,4893.31,1
tx_005809,2025-03-02 12:15:00,u_00947,d_1718,ip_0324,m_0231,97.86,0
tx_005810,2025-03-02 12:30:00,u_01667,d_0637,ip_0256,m_0251,341.27,0
tx_005811,2025-03-02 12:45:00,u_01621,d_0337,ip_1956,m_0001,103.55,0
tx_005812,2025-03-02 13:00:00,u_00748,d_0681,ip_0592,m_0032,331.74,0
tx_005813,2025-03-02 13:15:00,u_02419,d_1113,ip_1683,m_0188,594.52,0
tx_005814,2025-03-02 13:30:00,u_01482,d_1716,ip_1382,m_0222,75.37,0
tx_005815,2025-03-02 13:45:00,u_00144,d_1491,ip_1544,m_0195,1643.34,0
tx_005816,2025-03-02 14:00:00,u_01018,d_0033,ip_0586,m_0114,72.78,0
tx_005817,2025-03-02 14:15:00,u_02307,d_0916,ip_0688,m_0226,73.3,0
tx_005818,2025-03-02 14:30:00,u_00983,d_0286,ip_1220,m_0173,254.68,0
tx_005819,2025-03-02 14:45:00,u_01419,d_0651,ip_0048,m_0277,230.8,0
tx_005820,2025-03-02 15:00:00,u_01531,d_1699,ip_0685,m_0110,159.46,0
tx_005821,2025-03-02 15:15:00,u_01760,d_1772,ip_1116,m_0226,336.38,0
tx_005822,2025-03-02 15:30:00,u_02180,d_0276,ip_0449,m_0043,191.07,0
tx_005823,2025-03-02 15:45:00,u_00372,d_0253,ip_0628,m_0219,1171.15,0
tx_005824,2025-03-02 16:00:00,ring_u_16_15,ring_d_16,ring_ip_16,ring_m_0,457.57,1
tx_005825,2025-03-02 16:15:00,u_01333,d_0739,ip_0637,m_0076,63.15,0
tx_005826,2025-03-02 16:30:00,u_00380,d_0779,ip_1985,m_0018,85.48,0
tx_005827,2025-03-02 16:45:00,u_01683,d_1572,ip_2039,m_0297,237.77,0
tx_005828,2025-03-02 17:00:00,u_00295,d_1657,ip_1482,m_0022,241.28,0
tx_005829,2025-03-02 17:15:00,u_01140,d_1620,ip_0336,m_0140,182.45,0
tx_005830,2025-03-02 17:30:00,u_00825,d_1409,ip_0452,m_0000,63.47,0
tx_005831,2025-03-02 17:45:00,u_00387,d_1764,ip_2055,m_0125,449.73,0
tx_005832,2025-03-02 18:00:00,u_02055,d_1295,ip_0003,m_0246,1029.67,0
tx_005833,2025-03-02 18:15:00,u_00610,d_1592,ip_1108,m_0150,152.81,0
tx_005834,2025-03-02 18:30:00,u_00638,d_0972,ip_1311,m_0071,907.42,0
tx_005835,2025-03-02 18:45:00,u_02135,d_0091,ip_1844,m_0118,352.93,0
tx_005836,2025-03-02 19:00:00,ring_u_2_3,ring_d_2,ring_ip_2,ring_m_2,1593.24,1
tx_005837,2025-03-02 19:15:00,u_00086,d_1673,ip_0623,m_0178,238.09,0
tx_005838,2025-03-02 19:30:00,u_00694,d_0562,ip_1105,m_0001,170.14,0
tx_005839,2025-03-02 19:45:00,u_01772,d_0770,ip_1394,m_0104,344.61,0
tx_005840,2025-03-02 20:00:00,u_01945,d_1029,ip_2123,m_0018,96.2,0
tx_005841,2025-03-02 20:15:00,u_02498,d_1172,ip_1224,m_0071,222.99,0
tx_005842,2025-03-02 20:30:00,u_01386,d_1214,ip_0267,m_0020,561.56,0
tx_005843,2025-03-02 20:45:00,u_00018,d_0709,ip_2033,m_0278,336.81,0
tx_005844,2025-03-02 21:00:00,u_02184,d_1537,ip_1127,m_0231,143.89,0
tx_005845,2025-03-02 21:15:00,u_00402,d_1464,ip_0394,m_0278,181.35,0
tx_005846,2025-03-02 21:30:00,u_00301,d_1696,ip_0418,m_0204,316.61,0
tx_005847,2025-03-02 21:45:00,u_01685,d_1036,ip_0450,m_0148,306.26,0
tx_005848,2025-03-02 22:00:00,u_01509,d_0139,ip_1586,m_0052,314.21,0
tx_005849,2025-03-02 22:15:00,u_00149,d_1521,ip_2087,m_0288,208.4,0
tx_005850,2025-03-02 22:30:00,u_00423,d_0143,ip_0970,m_0275,65.07,0
tx_005851,2025-03-02 22:45:00,u_01474,d_0348,ip_0215,m_0124,76.31,0
tx_005852,2025-03-02 23:00:00,u_00638,d_0513,ip_1954,m_0067,235.37,0
tx_005853,2025-03-02 23:15:00,u_01710,d_0332,ip_1396,m_0116,340.86,0
tx_005854,2025-03-02 23:30:00,u_01029,d_1302,ip_1255,m_0118,299.45,0
tx_005855,2025-03-02 23:45:00,u_01470,d_0792,ip_0133,m_0275,75.55,0
tx_005856,2025-03-03 00:00:00,u_01187,d_0394,ip_2135,m_0020,127.59,0
tx_005857,2025-03-03 00:15:00,u_00912,d_0008,ip_0169,m_0189,45.87,0
tx_005858,2025-03-03 00:30:00,u_00856,d_0389,ip_1342,m_0230,36.91,0
tx_005859,2025-03-03 00:45:00,u_01743,d_1247,ip_1313,m_0228,161.01,0
tx_005860,2025-03-03 01:00:00,u_01285,d_1429,ip_1130,m_0057,577.18,0
tx_005861,2025-03-03 01:15:00,u_01485,d_0532,ip_1213,m_0123,163.99,0
tx_005862,2025-03-03 01:30:00,u_01443,d_0131,ip_0875,m_0102,1000.38,0
tx_005863,2025-03-03 01:45:00,u_00519,d_1003,ip_1260,m_0122,125.95,0
tx_005864,2025-03-03 02:00:00,u_02283,d_1409,ip_0800,m_0026,153.12,0
tx_005865,2025-03-03 02:15:00,u_01407,d_0126,ip_1042,m_0024,55.09,0
tx_005866,2025-03-03 02:30:00,u_01795,d_1431,ip_1491,m_0007,104.87,0
tx_005867,2025-03-03 02:45:00,u_02204,d_0307,ip_1633,m_0290,45.15,0
tx_005868,2025-03-03 03:00:00,u_02311,d_0464,ip_0337,m_0125,31.65,0
tx_005869,2025-03-03 03:15:00,u_01667,d_1121,ip_2182,m_0068,45.93,0
tx_005870,2025-03-03 03:30:00,u_01967,d_0092,ip_0212,m_0239,161.62,0
tx_005871,2025-03-03 03:45:00,u_01179,d_0550,ip_0606,m_0148,71.04,0
tx_005872,2025-03-03 04:00:00,u_01844,d_0249,ip_0763,m_0109,90.03,0
tx_005873,2025-03-03 04:15:00,u_00803,d_0386,ip_0711,m_0034,223.6,0
tx_005874,2025-03-03 04:30:00,ring_u_21_16,ring_d_21,ring_ip_21,ring_m_5,107.29,1
tx_005875,2025-03-03 04:45:00,u_00214,d_0411,ip_0710,m_0194,160.94,0
tx_005876,2025-03-03 05:00:00,u_02285,d_0078,ip_0959,m_0187,346.57,0
tx_005877,2025-03-03 05:15:00,u_00611,d_0386,ip_1679,m_0117,377.87,0
tx_005878,2025-03-03 05:30:00,u_01641,d_0156,ip_1820,m_0183,248.78,0
tx_005879,2025-03-03 05:45:00,u_00027,d_1121,ip_0765,m_0230,140.87,0
tx_005880,2025-03-03 06:00:00,u_00389,d_1751,ip_0568,m_0279,79.54,0
tx_005881,2025-03-03 06:15:00,u_02466,d_0301,ip_1488,m_0158,136.68,0
tx_005882,2025-03-03 06:30:00,u_02083,d_1311,ip_0131,m_0068,775.47,0
tx_005883,2025-03-03 06:45:00,u_00556,d_0652,ip_0980,m_0038,195.01,0
tx_005884,2025-03-03 07:00:00,u_00327,d_0129,ip_0484,m_0047,133.37,0
tx_005885,2025-03-03 07:15:00,u_02037,d_1238,ip_1337,m_0003,260.78,0
tx_005886,2025-03-03 07:30:00,u_02475,d_0377,ip_0172,m_0167,155.98,0
tx_005887,2025-03-03 07:45:00,u_00421,d_0924,ip_1823,m_0063,186.01,0
tx_005888,2025-03-03 08:00:00,u_01659,d_0912,ip_0593,m_0067,115.96,0
tx_005889,2025-03-03 08:15:00,u_00709,d_1075,ip_1130,m_0217,98.01,0
tx_005890,2025-03-03 08:30:00,u_01860,d_0242,ip_1258,m_0095,401.82,0
tx_005891,2025-03-03 08:45:00,u_01045,d_0451,ip_1045,m_0248,21.11,0
tx_005892,2025-03-03 09:00:00,u_00313,d_1327,ip_0985,m_0041,239.51,0
tx_005893,2025-03-03 09:15:00,u_00811,d_1678,ip_0587,m_0102,92.13,0
tx_005894,2025-03-03 09:30:00,u_01346,d_0021,ip_1699,m_0015,22.08,0
tx_005895,2025-03-03 09:45:00,u_01995,d_0744,ip_1134,m_0160,56.0,0
tx_005896,2025-03-03 10:00:00,u_00052,d_1586,ip_0474,m_0037,143.16,0
tx_005897,2025-03-03 10:15:00,ring_u_4_5,ring_d_4,ring_ip_4,ring_m_4,467.63,1
tx_005898,2025-03-03 10:30:00,u_01624,d_0805,ip_0964,m_0220,311.07,0
tx_005899,2025-03-03 10:45:00,u_02188,d_1627,ip_1855,m_0264,332.96,0
tx_005900,2025-03-03 11:00:00,u_02325,d_1744,ip_2115,m_0163,31.6,0
tx_005901,2025-03-03 11:15:00,u_00383,d_1179,ip_0855,m_0289,216.48,0
tx_005902,2025-03-03 11:30:00,u_00234,d_1249,ip_0869,m_0227,307.52,0
tx_005903,2025-03-03 11:45:00,u_01941,d_1105,ip_0284,m_0225,184.74,0
tx_005904,2025-03-03 12:00:00,ring_u_24_1,ring_d_24,ring_ip_24,ring_m_0,23.38,1
tx_005905,2025-03-03 12:15:00,u_00369,d_1596,ip_0527,m_0026,21.49,0
tx_005906,2025-03-03 12:30:00,u_01171,d_0061,ip_1803,m_0069,55.14,0
tx_005907,2025-03-03 12:45:00,u_02283,d_0105,ip_1176,m_0131,581.75,0
tx_005908,2025-03-03 13:00:00,u_01989,d_1083,ip_0488,m_0185,112.2,0
tx_005909,2025-03-03 13:15:00,u_01294,d_1507,ip_2015,m_0297,1370.74,0
tx_005910,2025-03-03 13:30:00,u_00491,d_1465,ip_1793,m_0029,41.33,0
tx_005911,2025-03-03 13:45:00,u_00840,d_1220,ip_0661,m_0068,708.94,0
tx_005912,2025-03-03 14:00:00,u_01721,d_0677,ip_0264,m_0089,80.58,0
tx_005913,2025-03-03 14:15:00,u_00392,d_0647,ip_0581,m_0201,351.58,0
tx_005914,2025-03-03 14:30:00,u_01311,d_0766,ip_0828,m_0285,110.46,0
tx_005915,2025-03-03 14:45:00,u_00029,d_0461,ip_0894,m_0281,166.61,0
tx_005916,2025-03-03 15:00:00,u_00812,d_0754,ip_1809,m_0224,269.22,0
tx_005917,2025-03-03 15:15:00,u_00619,d_0188,ip_2129,m_0231,80.37,0
tx_005918,2025-03-03 15:30:00,u_01702,d_0575,ip_1644,m_0124,330.67,0
tx_005919,2025-03-03 15:45:00,u_02285,d_1693,ip_1859,m_0182,113.76,0
tx_005920,2025-03-03 16:00:00,u_00366,d_1272,ip_0275,m_0051,177.34,0
tx_005921,2025-03-03 16:15:00,u_01993,d_0255,ip_0329,m_0152,10.54,0
tx_005922,2025-03-03 16:30:00,u_01639,d_0515,ip_1997,m_0087,105.92,0
tx_005923,2025-03-03 16:45:00,u_02424,d_0466,ip_1350,m_0278,525.08,0
tx_005924,2025-03-03 17:00:00,u_02278,d_0507,ip_0518,m_0110,297.28,0
tx_005925,2025-03-03 17:15:00,u_00251,d_1243,ip_1742,m_0118,360.16,0
tx_005926,2025-03-03 17:30:00,u_01858,d_1611,ip_0384,m_0120,156.54,0
tx_005927,2025-03-03 17:45:00,u_01480,d_1278,ip_1689,m_0270,793.36,0
tx_005928,2025-03-03 18:00:00,u_00282,d_0879,ip_1942,m_0279,198.03,0
tx_005929,2025-03-03 18:15:00,u_00642,d_0289,ip_1075,m_0129,76.7,0
tx_005930,2025-03-03 18:30:00,u_02317,d_0257,ip_1444,m_0298,349.02,0
tx_005931,2025-03-03 18:45:00,u_01357,d_1465,ip_1610,m_0226,373.38,0
tx_005932,2025-03-03 19:00:00,u_00846,d_1219,ip_1936,m_0253,278.55,0
tx_005933,2025-03-03 19:15:00,u_00801,d_0918,ip_1283,m_0274,99.19,0
tx_005934,2025-03-03 19:30:00,u_02094,d_1038,ip_0645,m_0099,196.66,0
tx_005935,2025-03-03 19:45:00,u_00708,d_1527,ip_0443,m_0165,597.84,0
tx_005936,2025-03-03 20:00:00,u_00397,d_1464,ip_0782,m_0085,239.26,0
tx_005937,2025-03-03 20:15:00,ring_u_1_2,ring_d_1,ring_ip_1,ring_m_1,826.29,1
tx_005938,2025-03-03 20:30:00,u_02481,d_0711,ip_1537,m_0139,79.14,0
tx_005939,2025-03-03 20:45:00,u_00458,d_0077,ip_0812,m_0015,75.55,0
tx_005940,2025-03-03 21:00:00,u_00638,d_0692,ip_1565,m_0064,69.8,0
tx_005941,2025-03-03 21:15:00,u_01172,d_1146,ip_0136,m_0242,17.97,0
tx_005942,2025-03-03 21:30:00,u_00499,d_0375,ip_0708,m_0049,982.97,0
tx_005943,2025-03-03 21:45:00,u_01627,d_0270,ip_0869,m_0186,61.79,0
tx_005944,2025-03-03 22:00:00,u_00634,d_0883,ip_0192,m_0229,66.42,0
tx_005945,2025-03-03 22:15:00,u_00320,d_0944,ip_1823,m_0078,21.29,0
tx_005946,2025-03-03 22:30:00,u_00653,d_1285,ip_1314,m_0137,352.99,0
tx_005947,2025-03-03 22:45:00,u_02326,d_0025,ip_1857,m_0263,135.52,0
tx_005948,2025-03-03 23:00:00,u_02337,d_0446,ip_1764,m_0250,104.49,0
tx_005949,2025-03-03 23:15:00,u_01264,d_1403,ip_0074,m_0276,110.17,0
tx_005950,2025-03-03 23:30:00,u_01001,d_1227,ip_1903,m_0188,267.15,0
tx_005951,2025-03-03 23:45:00,u_02048,d_1619,ip_0152,m_0266,91.83,0
tx_005952,2025-03-04 00:00:00,u_00485,d_1466,ip_1916,m_0119,20.31,0
tx_005953,2025-03-04 00:15:00,u_01634,d_1509,ip_1473,m_0180,40.79,0
tx_005954,2025-03-04 00:30:00,u_01700,d_0919,ip_1802,m_0200,38.73,0
tx_005955,2025-03-04 00:45:00,u_01775,d_1725,ip_1099,m_0292,195.45,0
tx_005956,2025-03-04 01:00:00,u_00544,d_0748,ip_0352,m_0110,376.16,0
tx_005957,2025-03-04 01:15:00,u_01790,d_1625,ip_0328,m_0262,642.78,0
tx_005958,2025-03-04 01:30:00,u_01529,d_0705,ip_0261,m_0152,28.94,0
tx_005959,2025-03-04 01:45:00,u_02187,d_0799,ip_1772,m_0031,275.96,0
tx_005960,2025-03-04 02:00:00,u_00435,d_1234,ip_1173,m_0196,80.23,0
tx_005961,2025-03-04 02:15:00,u_01534,d_0717,ip_0476,m_0294,2761.3,0
tx_005962,2025-03-04 02:30:00,u_02074,d_0264,ip_0274,m_0136,592.03,0
tx_005963,2025-03-04 02:45:00,u_00695,d_1613,ip_0171,m_0164,813.95,0
tx_005964,2025-03-04 03:00:00,u_01859,d_0815,ip_0567,m_0278,331.11,0
tx_005965,2025-03-04 03:15:00,u_00248,d_1668,ip_1648,m_0276,217.43,0
tx_005966,2025-03-04 03:30:00,u_01795,d_0718,ip_1963,m_0120,99.23,0
tx_005967,2025-03-04 03:45:00,u_01515,d_1751,ip_1337,m_0228,81.51,0
tx_005968,2025-03-04 04:00:00,u_00481,d_1085,ip_2190,m_0189,66.68,0
tx_005969,2025-03-04 04:15:00,u_00165,d_1382,ip_0867,m_0194,275.22,0
tx_005970,2025-03-04 04:30:00,u_01863,d_1359,ip_0731,m_0216,706.56,0
tx_005971,2025-03-04 04:45:00,u_00603,d_0363,ip_1523,m_0098,103.88,0
tx_005972,2025-03-04 05:00:00,u_01243,d_1467,ip_0296,m_0091,72.07,0
tx_005973,2025-03-04 05:15:00,u_00151,d_1700,ip_2005,m_0008,33.67,0
tx_005974,2025-03-04 05:30:00,u_02408,d_1190,ip_1716,m_0256,189.56,0
tx_005975,2025-03-04 05:45:00,u_01372,d_1704,ip_0075,m_0083,507.38,0
tx_005976,2025-03-04 06:00:00,u_02328,d_1522,ip_0411,m_0202,533.43,0
tx_005977,2025-03-04 06:15:00,u_00400,d_1199,ip_1380,m_0205,589.01,0
tx_005978,2025-03-04 06:30:00,u_00514,d_0858,ip_1624,m_0211,224.84,0
tx_005979,2025-03-04 06:45:00,u_01526,d_1543,ip_0479,m_0258,162.42,0
tx_005980,2025-03-04 07:00:00,u_01511,d_0333,ip_1643,m_0260,534.99,0
tx_005981,2025-03-04 07:15:00,u_01977,d_1010,ip_1043,m_0000,48.91,0
tx_005982,2025-03-04 07:30:00,u_02320,d_1468,ip_1485,m_0252,95.5,0
tx_005983,2025-03-04 07:45:00,u_02054,d_1699,ip_0932,m_0062,821.27,0
tx_005984,2025-03-04 08:00:00,u_00350,d_0480,ip_0999,m_0193,50.67,0
tx_005985,2025-03-04 08:15:00,u_00773,d_0169,ip_0857,m_0201,143.39,0
tx_005986,2025-03-04 08:30:00,u_02284,d_0600,ip_0345,m_0016,279.03,0
tx_005987,2025-03-04 08:45:00,u_01372,d_1555,ip_0418,m_0085,161.21,0
tx_005988,2025-03-04 09:00:00,u_02167,d_0942,ip_0368,m_0273,468.44,0
tx_005989,2025-03-04 09:15:00,u_01407,d_0099,ip_1765,m_0042,682.44,0
tx_005990,2025-03-04 09:30:00,u_00124,d_0214,ip_0931,m_0069,239.77,0
tx_005991,2025-03-04 09:45:00,u_01182,d_0610,ip_0834,m_0024,595.89,0
tx_005992,2025-03-04 10:00:00,u_02061,d_0616,ip_1882,m_0050,58.63,0
tx_005993,2025-03-04 10:15:00,u_01637,d_0243,ip_1951,m_0191,126.78,0
tx_005994,2025-03-04 10:30:00,u_00331,d_0889,ip_0514,m_0252,1644.5,0
tx_005995,2025-03-04 10:45:00,u_00525,d_0862,ip_0780,m_0178,1035.8,0
tx_005996,2025-03-04 11:00:00,u_02135,d_0358,ip_0905,m_0085,41.39,0
tx_005997,2025-03-04 11:15:00,u_02448,d_0418,ip_1847,m_0257,146.53,0
tx_005998,2025-03-04 11:30:00,u_01882,d_1195,ip_1477,m_0110,170.05,0
tx_005999,2025-03-04 11:45:00,u_00245,d_1713,ip_1197,m_0094,225.1,0
tx_006000,2025-03-04 12:00:00,u_01547,d_1793,ip_0517,m_0151,530.62,0
tx_006001,2025-03-04 12:15:00,ring_u_18_15,ring_d_18,ring_ip_18,ring_m_2,54.56,1
tx_006002,2025-03-04 12:30:00,u_01600,d_0069,ip_0063,m_0106,154.07,0
tx_006003,2025-03-04 12:45:00,u_01485,d_1615,ip_1548,m_0239,455.77,0
tx_006004,2025-03-04 13:00:00,u_01168,d_1710,ip_2021,m_0182,283.78,0
tx_006005,2025-03-04 13:15:00,u_00612,d_0500,ip_1730,m_0296,145.31,0
tx_006006,2025-03-04 13:30:00,u_00701,d_0720,ip_0680,m_0232,27.16,0
tx_006007,2025-03-04 13:45:00,u_01864,d_0046,ip_1061,m_0108,410.95,0
tx_006008,2025-03-04 14:00:00,u_00174,d_1442,ip_2106,m_0230,271.83,0
tx_006009,2025-03-04 14:15:00,u_00211,d_1396,ip_0935,m_0259,219.11,0
tx_006010,2025-03-04 14:30:00,u_00991,d_0037,ip_1846,m_0189,55.63,0
tx_006011,2025-03-04 14:45:00,u_01936,d_1264,ip_1270,m_0228,1052.72,0
tx_006012,2025-03-04 15:00:00,u_01642,d_0741,ip_1097,m_0151,172.86,0
tx_006013,2025-03-04 15:15:00,u_01474,d_0981,ip_1287,m_0273,47.4,0
tx_006014,2025-03-04 15:30:00,u_01335,d_0393,ip_0491,m_0071,40.35,0
tx_006015,2025-03-04 15:45:00,u_00276,d_1467,ip_0936,m_0127,292.21,0
tx_006016,2025-03-04 16:00:00,u_00829,d_0727,ip_0669,m_0076,301.04,0
tx_006017,2025-03-04 16:15:00,u_00198,d_1512,ip_1666,m_0030,93.41,0
tx_006018,2025-03-04 16:30:00,u_01895,d_0266,ip_1347,m_0184,235.72,0
tx_006019,2025-03-04 16:45:00,u_01877,d_1058,ip_0879,m_0035,289.34,0
tx_006020,2025-03-04 17:00:00,u_00645,d_0558,ip_1809,m_0067,170.7,0
tx_006021,2025-03-04 17:15:00,ring_u_9_3,ring_d_9,ring_ip_9,ring_m_1,145.98,1
tx_006022,2025-03-04 17:30:00,u_00793,d_1002,ip_2097,m_0072,388.14,0
tx_006023,2025-03-04 17:45:00,u_02223,d_1295,ip_1331,m_0258,342.97,0
tx_006024,2025-03-04 18:00:00,u_01221,d_0155,ip_1948,m_0014,261.83,0
tx_006025,2025-03-04 18:15:00,u_01905,d_1218,ip_2171,m_0137,64.47,0
tx_006026,2025-03-04 18:30:00,u_01122,d_0181,ip_0719,m_0020,39.21,0
tx_006027,2025-03-04 18:45:00,u_01745,d_0650,ip_0573,m_0017,160.22,0
tx_006028,2025-03-04 19:00:00,u_01320,d_0400,ip_1838,m_0237,375.99,0
tx_006029,2025-03-04 19:15:00,u_00696,d_0004,ip_0510,m_0020,420.05,0
tx_006030,2025-03-04 19:30:00,u_02190,d_1055,ip_1654,m_0267,266.24,0
tx_006031,2025-03-04 19:45:00,u_01772,d_0433,ip_0389,m_0179,94.59,0
tx_006032,2025-03-04 20:00:00,u_01923,d_0922,ip_1913,m_0144,66.41,0
tx_006033,2025-03-04 20:15:00,u_02370,d_1375,ip_1516,m_0275,145.93,0
tx_006034,2025-03-04 20:30:00,u_00621,d_0320,ip_1146,m_0116,147.32,0
tx_006035,2025-03-04 20:45:00,u_00228,d_1277,ip_0988,m_0119,449.12,0
tx_006036,2025-03-04 21:00:00,u_01455,d_0534,ip_1401,m_0122,91.86,0
tx_006037,2025-03-04 21:15:00,u_00815,d_0595,ip_0854,m_0195,99.82,0
tx_006038,2025-03-04 21:30:00,u_01089,d_1038,ip_0875,m_0254,1158.63,0
tx_006039,2025-03-04 21:45:00,u_00586,d_1126,ip_0448,m_0162,700.1,0
tx_006040,2025-03-04 22:00:00,u_00996,d_1179,ip_0347,m_0084,61.39,0
tx_006041,2025-03-04 22:15:00,u_00983,d_0351,ip_1960,m_0266,644.68,0
tx_006042,2025-03-04 22:30:00,u_00876,d_1043,ip_1648,m_0179,48.33,0
tx_006043,2025-03-04 22:45:00,u_01855,d_0474,ip_0974,m_0249,96.15,0
tx_006044,2025-03-04 23:00:00,u_01481,d_0498,ip_1829,m_0129,107.74,0
tx_006045,2025-03-04 23:15:00,u_01185,d_1705,ip_1336,m_0059,137.33,0
tx_006046,2025-03-04 23:30:00,u_00281,d_0181,ip_1317,m_0283,275.82,0
tx_006047,2025-03-04 23:45:00,u_01426,d_0743,ip_0247,m_0203,165.09,0
tx_006048,2025-03-05 00:00:00,u_00437,d_0790,ip_1184,m_0092,274.44,0
tx_006049,2025-03-05 00:15:00,u_00785,d_0440,ip_0237,m_0254,99.3,0
tx_006050,2025-03-05 00:30:00,u_01037,d_1413,ip_1504,m_0002,215.77,0
tx_006051,2025-03-05 00:45:00,u_00353,d_0876,ip_0148,m_0279,160.61,0
tx_006052,2025-03-05 01:00:00,u_00973,d_1294,ip_1131,m_0173,37.03,0
tx_006053,2025-03-05 01:15:00,u_00667,d_0696,ip_0808,m_0176,240.57,0
tx_006054,2025-03-05 01:30:00,u_02124,d_1614,ip_0287,m_0004,163.38,0
tx_006055,2025-03-05 01:45:00,u_02149,d_1313,ip_1040,m_0052,72.68,0
tx_006056,2025-03-05 02:00:00,u_00011,d_0599,ip_0441,m_0216,97.04,0
tx_006057,2025-03-05 02:15:00,u_01506,d_1731,ip_0538,m_0167,99.45,0
tx_006058,2025-03-05 02:30:00,u_01601,d_1557,ip_1957,m_0038,116.17,0
tx_006059,2025-03-05 02:45:00,u_00944,d_1065,ip_0769,m_0199,861.74,0
tx_006060,2025-03-05 03:00:00,ring_u_3_10,ring_d_3,ring_ip_3,ring_m_3,112.17,1
tx_006061,2025-03-05 03:15:00,u_01974,d_1064,ip_0013,m_0081,9.72,0
tx_006062,2025-03-05 03:30:00,u_00944,d_1243,ip_0661,m_0206,241.82,0
tx_006063,2025-03-05 03:45:00,u_00161,d_0656,ip_0772,m_0291,385.66,0
tx_006064,2025-03-05 04:00:00,ring_u_23_2,ring_d_23,ring_ip_23,ring_m_7,1602.16,1
tx_006065,2025-03-05 04:15:00,u_00634,d_1016,ip_0262,m_0068,375.44,0
tx_006066,2025-03-05 04:30:00,u_00956,d_1442,ip_2045,m_0288,776.01,0
tx_006067,2025-03-05 04:45:00,u_00575,d_0574,ip_0282,m_0273,37.64,0
tx_006068,2025-03-05 05:00:00,u_00374,d_0821,ip_1436,m_0137,169.65,0
tx_006069,2025-03-05 05:15:00,u_02463,d_0001,ip_0009,m_0127,1050.21,0
tx_006070,2025-03-05 05:30:00,u_00322,d_1266,ip_1803,m_0250,43.04,0
tx_006071,2025-03-05 05:45:00,u_01765,d_1558,ip_1532,m_0000,132.26,0
tx_006072,2025-03-05 06:00:00,u_01793,d_1397,ip_1842,m_0093,94.78,0
tx_006073,2025-03-05 06:15:00,u_01544,d_0772,ip_2048,m_0162,424.92,0
tx_006074,2025-03-05 06:30:00,u_02278,d_0081,ip_1834,m_0196,488.45,0
tx_006075,2025-03-05 06:45:00,u_00012,d_0885,ip_1367,m_0188,174.57,0
tx_006076,2025-03-05 07:00:00,u_00754,d_1692,ip_1844,m_0111,153.27,0
tx_006077,2025-03-05 07:15:00,u_00460,d_0150,ip_0211,m_0260,26.6,0
tx_006078,2025-03-05 07:30:00,u_01442,d_0385,ip_1419,m_0194,615.85,0
tx_006079,2025-03-05 07:45:00,u_01588,d_1506,ip_2177,m_0162,104.25,0
tx_006080,2025-03-05 08:00:00,u_02244,d_1022,ip_0829,m_0281,128.72,0
tx_006081,2025-03-05 08:15:00,u_00949,d_0306,ip_2146,m_0028,392.13,0
tx_006082,2025-03-05 08:30:00,u_00589,d_0043,ip_1114,m_0212,180.84,0
tx_006083,2025-03-05 08:45:00,u_02310,d_0739,ip_1030,m_0278,404.98,0
tx_006084,2025-03-05 09:00:00,u_01682,d_1070,ip_0660,m_0198,271.35,0
tx_006085,2025-03-05 09:15:00,u_01911,d_1512,ip_0237,m_0169,181.96,0
tx_006086,2025-03-05 09:30:00,u_01112,d_1590,ip_1927,m_0109,202.44,0
tx_006087,2025-03-05 09:45:00,u_01118,d_0824,ip_1585,m_0081,48.29,0
tx_006088,2025-03-05 10:00:00,u_00972,d_0760,ip_0880,m_0163,127.87,0
tx_006089,2025-03-05 10:15:00,u_01873,d_1676,ip_2115,m_0269,438.8,0
tx_006090,2025-03-05 10:30:00,u_00526,d_1398,ip_0404,m_0138,60.42,0
tx_006091,2025-03-05 10:45:00,u_02438,d_0376,ip_1713,m_0036,72.58,0
tx_006092,2025-03-05 11:00:00,u_00439,d_1226,ip_0994,m_0145,61.58,0
tx_006093,2025-03-05 11:15:00,u_01152,d_1287,ip_1373,m_0029,173.02,0
tx_006094,2025-03-05 11:30:00,u_00786,d_0421,ip_0081,m_0280,603.37,0
tx_006095,2025-03-05 11:45:00,u_01606,d_1760,ip_1343,m_0160,256.51,0
tx_006096,2025-03-05 12:00:00,u_01701,d_0534,ip_1494,m_0064,16.83,0
tx_006097,2025-03-05 12:15:00,u_02296,d_0989,ip_2151,m_0187,283.9,0
tx_006098,2025-03-05 12:30:00,u_01973,d_0888,ip_0761,m_0161,95.38,0
tx_006099,2025-03-05 12:45:00,u_00621,d_1245,ip_0160,m_0153,247.0,0
tx_006100,2025-03-05 13:00:00,u_00516,d_1622,ip_0135,m_0177,127.8,0
tx_006101,2025-03-05 13:15:00,u_02216,d_0707,ip_0329,m_0278,62.77,0
tx_006102,2025-03-05 13:30:00,u_01219,d_0692,ip_0658,m_0256,138.18,0
tx_006103,2025-03-05 13:45:00,u_00243,d_1352,ip_1827,m_0078,95.44,0
tx_006104,2025-03-05 14:00:00,u_02062,d_1714,ip_0429,m_0071,201.89,0
tx_006105,2025-03-05 14:15:00,u_01621,d_1635,ip_0319,m_0297,61.19,0
tx_006106,2025-03-05 14:30:00,u_00063,d_1354,ip_0070,m_0193,48.19,0
tx_006107,2025-03-05 14:45:00,u_01957,d_1265,ip_0843,m_0005,308.61,0
tx_006108,2025-03-05 15:00:00,u_01518,d_1383,ip_1327,m_0158,449.82,0
tx_006109,2025-03-05 15:15:00,u_01536,d_1684,ip_0619,m_0035,265.09,0
tx_006110,2025-03-05 15:30:00,u_02162,d_0019,ip_1090,m_0008,77.57,0
tx_006111,2025-03-05 15:45:00,u_01238,d_1059,ip_0535,m_0055,70.81,0
tx_006112,2025-03-05 16:00:00,u_01153,d_0061,ip_1760,m_0076,75.0,0
tx_006113,2025-03-05 16:15:00,u_01543,d_1038,ip_0056,m_0023,361.55,0
tx_006114,2025-03-05 16:30:00,u_00494,d_0710,ip_0441,m_0250,65.04,0
tx_006115,2025-03-05 16:45:00,u_00379,d_0548,ip_1245,m_0131,359.26,0
tx_006116,2025-03-05 17:00:00,u_02109,d_1603,ip_1853,m_0165,280.59,0
tx_006117,2025-03-05 17:15:00,ring_u_2_6,ring_d_2,ring_ip_2,ring_m_2,3340.64,1
tx_006118,2025-03-05 17:30:00,u_01260,d_1021,ip_0153,m_0251,429.73,0
tx_006119,2025-03-05 17:45:00,u_00674,d_1587,ip_1213,m_0246,255.36,0
tx_006120,2025-03-05 18:00:00,u_00576,d_0176,ip_0594,m_0058,34.17,0
tx_006121,2025-03-05 18:15:00,u_01494,d_1163,ip_0669,m_0223,273.18,0
tx_006122,2025-03-05 18:30:00,u_02005,d_0281,ip_2028,m_0298,166.58,0
tx_006123,2025-03-05 18:45:00,u_01104,d_0419,ip_2071,m_0002,102.18,0
tx_006124,2025-03-05 19:00:00,u_00346,d_0333,ip_0569,m_0260,579.53,0
tx_006125,2025-03-05 19:15:00,u_00611,d_0979,ip_1300,m_0259,127.57,0
tx_006126,2025-03-05 19:30:00,u_00411,d_1132,ip_1189,m_0252,87.4,0
tx_006127,2025-03-05 19:45:00,u_02207,d_1360,ip_2114,m_0118,456.71,0
tx_006128,2025-03-05 20:00:00,u_00798,d_0793,ip_2081,m_0059,98.98,0
tx_006129,2025-03-05 20:15:00,u_00934,d_1690,ip_0770,m_0219,83.14,0
tx_006130,2025-03-05 20:30:00,u_00177,d_0672,ip_0055,m_0186,48.08,0
tx_006131,2025-03-05 20:45:00,u_01115,d_0281,ip_0005,m_0218,65.35,0
tx_006132,2025-03-05 21:00:00,u_02284,d_0065,ip_0010,m_0076,71.21,0
tx_006133,2025-03-05 21:15:00,u_01024,d_0229,ip_1718,m_0053,276.18,0
tx_006134,2025-03-05 21:30:00,u_01628,d_0801,ip_1627,m_0270,53.57,0
tx_006135,2025-03-05 21:45:00,u_00454,d_0743,ip_1820,m_0154,23.15,0
tx_006136,2025-03-05 22:00:00,u_00357,d_1537,ip_0306,m_0255,200.98,0
tx_006137,2025-03-05 22:15:00,u_01829,d_0226,ip_0129,m_0277,78.73,0
tx_006138,2025-03-05 22:30:00,u_00164,d_0472,ip_0374,m_0137,146.02,0
tx_006139,2025-03-05 22:45:00,u_01121,d_1764,ip_1375,m_0078,535.08,0
tx_006140,2025-03-05 23:00:00,u_00791,d_0051,ip_0019,m_0268,159.42,0
tx_006141,2025-03-05 23:15:00,u_00040,d_0763,ip_1454,m_0214,671.57,0
tx_006142,2025-03-05 23:30:00,u_01328,d_0356,ip_1955,m_0199,138.64,0
tx_006143,2025-03-05 23:45:00,u_02410,d_0960,ip_0320,m_0287,406.25,0
tx_006144,2025-03-06 00:00:00,u_00172,d_1752,ip_1625,m_0073,85.85,0
tx_006145,2025-03-06 00:15:00,u_02039,d_0408,ip_1215,m_0108,165.29,0
tx_006146,2025-03-06 00:30:00,u_01347,d_0666,ip_2077,m_0011,58.38,0
tx_006147,2025-03-06 00:45:00,u_01808,d_0808,ip_0535,m_0116,65.75,0
tx_006148,2025-03-06 01:00:00,u_00241,d_1437,ip_0499,m_0133,118.55,0
tx_006149,2025-03-06 01:15:00,u_02172,d_1772,ip_0036,m_0135,39.31,0
tx_006150,2025-03-06 01:30:00,u_00028,d_0173,ip_1551,m_0045,174.05,0
tx_006151,2025-03-06 01:45:00,u_02267,d_0879,ip_1907,m_0242,109.64,0
tx_006152,2025-03-06 02:00:00,u_01644,d_1354,ip_0041,m_0146,187.65,0
tx_006153,2025-03-06 02:15:00,u_00843,d_0015,ip_1081,m_0131,39.92,0
tx_006154,2025-03-06 02:30:00,u_00017,d_1450,ip_1593,m_0259,299.39,0
tx_006155,2025-03-06 02:45:00,u_01527,d_0436,ip_1719,m_0145,810.47,0
tx_006156,2025-03-06 03:00:00,u_00218,d_0933,ip_2046,m_0267,656.24,0
tx_006157,2025-03-06 03:15:00,u_01522,d_1761,ip_1590,m_0066,996.16,0
tx_006158,2025-03-06 03:30:00,u_01932,d_1143,ip_2025,m_0255,154.85,0
tx_006159,2025-03-06 03:45:00,u_00668,d_1780,ip_2186,m_0296,104.34,0
tx_006160,2025-03-06 04:00:00,u_00596,d_1086,ip_2040,m_0225,241.67,0
tx_006161,2025-03-06 04:15:00,u_00554,d_0378,ip_0963,m_0267,116.95,0
tx_006162,2025-03-06 04:30:00,u_00562,d_1246,ip_0895,m_0222,26.04,0
tx_006163,2025-03-06 04:45:00,u_00284,d_1107,ip_0940,m_0180,336.74,0
tx_006164,2025-03-06 05:00:00,u_00624,d_0559,ip_2091,m_0229,117.4,0
tx_006165,2025-03-06 05:15:00,u_01648,d_0138,ip_0619,m_0288,34.21,0
tx_006166,2025-03-06 05:30:00,u_00756,d_1166,ip_1655,m_0181,89.27,0
tx_006167,2025-03-06 05:45:00,u_01952,d_1039,ip_1375,m_0206,120.1,0
tx_006168,2025-03-06 06:00:00,u_02048,d_1392,ip_0135,m_0023,150.18,0
tx_006169,2025-03-06 06:15:00,u_01902,d_0226,ip_1069,m_0287,151.99,0
tx_006170,2025-03-06 06:30:00,u_01348,d_0969,ip_0428,m_0233,583.49,0
tx_006171,2025-03-06 06:45:00,ring_u_10_5,ring_d_10,ring_ip_10,ring_m_2,1135.4,1
tx_006172,2025-03-06 07:00:00,u_02324,d_1604,ip_0984,m_0086,127.47,0
tx_006173,2025-03-06 07:15:00,u_00513,d_1691,ip_0784,m_0067,61.62,0
tx_006174,2025-03-06 07:30:00,u_01161,d_0381,ip_0144,m_0095,521.22,0
tx_006175,2025-03-06 07:45:00,u_01134,d_0311,ip_0287,m_0265,84.65,0
tx_006176,2025-03-06 08:00:00,u_01863,d_1036,ip_1680,m_0139,105.23,0
tx_006177,2025-03-06 08:15:00,u_01367,d_0832,ip_1897,m_0125,423.98,0
tx_006178,2025-03-06 08:30:00,u_01998,d_0421,ip_0640,m_0233,558.23,0
tx_006179,2025-03-06 08:45:00,u_02297,d_0183,ip_1821,m_0111,647.18,0
tx_006180,2025-03-06 09:00:00,u_00976,d_0258,ip_1214,m_0265,28.7,0
tx_006181,2025-03-06 09:15:00,u_02187,d_0610,ip_0772,m_0226,240.55,0
tx_006182,2025-03-06 09:30:00,u_00424,d_1331,ip_0993,m_0077,194.44,0
tx_006183,2025-03-06 09:45:00,u_02290,d_0117,ip_1518,m_0189,141.0,0
tx_006184,2025-03-06 10:00:00,u_00444,d_0189,ip_2000,m_0144,158.63,0
tx_006185,2025-03-06 10:15:00,u_02125,d_0476,ip_1083,m_0103,536.88,0
tx_006186,2025-03-06 10:30:00,u_00975,d_1572,ip_0762,m_0271,419.3,0
tx_006187,2025-03-06 10:45:00,u_02411,d_1782,ip_1674,m_0119,363.91,0
tx_006188,2025-03-06 11:00:00,u_00322,d_0792,ip_1155,m_0035,182.53,0
tx_006189,2025-03-06 11:15:00,u_01163,d_0080,ip_0858,m_0122,1437.4,0
tx_006190,2025-03-06 11:30:00,ring_u_11_3,ring_d_11,ring_ip_11,ring_m_3,2116.72,1
tx_006191,2025-03-06 11:45:00,u_00118,d_1546,ip_1178,m_0037,29.49,0
tx_006192,2025-03-06 12:00:00,u_00662,d_0800,ip_0308,m_0222,113.84,0
tx_006193,2025-03-06 12:15:00,u_00208,d_0139,ip_0127,m_0068,157.23,0
tx_006194,2025-03-06 12:30:00,u_00803,d_1500,ip_1462,m_0027,546.31,0
tx_006195,2025-03-06 12:45:00,u_00975,d_0952,ip_0384,m_0161,89.03,0
tx_006196,2025-03-06 13:00:00,u_01547,d_0629,ip_1169,m_0048,242.56,0
tx_006197,2025-03-06 13:15:00,u_00644,d_0813,ip_1719,m_0234,33.88,0
tx_006198,2025-03-06 13:30:00,u_00396,d_0405,ip_0472,m_0020,437.65,0
tx_006199,2025-03-06 13:45:00,u_00424,d_1676,ip_0839,m_0125,158.91,0
tx_006200,2025-03-06 14:00:00,u_02346,d_1417,ip_2152,m_0015,112.11,0
tx_006201,2025-03-06 14:15:00,u_02383,d_0358,ip_0077,m_0115,1250.94,0
tx_006202,2025-03-06 14:30:00,u_00553,d_1322,ip_1662,m_0279,432.64,0
tx_006203,2025-03-06 14:45:00,ring_u_5_2,ring_d_5,ring_ip_5,ring_m_5,1868.22,1
tx_006204,2025-03-06 15:00:00,u_00135,d_0815,ip_1992,m_0160,133.03,0
tx_006205,2025-03-06 15:15:00,u_02398,d_1347,ip_0905,m_0047,2290.03,0
tx_006206,2025-03-06 15:30:00,u_01765,d_0065,ip_0014,m_0093,1073.65,0
tx_006207,2025-03-06 15:45:00,u_01902,d_1306,ip_1579,m_0114,373.52,0
tx_006208,2025-03-06 16:00:00,u_00726,d_0406,ip_0323,m_0173,23.41,0
tx_006209,2025-03-06 16:15:00,u_01602,d_1258,ip_0799,m_0062,562.36,0
tx_006210,2025-03-06 16:30:00,u_00149,d_0898,ip_1105,m_0299,78.63,0
tx_006211,2025-03-06 16:45:00,u_01690,d_0047,ip_1639,m_0195,557.53,0
tx_006212,2025-03-06 17:00:00,u_01449,d_1371,ip_0921,m_0093,72.05,0
tx_006213,2025-03-06 17:15:00,u_00828,d_0467,ip_1887,m_0033,241.97,0
tx_006214,2025-03-06 17:30:00,u_01776,d_1714,ip_1059,m_0178,78.24,0
tx_006215,2025-03-06 17:45:00,u_01616,d_1511,ip_0750,m_0134,103.21,0
tx_006216,2025-03-06 18:00:00,u_01097,d_0347,ip_0741,m_0202,276.5,0
tx_006217,2025-03-06 18:15:00,u_00466,d_1081,ip_1760,m_0178,39.69,0
tx_006218,2025-03-06 18:30:00,ring_u_20_7,ring_d_20,ring_ip_20,ring_m_4,3451.19,1
tx_006219,2025-03-06 18:45:00,u_02344,d_1083,ip_0279,m_0250,53.13,0
tx_006220,2025-03-06 19:00:00,u_00703,d_1002,ip_1650,m_0157,50.24,0
tx_006221,2025-03-06 19:15:00,u_00754,d_0532,ip_0913,m_0217,277.31,0
tx_006222,2025-03-06 19:30:00,u_01702,d_1172,ip_0767,m_0107,540.2,0
tx_006223,2025-03-06 19:45:00,u_00637,d_0468,ip_0214,m_0282,107.37,0
tx_006224,2025-03-06 20:00:00,u_00939,d_1633,ip_2196,m_0122,50.83,0
tx_006225,2025-03-06 20:15:00,u_01777,d_1703,ip_0115,m_0203,59.0,0
tx_006226,2025-03-06 20:30:00,ring_u_8_7,ring_d_8,ring_ip_8,ring_m_0,2220.37,1
tx_006227,2025-03-06 20:45:00,u_01641,d_1309,ip_0141,m_0104,201.98,0
tx_006228,2025-03-06 21:00:00,u_00011,d_1672,ip_1111,m_0030,138.38,0
tx_006229,2025-03-06 21:15:00,u_01128,d_0228,ip_0230,m_0069,227.2,0
tx_006230,2025-03-06 21:30:00,u_01188,d_1331,ip_1084,m_0073,213.76,0
tx_006231,2025-03-06 21:45:00,u_01581,d_1687,ip_1838,m_0016,338.43,0
tx_006232,2025-03-06 22:00:00,u_00378,d_0405,ip_1298,m_0163,98.5,0
tx_006233,2025-03-06 22:15:00,u_00398,d_1048,ip_1196,m_0083,70.94,0
tx_006234,2025-03-06 22:30:00,ring_u_18_0,ring_d_18,ring_ip_18,ring_m_2,104.68,1
tx_006235,2025-03-06 22:45:00,u_01683,d_0600,ip_2084,m_0041,140.47,0
tx_006236,2025-03-06 23:00:00,u_02027,d_0428,ip_0825,m_0082,191.13,0
tx_006237,2025-03-06 23:15:00,u_00676,d_0714,ip_1183,m_0110,72.84,0
tx_006238,2025-03-06 23:30:00,ring_u_7_15,ring_d_7,ring_ip_7,ring_m_7,614.32,1
tx_006239,2025-03-06 23:45:00,u_00682,d_1305,ip_1383,m_0210,45.68,0
tx_006240,2025-03-07 00:00:00,u_01627,d_0667,ip_1616,m_0214,95.55,0
tx_006241,2025-03-07 00:15:00,u_00405,d_0677,ip_0405,m_0207,459.0,0
tx_006242,2025-03-07 00:30:00,u_02296,d_1700,ip_1012,m_0240,47.88,0
tx_006243,2025-03-07 00:45:00,u_00830,d_1041,ip_1189,m_0095,424.22,0
tx_006244,2025-03-07 01:00:00,u_02006,d_1672,ip_0386,m_0029,36.27,0
tx_006245,2025-03-07 01:15:00,u_00828,d_1278,ip_0847,m_0152,30.41,0
tx_006246,2025-03-07 01:30:00,u_01977,d_1593,ip_1829,m_0000,33.32,0
tx_006247,2025-03-07 01:45:00,u_01135,d_0351,ip_2049,m_0065,166.8,0
tx_006248,2025-03-07 02:00:00,u_00156,d_1688,ip_1811,m_0225,307.84,0
tx_006249,2025-03-07 02:15:00,u_00476,d_1699,ip_2054,m_0150,540.55,0
tx_006250,2025-03-07 02:30:00,u_01708,d_0073,ip_2196,m_0207,499.13,0
tx_006251,2025-03-07 02:45:00,u_00482,d_0641,ip_0436,m_0153,351.67,0
tx_006252,2025-03-07 03:00:00,u_00688,d_0743,ip_1882,m_0162,64.6,0
tx_006253,2025-03-07 03:15:00,u_01354,d_0754,ip_1364,m_0090,64.04,0
tx_006254,2025-03-07 03:30:00,u_00632,d_1401,ip_1889,m_0065,326.29,0
tx_006255,2025-03-07 03:45:00,u_00322,d_1257,ip_1403,m_0077,614.81,0
tx_006256,2025-03-07 04:00:00,u_01560,d_0383,ip_0274,m_0239,52.92,0
tx_006257,2025-03-07 04:15:00,u_01722,d_1095,ip_1237,m_0293,541.31,0
tx_006258,2025-03-07 04:30:00,u_01832,d_1754,ip_1672,m_0024,21.75,0
tx_006259,2025-03-07 04:45:00,u_02359,d_0792,ip_0273,m_0161,219.19,0
tx_006260,2025-03-07 05:00:00,u_00311,d_1670,ip_1109,m_0141,133.78,0
tx_006261,2025-03-07 05:15:00,u_01066,d_1169,ip_1438,m_0168,121.0,0
tx_006262,2025-03-07 05:30:00,u_00584,d_1664,ip_1021,m_0069,153.13,0
tx_006263,2025-03-07 05:45:00,u_02252,d_1625,ip_1757,m_0002,63.2,0
tx_006264,2025-03-07 06:00:00,u_01349,d_0030,ip_0279,m_0061,231.85,0
tx_006265,2025-03-07 06:15:00,u_00245,d_1440,ip_0759,m_0054,157.7,0
tx_006266,2025-03-07 06:30:00,u_01730,d_0340,ip_2092,m_0015,378.16,0
tx_006267,2025-03-07 06:45:00,u_00107,d_1483,ip_1132,m_0106,728.07,0
tx_006268,2025-03-07 07:00:00,u_00685,d_1454,ip_0398,m_0205,168.5,0
tx_006269,2025-03-07 07:15:00,u_01803,d_0465,ip_0255,m_0289,65.45,0
tx_006270,2025-03-07 07:30:00,u_01265,d_0119,ip_1304,m_0197,47.57,0
tx_006271,2025-03-07 07:45:00,u_01902,d_0754,ip_2047,m_0052,810.99,0
tx_006272,2025-03-07 08:00:00,u_01427,d_0545,ip_0108,m_0108,713.64,0
tx_006273,2025-03-07 08:15:00,u_02107,d_0996,ip_0240,m_0090,360.46,0
tx_006274,2025-03-07 08:30:00,u_01406,d_0147,ip_0825,m_0063,157.57,0
tx_006275,2025-03-07 08:45:00,u_00142,d_0079,ip_0458,m_0297,335.35,0
tx_006276,2025-03-07 09:00:00,u_00178,d_0786,ip_0266,m_0196,547.01,0
tx_006277,2025-03-07 09:15:00,u_01942,d_1385,ip_0656,m_0144,80.0,0
tx_006278,2025-03-07 09:30:00,u_00096,d_0566,ip_1414,m_0131,152.9,0
tx_006279,2025-03-07 09:45:00,u_00941,d_0582,ip_1816,m_0095,49.1,0
tx_006280,2025-03-07 10:00:00,u_00040,d_0295,ip_0674,m_0125,130.44,0
tx_006281,2025-03-07 10:15:00,u_00758,d_0508,ip_1541,m_0190,695.25,0
tx_006282,2025-03-07 10:30:00,u_01487,d_0537,ip_1810,m_0278,436.39,0
tx_006283,2025-03-07 10:45:00,u_00432,d_0466,ip_0015,m_0148,169.87,0
tx_006284,2025-03-07 11:00:00,u_01165,d_0618,ip_1876,m_0055,10.04,0
tx_006285,2025-03-07 11:15:00,u_02490,d_0510,ip_0403,m_0287,77.03,0
tx_006286,2025-03-07 11:30:00,u_00176,d_1225,ip_1507,m_0094,164.42,0
tx_006287,2025-03-07 11:45:00,u_00159,d_0608,ip_1650,m_0024,119.59,0
tx_006288,2025-03-07 12:00:00,u_00678,d_1358,ip_1859,m_0163,153.36,0
tx_006289,2025-03-07 12:15:00,u_02067,d_1088,ip_0888,m_0237,189.16,0
tx_006290,2025-03-07 12:30:00,u_01014,d_1152,ip_1450,m_0077,87.04,0
tx_006291,2025-03-07 12:45:00,u_01598,d_1050,ip_0057,m_0083,147.3,0
tx_006292,2025-03-07 13:00:00,u_00084,d_1661,ip_0983,m_0086,127.81,0
tx_006293,2025-03-07 13:15:00,u_01837,d_0460,ip_2120,m_0242,73.46,0
tx_006294,2025-03-07 13:30:00,u_00168,d_1768,ip_0348,m_0287,940.43,0
tx_006295,2025-03-07 13:45:00,u_01779,d_0371,ip_0332,m_0254,92.16,0
tx_006296,2025-03-07 14:00:00,u_00369,d_0248,ip_1540,m_0067,15.58,0
tx_006297,2025-03-07 14:15:00,u_02146,d_1487,ip_1123,m_0254,882.95,0
tx_006298,2025-03-07 14:30:00,u_00740,d_1612,ip_1000,m_0092,63.67,0
tx_006299,2025-03-07 14:45:00,u_00459,d_0166,ip_0546,m_0260,365.0,0
tx_006300,2025-03-07 15:00:00,u_00841,d_1079,ip_0376,m_0297,75.12,0
tx_006301,2025-03-07 15:15:00,u_00002,d_0923,ip_1622,m_0215,262.24,0
tx_006302,2025-03-07 15:30:00,u_00412,d_0396,ip_0787,m_0286,141.44,0
tx_006303,2025-03-07 15:45:00,u_01496,d_0937,ip_1708,m_0042,403.56,0
tx_006304,2025-03-07 16:00:00,u_00751,d_1234,ip_0975,m_0196,119.86,0
tx_006305,2025-03-07 16:15:00,u_00884,d_1033,ip_0873,m_0015,77.07,0
tx_006306,2025-03-07 16:30:00,u_02018,d_0935,ip_0506,m_0195,191.91,0
tx_006307,2025-03-07 16:45:00,u_00309,d_1594,ip_1448,m_0102,101.24,0
tx_006308,2025-03-07 17:00:00,u_00989,d_0405,ip_0626,m_0290,21.56,0
tx_006309,2025-03-07 17:15:00,u_00465,d_1123,ip_1999,m_0148,81.33,0
tx_006310,2025-03-07 17:30:00,u_01207,d_0569,ip_0898,m_0228,2614.35,0
tx_006311,2025-03-07 17:45:00,u_00829,d_1752,ip_1792,m_0090,24.01,0
tx_006312,2025-03-07 18:00:00,u_00115,d_0452,ip_1033,m_0022,188.87,0
tx_006313,2025-03-07 18:15:00,u_00175,d_1568,ip_0912,m_0222,116.41,0
tx_006314,2025-03-07 18:30:00,u_02130,d_1137,ip_0997,m_0066,931.15,0
tx_006315,2025-03-07 18:45:00,u_00142,d_0386,ip_0971,m_0216,48.86,0
tx_006316,2025-03-07 19:00:00,u_01956,d_1365,ip_1053,m_0139,164.24,0
tx_006317,2025-03-07 19:15:00,u_02290,d_0434,ip_1951,m_0291,294.77,0
tx_006318,2025-03-07 19:30:00,u_01164,d_0472,ip_1546,m_0105,124.05,0
tx_006319,2025-03-07 19:45:00,u_00780,d_0620,ip_0075,m_0120,68.89,0
tx_006320,2025-03-07 20:00:00,ring_u_19_14,ring_d_19,ring_ip_19,ring_m_3,1102.26,1
tx_006321,2025-03-07 20:15:00,u_02455,d_0704,ip_0050,m_0235,108.91,0
tx_006322,2025-03-07 20:30:00,u_00301,d_1024,ip_1520,m_0037,108.6,0
tx_006323,2025-03-07 20:45:00,u_02410,d_0995,ip_0452,m_0222,376.42,0
tx_006324,2025-03-07 21:00:00,u_02359,d_0353,ip_0847,m_0147,222.06,0
tx_006325,2025-03-07 21:15:00,ring_u_13_5,ring_d_13,ring_ip_13,ring_m_5,1069.69,1
tx_006326,2025-03-07 21:30:00,u_00136,d_0552,ip_0289,m_0189,206.5,0
tx_006327,2025-03-07 21:45:00,u_01787,d_0400,ip_0337,m_0232,387.56,0
tx_006328,2025-03-07 22:00:00,u_00194,d_1653,ip_0174,m_0103,546.9,0
tx_006329,2025-03-07 22:15:00,u_01502,d_0686,ip_0627,m_0085,111.42,0
tx_006330,2025-03-07 22:30:00,u_00161,d_0728,ip_0197,m_0235,336.79,0
tx_006331,2025-03-07 22:45:00,u_01726,d_1209,ip_1383,m_0004,40.6,0
tx_006332,2025-03-07 23:00:00,u_00579,d_1418,ip_1620,m_0174,15.59,0
tx_006333,2025-03-07 23:15:00,u_00240,d_1238,ip_0405,m_0290,921.87,0
tx_006334,2025-03-07 23:30:00,u_00166,d_0992,ip_1153,m_0297,106.34,0
tx_006335,2025-03-07 23:45:00,u_00471,d_1757,ip_0666,m_0214,191.04,0
tx_006336,2025-03-08 00:00:00,ring_u_8_14,ring_d_8,ring_ip_8,ring_m_0,4073.57,1
tx_006337,2025-03-08 00:15:00,u_00191,d_0364,ip_1027,m_0243,41.62,0
tx_006338,2025-03-08 00:30:00,u_02005,d_0288,ip_1534,m_0004,72.75,0
tx_006339,2025-03-08 00:45:00,u_01510,d_0707,ip_0501,m_0237,282.28,0
tx_006340,2025-03-08 01:00:00,u_00743,d_1503,ip_1733,m_0056,88.54,0
tx_006341,2025-03-08 01:15:00,u_02466,d_1736,ip_2183,m_0220,106.08,0
tx_006342,2025-03-08 01:30:00,u_01646,d_1264,ip_0123,m_0104,70.49,0
tx_006343,2025-03-08 01:45:00,u_01679,d_1242,ip_0359,m_0225,476.18,0
tx_006344,2025-03-08 02:00:00,u_00434,d_0420,ip_0636,m_0180,353.73,0
tx_006345,2025-03-08 02:15:00,u_01776,d_1066,ip_1869,m_0278,91.46,0
tx_006346,2025-03-08 02:30:00,ring_u_18_17,ring_d_18,ring_ip_18,ring_m_2,61.58,1
tx_006347,2025-03-08 02:45:00,u_02461,d_0971,ip_1034,m_0274,116.14,0
tx_006348,2025-03-08 03:00:00,u_01194,d_0348,ip_1182,m_0045,105.9,0
tx_006349,2025-03-08 03:15:00,u_01695,d_0135,ip_0284,m_0113,141.22,0
tx_006350,2025-03-08 03:30:00,u_00852,d_1741,ip_0092,m_0131,282.37,0
tx_006351,2025-03-08 03:45:00,u_00100,d_1608,ip_0260,m_0009,60.81,0
tx_006352,2025-03-08 04:00:00,u_00319,d_1233,ip_0123,m_0006,245.28,0
tx_006353,2025-03-08 04:15:00,u_02167,d_1125,ip_1100,m_0011,1804.11,0
tx_006354,2025-03-08 04:30:00,u_01845,d_0431,ip_2060,m_0230,178.24,0
tx_006355,2025-03-08 04:45:00,u_00911,d_1029,ip_0777,m_0133,153.81,0
tx_006356,2025-03-08 05:00:00,u_01744,d_1346,ip_0564,m_0225,136.43,0
tx_006357,2025-03-08 05:15:00,u_00010,d_0971,ip_0516,m_0250,239.42,0
tx_006358,2025-03-08 05:30:00,ring_u_8_10,ring_d_8,ring_ip_8,ring_m_0,2723.41,1
tx_006359,2025-03-08 05:45:00,u_01268,d_0705,ip_2109,m_0254,813.29,0
tx_006360,2025-03-08 06:00:00,u_01562,d_1513,ip_1426,m_0067,395.91,0
tx_006361,2025-03-08 06:15:00,u_02342,d_0458,ip_1019,m_0121,77.9,0
tx_006362,2025-03-08 06:30:00,u_01899,d_1730,ip_0351,m_0288,153.17,0
tx_006363,2025-03-08 06:45:00,ring_u_18_10,ring_d_18,ring_ip_18,ring_m_2,112.39,1
tx_006364,2025-03-08 07:00:00,u_02037,d_1602,ip_0002,m_0281,200.18,0
tx_006365,2025-03-08 07:15:00,u_01228,d_0917,ip_0360,m_0151,157.8,0
tx_006366,2025-03-08 07:30:00,u_02065,d_0402,ip_1493,m_0004,186.54,0
tx_006367,2025-03-08 07:45:00,u_00434,d_0061,ip_0403,m_0249,53.07,0
tx_006368,2025-03-08 08:00:00,u_00065,d_0962,ip_0238,m_0013,91.69,0
tx_006369,2025-03-08 08:15:00,u_00144,d_0718,ip_1311,m_0190,466.87,0
tx_006370,2025-03-08 08:30:00,u_02477,d_0204,ip_0057,m_0137,87.03,0
tx_006371,2025-03-08 08:45:00,u_00201,d_1671,ip_0593,m_0041,10.55,0
tx_006372,2025-03-08 09:00:00,u_02348,d_1746,ip_1414,m_0154,127.66,0
tx_006373,2025-03-08 09:15:00,u_01817,d_0673,ip_0406,m_0108,1654.89,0
tx_006374,2025-03-08 09:30:00,u_00365,d_1202,ip_1670,m_0029,346.84,0
tx_006375,2025-03-08 09:45:00,u_02160,d_0743,ip_0208,m_0166,82.75,0
tx_006376,2025-03-08 10:00:00,u_00360,d_0894,ip_1349,m_0013,141.09,0
tx_006377,2025-03-08 10:15:00,u_00358,d_1123,ip_0167,m_0161,292.91,0
tx_006378,2025-03-08 10:30:00,u_01438,d_0749,ip_1609,m_0067,25.63,0
tx_006379,2025-03-08 10:45:00,u_00720,d_1443,ip_1656,m_0249,63.05,0
tx_006380,2025-03-08 11:00:00,u_00727,d_0340,ip_1748,m_0285,221.04,0
tx_006381,2025-03-08 11:15:00,u_00487,d_1203,ip_0620,m_0279,731.05,0
tx_006382,2025-03-08 11:30:00,u_01519,d_1769,ip_0519,m_0281,95.65,0
tx_006383,2025-03-08 11:45:00,u_00067,d_1530,ip_2152,m_0030,711.25,0
tx_006384,2025-03-08 12:00:00,u_00612,d_0082,ip_1604,m_0152,69.8,0
tx_006385,2025-03-08 12:15:00,u_01383,d_0205,ip_0402,m_0067,5.03,0
tx_006386,2025-03-08 12:30:00,u_01216,d_1131,ip_0064,m_0029,312.25,0
tx_006387,2025-03-08 12:45:00,ring_u_6_15,ring_d_6,ring_ip_6,ring_m_6,114.23,1
tx_006388,2025-03-08 13:00:00,u_00540,d_1519,ip_1463,m_0128,309.88,0
tx_006389,2025-03-08 13:15:00,u_01619,d_1627,ip_0824,m_0088,298.0,0
tx_006390,2025-03-08 13:30:00,u_01899,d_0269,ip_1777,m_0034,179.78,0
tx_006391,2025-03-08 13:45:00,u_00970,d_0934,ip_1100,m_0122,114.57,0
tx_006392,2025-03-08 14:00:00,u_00642,d_1306,ip_2180,m_0046,119.02,0
tx_006393,2025-03-08 14:15:00,u_01387,d_1124,ip_1915,m_0012,93.65,0
tx_006394,2025-03-08 14:30:00,u_01447,d_1398,ip_1036,m_0135,99.45,0
tx_006395,2025-03-08 14:45:00,u_00235,d_0383,ip_1836,m_0019,24.26,0
tx_006396,2025-03-08 15:00:00,u_01412,d_0822,ip_0985,m_0289,44.07,0
tx_006397,2025-03-08 15:15:00,u_00385,d_0806,ip_0021,m_0251,126.04,0
tx_006398,2025-03-08 15:30:00,u_01422,d_1691,ip_0677,m_0277,15.79,0
tx_006399,2025-03-08 15:45:00,u_02329,d_0364,ip_0900,m_0030,19.93,0
tx_006400,2025-03-08 16:00:00,u_01342,d_0587,ip_2148,m_0139,106.24,0
tx_006401,2025-03-08 16:15:00,u_01903,d_0039,ip_1821,m_0247,130.54,0
tx_006402,2025-03-08 16:30:00,u_00774,d_0273,ip_0322,m_0172,108.49,0
tx_006403,2025-03-08 16:45:00,u_02306,d_1765,ip_0000,m_0091,13.74,0
tx_006404,2025-03-08 17:00:00,u_02031,d_1525,ip_1163,m_0249,700.92,0
tx_006405,2025-03-08 17:15:00,ring_u_10_15,ring_d_10,ring_ip_10,ring_m_2,949.47,1
tx_006406,2025-03-08 17:30:00,u_01853,d_1263,ip_1617,m_0292,65.49,0
tx_006407,2025-03-08 17:45:00,u_01623,d_1067,ip_0570,m_0030,42.02,0
tx_006408,2025-03-08 18:00:00,u_01312,d_1631,ip_1786,m_0211,544.04,0
tx_006409,2025-03-08 18:15:00,u_02320,d_0540,ip_0908,m_0003,226.2,0
tx_006410,2025-03-08 18:30:00,u_02120,d_1789,ip_0736,m_0274,92.46,0
tx_006411,2025-03-08 18:45:00,u_01041,d_0667,ip_0924,m_0106,86.17,0
tx_006412,2025-03-08 19:00:00,u_00214,d_1290,ip_2077,m_0006,177.61,0
tx_006413,2025-03-08 19:15:00,u_00009,d_0715,ip_0861,m_0250,42.67,0
tx_006414,2025-03-08 19:30:00,u_00583,d_1208,ip_1233,m_0290,217.18,0
tx_006415,2025-03-08 19:45:00,u_00156,d_0603,ip_1962,m_0275,85.74,0
tx_006416,2025-03-08 20:00:00,u_00528,d_1517,ip_0040,m_0145,249.54,0
tx_006417,2025-03-08 20:15:00,u_00273,d_1147,ip_1180,m_0018,241.22,0
tx_006418,2025-03-08 20:30:00,u_02452,d_0519,ip_1558,m_0068,81.97,0
tx_006419,2025-03-08 20:45:00,u_00238,d_1729,ip_1988,m_0009,19.05,0
tx_006420,2025-03-08 21:00:00,u_01567,d_1276,ip_0135,m_0013,115.95,0
tx_006421,2025-03-08 21:15:00,u_00879,d_0771,ip_1598,m_0047,34.83,0
tx_006422,2025-03-08 21:30:00,u_00435,d_0244,ip_1765,m_0168,160.55,0
tx_006423,2025-03-08 21:45:00,u_01753,d_1751,ip_0772,m_0229,114.83,0
tx_006424,2025-03-08 22:00:00,u_02426,d_1358,ip_1641,m_0175,82.43,0
tx_006425,2025-03-08 22:15:00,u_01976,d_1202,ip_1085,m_0061,40.63,0
tx_006426,2025-03-08 22:30:00,u_02438,d_1499,ip_1447,m_0180,486.28,0
tx_006427,2025-03-08 22:45:00,u_01475,d_1092,ip_0857,m_0069,94.28,0
tx_006428,2025-03-08 23:00:00,u_01683,d_0417,ip_0389,m_0138,1561.42,0
tx_006429,2025-03-08 23:15:00,u_00366,d_0426,ip_1822,m_0266,153.69,0
tx_006430,2025-03-08 23:30:00,u_02131,d_0142,ip_0476,m_0040,210.94,0
tx_006431,2025-03-08 23:45:00,u_01869,d_0113,ip_0412,m_0262,154.35,0
tx_006432,2025-03-09 00:00:00,u_00635,d_1311,ip_1949,m_0081,208.84,0
tx_006433,2025-03-09 00:15:00,u_00887,d_1533,ip_2060,m_0201,442.61,0
tx_006434,2025-03-09 00:30:00,u_01527,d_0295,ip_1340,m_0078,447.75,0
tx_006435,2025-03-09 00:45:00,u_00032,d_1033,ip_1276,m_0049,25.37,0
tx_006436,2025-03-09 01:00:00,u_02044,d_0223,ip_0793,m_0135,349.15,0
tx_006437,2025-03-09 01:15:00,u_00701,d_0745,ip_1345,m_0114,243.99,0
tx_006438,2025-03-09 01:30:00,u_00187,d_1423,ip_1340,m_0152,153.84,0
tx_006439,2025-03-09 01:45:00,u_00826,d_1461,ip_1136,m_0070,822.67,0
tx_006440,2025-03-09 02:00:00,u_02089,d_1707,ip_1441,m_0293,856.43,0
tx_006441,2025-03-09 02:15:00,u_00685,d_0559,ip_1219,m_0201,366.72,0
tx_006442,2025-03-09 02:30:00,u_01347,d_1707,ip_1934,m_0252,86.18,0
tx_006443,2025-03-09 02:45:00,u_02029,d_1410,ip_1468,m_0233,45.04,0
tx_006444,2025-03-09 03:00:00,u_00084,d_0609,ip_0847,m_0217,315.58,0
tx_006445,2025-03-09 03:15:00,u_01899,d_0590,ip_1441,m_0042,577.98,0
tx_006446,2025-03-09 03:30:00,u_00721,d_0193,ip_0506,m_0176,19.52,0
tx_006447,2025-03-09 03:45:00,u_01738,d_1657,ip_0471,m_0269,439.79,0
tx_006448,2025-03-09 04:00:00,u_00470,d_0365,ip_1819,m_0028,115.02,0
tx_006449,2025-03-09 04:15:00,u_00347,d_0482,ip_1281,m_0138,24.31,0
tx_006450,2025-03-09 04:30:00,u_01970,d_0743,ip_0118,m_0055,237.32,0
tx_006451,2025-03-09 04:45:00,u_02019,d_0247,ip_0780,m_0238,368.48,0
tx_006452,2025-03-09 05:00:00,u_02453,d_1450,ip_2165,m_0279,104.44,0
tx_006453,2025-03-09 05:15:00,u_01692,d_1256,ip_1401,m_0015,51.55,0
tx_006454,2025-03-09 05:30:00,u_01164,d_0281,ip_1910,m_0240,822.29,0
tx_006455,2025-03-09 05:45:00,ring_u_9_12,ring_d_9,ring_ip_9,ring_m_1,79.96,1
tx_006456,2025-03-09 06:00:00,u_00738,d_0039,ip_0093,m_0289,473.18,0
tx_006457,2025-03-09 06:15:00,u_01620,d_1708,ip_0395,m_0004,32.69,0
tx_006458,2025-03-09 06:30:00,u_00865,d_0784,ip_0202,m_0057,224.98,0
tx_006459,2025-03-09 06:45:00,u_01208,d_1179,ip_1616,m_0215,218.66,0
tx_006460,2025-03-09 07:00:00,u_00420,d_0269,ip_1664,m_0233,355.46,0
tx_006461,2025-03-09 07:15:00,u_01098,d_0415,ip_1005,m_0023,660.49,0
tx_006462,2025-03-09 07:30:00,u_00594,d_0974,ip_1593,m_0048,65.78,0
tx_006463,2025-03-09 07:45:00,u_00280,d_0375,ip_1213,m_0101,249.83,0
tx_006464,2025-03-09 08:00:00,u_00329,d_1103,ip_1627,m_0010,37.84,0
tx_006465,2025-03-09 08:15:00,u_01295,d_1662,ip_1479,m_0234,37.42,0
tx_006466,2025-03-09 08:30:00,u_00916,d_0549,ip_1002,m_0200,83.23,0
tx_006467,2025-03-09 08:45:00,u_00249,d_1094,ip_1436,m_0224,223.48,0
tx_006468,2025-03-09 09:00:00,u_01285,d_1648,ip_0700,m_0140,793.83,0
tx_006469,2025-03-09 09:15:00,u_00410,d_1608,ip_1647,m_0192,952.36,0
tx_006470,2025-03-09 09:30:00,u_00038,d_0013,ip_2010,m_0171,104.07,0
tx_006471,2025-03-09 09:45:00,u_00331,d_0198,ip_0454,m_0208,201.45,0
tx_006472,2025-03-09 10:00:00,u_01121,d_1775,ip_1467,m_0135,381.08,0
tx_006473,2025-03-09 10:15:00,u_02385,d_1665,ip_0242,m_0195,319.06,0
tx_006474,2025-03-09 10:30:00,u_00604,d_0579,ip_0830,m_0193,125.28,0
tx_006475,2025-03-09 10:45:00,u_00712,d_0936,ip_1472,m_0192,160.15,0
tx_006476,2025-03-09 11:00:00,u_00606,d_1031,ip_0610,m_0261,132.93,0
tx_006477,2025-03-09 11:15:00,u_00888,d_1203,ip_0519,m_0104,120.5,0
tx_006478,2025-03-09 11:30:00,u_01793,d_1350,ip_0844,m_0263,105.49,0
tx_006479,2025-03-09 11:45:00,u_00805,d_0671,ip_0252,m_0008,131.68,0
tx_006480,2025-03-09 12:00:00,u_01643,d_1601,ip_1375,m_0145,98.91,0
tx_006481,2025-03-09 12:15:00,u_02245,d_0106,ip_0288,m_0132,47.68,0
tx_006482,2025-03-09 12:30:00,ring_u_13_12,ring_d_13,ring_ip_13,ring_m_5,887.17,1
tx_006483,2025-03-09 12:45:00,u_01407,d_1724,ip_0688,m_0013,248.7,0
tx_006484,2025-03-09 13:00:00,u_01783,d_0318,ip_2129,m_0065,969.32,0
tx_006485,2025-03-09 13:15:00,u_02297,d_1790,ip_2181,m_0140,214.76,0
tx_006486,2025-03-09 13:30:00,u_01966,d_0514,ip_0174,m_0244,97.81,0
tx_006487,2025-03-09 13:45:00,u_00749,d_0656,ip_0345,m_0139,79.33,0
tx_006488,2025-03-09 14:00:00,u_00330,d_0050,ip_1610,m_0191,155.61,0
tx_006489,2025-03-09 14:15:00,u_00287,d_1698,ip_0656,m_0053,257.98,0
tx_006490,2025-03-09 14:30:00,u_02205,d_0646,ip_1417,m_0282,116.2,0
tx_006491,2025-03-09 14:45:00,u_01390,d_0301,ip_2025,m_0235,34.12,0
tx_006492,2025-03-09 15:00:00,u_00740,d_0870,ip_0358,m_0012,70.88,0
tx_006493,2025-03-09 15:15:00,ring_u_16_3,ring_d_16,ring_ip_16,ring_m_0,799.76,1
tx_006494,2025-03-09 15:30:00,ring_u_15_16,ring_d_15,ring_ip_15,ring_m_7,95.5,1
tx_006495,2025-03-09 15:45:00,u_02004,d_0131,ip_0503,m_0167,33.59,0
tx_006496,2025-03-09 16:00:00,u_01531,d_0898,ip_1116,m_0212,193.46,0
tx_006497,2025-03-09 16:15:00,u_02198,d_0704,ip_1936,m_0277,185.14,0
tx_006498,2025-03-09 16:30:00,u_00754,d_0066,ip_1218,m_0021,94.48,0
tx_006499,2025-03-09 16:45:00,u_01181,d_0094,ip_0305,m_0086,82.52,0
tx_006500,2025-03-09 17:00:00,u_00304,d_0933,ip_0547,m_0207,71.07,0
tx_006501,2025-03-09 17:15:00,u_02428,d_0710,ip_1675,m_0078,170.85,0
tx_006502,2025-03-09 17:30:00,u_01279,d_0233,ip_1235,m_0213,457.98,0
tx_006503,2025-03-09 17:45:00,u_01382,d_0249,ip_0028,m_0055,491.66,0
tx_006504,2025-03-09 18:00:00,u_01034,d_1448,ip_1103,m_0049,48.23,0
tx_006505,2025-03-09 18:15:00,u_00677,d_1314,ip_0894,m_0163,123.1,0
tx_006506,2025-03-09 18:30:00,u_02371,d_1094,ip_0001,m_0206,16.55,0
tx_006507,2025-03-09 18:45:00,u_01222,d_1500,ip_0544,m_0061,165.54,0
tx_006508,2025-03-09 19:00:00,u_01686,d_0124,ip_2057,m_0262,269.79,0
tx_006509,2025-03-09 19:15:00,u_00093,d_1238,ip_1548,m_0260,714.06,0
tx_006510,2025-03-09 19:30:00,u_00689,d_1354,ip_0155,m_0024,24.87,0
tx_006511,2025-03-09 19:45:00,u_02010,d_0360,ip_0035,m_0091,50.0,0
tx_006512,2025-03-09 20:00:00,u_00219,d_0965,ip_0761,m_0166,171.42,0
tx_006513,2025-03-09 20:15:00,u_00253,d_1380,ip_1022,m_0147,29.42,0
tx_006514,2025-03-09 20:30:00,u_02024,d_1086,ip_0997,m_0076,176.3,0
tx_006515,2025-03-09 20:45:00,u_00771,d_0449,ip_1532,m_0158,276.72,0
tx_006516,2025-03-09 21:00:00,u_00684,d_1196,ip_0381,m_0288,41.21,0
tx_006517,2025-03-09 21:15:00,u_01413,d_1367,ip_0102,m_0092,169.45,0
tx_006518,2025-03-09 21:30:00,u_00487,d_0017,ip_1479,m_0065,44.16,0
tx_006519,2025-03-09 21:45:00,u_00107,d_1021,ip_1974,m_0221,587.24,0
tx_006520,2025-03-09 22:00:00,u_00011,d_0908,ip_0369,m_0171,182.48,0
tx_006521,2025-03-09 22:15:00,u_00198,d_0660,ip_0794,m_0207,78.25,0
tx_006522,2025-03-09 22:30:00,u_00396,d_0079,ip_1378,m_0193,43.03,0
tx_006523,2025-03-09 22:45:00,u_01740,d_0150,ip_0363,m_0228,219.02,0
tx_006524,2025-03-09 23:00:00,u_00744,d_1350,ip_1891,m_0218,577.05,0
tx_006525,2025-03-09 23:15:00,u_00179,d_1489,ip_0496,m_0181,68.61,0
tx_006526,2025-03-09 23:30:00,u_00036,d_0754,ip_1171,m_0136,95.62,0
tx_006527,2025-03-09 23:45:00,u_01192,d_1691,ip_0745,m_0138,69.96,0
tx_006528,2025-03-10 00:00:00,u_02100,d_1669,ip_1468,m_0079,703.1,0
tx_006529,2025-03-10 00:15:00,u_00846,d_1198,ip_0436,m_0134,22.01,0
tx_006530,2025-03-10 00:30:00,u_00159,d_1045,ip_0216,m_0181,536.78,0
tx_006531,2025-03-10 00:45:00,u_00570,d_1736,ip_1123,m_0214,101.78,0
tx_006532,2025-03-10 01:00:00,u_01248,d_1097,ip_1903,m_0231,138.16,0
tx_006533,2025-03-10 01:15:00,u_00471,d_1681,ip_1392,m_0113,105.57,0
tx_006534,2025-03-10 01:30:00,u_02446,d_1762,ip_1662,m_0219,188.59,0
tx_006535,2025-03-10 01:45:00,u_01908,d_0350,ip_0953,m_0131,71.54,0
tx_006536,2025-03-10 02:00:00,u_00861,d_1189,ip_0308,m_0107,427.68,0
tx_006537,2025-03-10 02:15:00,u_02378,d_1316,ip_0939,m_0049,445.41,0
tx_006538,2025-03-10 02:30:00,u_00812,d_1476,ip_2172,m_0079,55.51,0
tx_006539,2025-03-10 02:45:00,u_00350,d_0628,ip_1719,m_0203,289.3,0
tx_006540,2025-03-10 03:00:00,u_02345,d_1550,ip_1547,m_0064,103.91,0
tx_006541,2025-03-10 03:15:00,u_02399,d_0877,ip_0662,m_0023,156.28,0
tx_006542,2025-03-10 03:30:00,u_00781,d_0696,ip_1319,m_0081,682.08,0
tx_006543,2025-03-10 03:45:00,u_01486,d_0282,ip_1370,m_0297,75.64,0
tx_006544,2025-03-10 04:00:00,u_00433,d_0578,ip_1439,m_0044,374.86,0
tx_006545,2025-03-10 04:15:00,u_01604,d_1754,ip_1964,m_0043,234.42,0
tx_006546,2025-03-10 04:30:00,u_01725,d_1289,ip_1499,m_0120,122.24,0
tx_006547,2025-03-10 04:45:00,u_01774,d_1307,ip_0487,m_0114,214.31,0
tx_006548,2025-03-10 05:00:00,u_01421,d_1612,ip_0487,m_0276,190.26,0
tx_006549,2025-03-10 05:15:00,u_01760,d_0480,ip_1363,m_0071,46.6,0
tx_006550,2025-03-10 05:30:00,u_01387,d_1190,ip_1905,m_0125,80.91,0
tx_006551,2025-03-10 05:45:00,u_02049,d_0668,ip_2085,m_0087,52.18,0
tx_006552,2025-03-10 06:00:00,u_00448,d_1526,ip_1341,m_0074,112.55,0
tx_006553,2025-03-10 06:15:00,u_01208,d_0760,ip_1165,m_0096,569.66,0
tx_006554,2025-03-10 06:30:00,u_01040,d_1538,ip_1795,m_0077,265.34,0
tx_006555,2025-03-10 06:45:00,u_01333,d_1345,ip_2149,m_0215,35.42,0
tx_006556,2025-03-10 07:00:00,u_00355,d_1389,ip_0061,m_0237,112.91,0
tx_006557,2025-03-10 07:15:00,u_00809,d_1666,ip_0682,m_0053,187.47,0
tx_006558,2025-03-10 07:30:00,u_02385,d_1423,ip_0734,m_0148,312.34,0
tx_006559,2025-03-10 07:45:00,u_00263,d_0578,ip_1241,m_0079,77.42,0
tx_006560,2025-03-10 08:00:00,u_01588,d_0938,ip_0648,m_0260,43.06,0
tx_006561,2025-03-10 08:15:00,u_01661,d_0850,ip_0684,m_0030,140.28,0
tx_006562,2025-03-10 08:30:00,u_01186,d_0116,ip_0053,m_0122,262.18,0
tx_006563,2025-03-10 08:45:00,u_00084,d_1067,ip_0008,m_0099,187.7,0
tx_006564,2025-03-10 09:00:00,u_00085,d_0787,ip_0989,m_0109,61.27,0
tx_006565,2025-03-10 09:15:00,u_00689,d_0708,ip_2194,m_0282,858.01,0
tx_006566,2025-03-10 09:30:00,u_00256,d_0197,ip_0650,m_0162,134.45,0
tx_006567,2025-03-10 09:45:00,u_00235,d_0907,ip_0528,m_0114,180.14,0
tx_006568,2025-03-10 10:00:00,u_00400,d_1042,ip_0581,m_0242,76.56,0
tx_006569,2025-03-10 10:15:00,u_00476,d_0190,ip_2140,m_0233,448.77,0
tx_006570,2025-03-10 10:30:00,u_02096,d_1142,ip_1460,m_0043,262.92,0
tx_006571,2025-03-10 10:45:00,u_01596,d_0301,ip_1436,m_0138,203.3,0
tx_006572,2025-03-10 11:00:00,u_00076,d_0261,ip_0416,m_0123,46.92,0
tx_006573,2025-03-10 11:15:00,ring_u_9_5,ring_d_9,ring_ip_9,ring_m_1,128.15,1
tx_006574,2025-03-10 11:30:00,u_00341,d_0700,ip_0432,m_0104,316.37,0
tx_006575,2025-03-10 11:45:00,u_01052,d_1646,ip_2127,m_0247,409.5,0
tx_006576,2025-03-10 12:00:00,u_00095,d_0121,ip_2095,m_0298,154.01,0
tx_006577,2025-03-10 12:15:00,u_00225,d_0628,ip_1249,m_0008,137.71,0
tx_006578,2025-03-10 12:30:00,u_00331,d_1322,ip_1909,m_0256,123.71,0
tx_006579,2025-03-10 12:45:00,u_01083,d_0449,ip_2199,m_0259,1449.53,0
tx_006580,2025-03-10 13:00:00,u_01157,d_1766,ip_1276,m_0109,86.28,0
tx_006581,2025-03-10 13:15:00,u_00881,d_1337,ip_1688,m_0145,45.32,0
tx_006582,2025-03-10 13:30:00,u_01550,d_1702,ip_1299,m_0030,102.18,0
tx_006583,2025-03-10 13:45:00,u_01801,d_1708,ip_1152,m_0105,87.08,0
tx_006584,2025-03-10 14:00:00,u_01821,d_0196,ip_0736,m_0071,523.14,0
tx_006585,2025-03-10 14:15:00,u_01447,d_0826,ip_1440,m_0272,38.24,0
tx_006586,2025-03-10 14:30:00,u_01363,d_1340,ip_0588,m_0032,84.67,0
tx_006587,2025-03-10 14:45:00,u_01228,d_0015,ip_0427,m_0101,179.56,0
tx_006588,2025-03-10 15:00:00,u_00594,d_0813,ip_0605,m_0144,527.58,0
tx_006589,2025-03-10 15:15:00,u_01217,d_1238,ip_0024,m_0293,302.82,0
tx_006590,2025-03-10 15:30:00,u_00025,d_1427,ip_2054,m_0245,749.21,0
tx_006591,2025-03-10 15:45:00,u_02415,d_0747,ip_0564,m_0280,209.72,0
tx_006592,2025-03-10 16:00:00,u_00925,d_1553,ip_1759,m_0093,121.07,0
tx_006593,2025-03-10 16:15:00,u_01890,d_1212,ip_0956,m_0080,349.17,0
tx_006594,2025-03-10 16:30:00,u_02391,d_0081,ip_0746,m_0171,37.82,0
tx_006595,2025-03-10 16:45:00,u_01242,d_0499,ip_0501,m_0102,26.85,0
tx_006596,2025-03-10 17:00:00,u_02154,d_1688,ip_1805,m_0004,393.97,0
tx_006597,2025-03-10 17:15:00,ring_u_21_14,ring_d_21,ring_ip_21,ring_m_5,68.27,1
tx_006598,2025-03-10 17:30:00,u_00330,d_0194,ip_0989,m_0028,389.17,0
tx_006599,2025-03-10 17:45:00,u_00066,d_0620,ip_1447,m_0058,63.28,0
tx_006600,2025-03-10 18:00:00,u_00339,d_1788,ip_1765,m_0282,536.35,0
tx_006601,2025-03-10 18:15:00,u_02356,d_1268,ip_1442,m_0219,290.14,0
tx_006602,2025-03-10 18:30:00,u_01187,d_0265,ip_1029,m_0192,143.87,0
tx_006603,2025-03-10 18:45:00,u_00797,d_0707,ip_1966,m_0038,182.61,0
tx_006604,2025-03-10 19:00:00,u_01115,d_1691,ip_1970,m_0075,209.96,0
tx_006605,2025-03-10 19:15:00,u_00639,d_0394,ip_2125,m_0061,63.01,0
tx_006606,2025-03-10 19:30:00,u_02176,d_1035,ip_0200,m_0192,100.99,0
tx_006607,2025-03-10 19:45:00,u_02498,d_0835,ip_1959,m_0150,206.67,0
tx_006608,2025-03-10 20:00:00,u_00212,d_1368,ip_0424,m_0108,97.02,0
tx_006609,2025-03-10 20:15:00,u_01796,d_1354,ip_1364,m_0223,34.14,0
tx_006610,2025-03-10 20:30:00,u_00839,d_1499,ip_1447,m_0233,199.32,0
tx_006611,2025-03-10 20:45:00,u_00118,d_0214,ip_0452,m_0221,342.42,0
tx_006612,2025-03-10 21:00:00,u_02305,d_0816,ip_0017,m_0031,432.05,0
tx_006613,2025-03-10 21:15:00,u_00154,d_1245,ip_2075,m_0182,252.73,0
tx_006614,2025-03-10 21:30:00,u_00514,d_0754,ip_1960,m_0063,336.4,0
tx_006615,2025-03-10 21:45:00,u_00063,d_1201,ip_0384,m_0081,398.42,0
tx_006616,2025-03-10 22:00:00,u_01178,d_1144,ip_1322,m_0293,160.72,0
tx_006617,2025-03-10 22:15:00,u_01499,d_0667,ip_0333,m_0124,17.83,0
tx_006618,2025-03-10 22:30:00,u_00801,d_0180,ip_1246,m_0236,473.32,0
tx_006619,2025-03-10 22:45:00,u_00178,d_1746,ip_0698,m_0073,60.74,0
tx_006620,2025-03-10 23:00:00,u_00290,d_1486,ip_1653,m_0291,47.9,0
tx_006621,2025-03-10 23:15:00,u_02333,d_1610,ip_1261,m_0083,49.23,0
tx_006622,2025-03-10 23:30:00,u_02014,d_0539,ip_1095,m_0054,1780.37,0
tx_006623,2025-03-10 23:45:00,u_02342,d_0569,ip_1499,m_0096,230.57,0
tx_006624,2025-03-11 00:00:00,u_01327,d_0582,ip_1046,m_0052,52.37,0
tx_006625,2025-03-11 00:15:00,u_01365,d_0055,ip_0029,m_0179,74.93,0
tx_006626,2025-03-11 00:30:00,u_01964,d_0305,ip_1311,m_0043,148.31,0
tx_006627,2025-03-11 00:45:00,u_01541,d_0554,ip_1711,m_0062,255.29,0
tx_006628,2025-03-11 01:00:00,u_01091,d_1777,ip_1078,m_0210,196.23,0
tx_006629,2025-03-11 01:15:00,u_00729,d_0368,ip_0385,m_0012,58.64,0
tx_006630,2025-03-11 01:30:00,u_01213,d_0914,ip_0017,m_0132,203.8,0
tx_006631,2025-03-11 01:45:00,u_00159,d_0985,ip_0652,m_0207,80.54,0
tx_006632,2025-03-11 02:00:00,u_00481,d_0647,ip_1689,m_0133,422.81,0
tx_006633,2025-03-11 02:15:00,u_01843,d_1653,ip_0708,m_0006,157.01,0
tx_006634,2025-03-11 02:30:00,u_02170,d_0167,ip_2103,m_0047,69.45,0
tx_006635,2025-03-11 02:45:00,u_00254,d_1566,ip_0731,m_0291,295.58,0
tx_006636,2025-03-11 03:00:00,u_00242,d_1338,ip_0940,m_0231,217.73,0
tx_006637,2025-03-11 03:15:00,u_00213,d_0550,ip_1672,m_0105,92.31,0
tx_006638,2025-03-11 03:30:00,u_01978,d_1381,ip_1350,m_0262,308.0,0
tx_006639,2025-03-11 03:45:00,u_00778,d_0771,ip_0090,m_0001,278.42,0
tx_006640,2025-03-11 04:00:00,ring_u_23_10,ring_d_23,ring_ip_23,ring_m_7,1627.45,1
tx_006641,2025-03-11 04:15:00,u_00031,d_0065,ip_0432,m_0265,301.91,0
tx_006642,2025-03-11 04:30:00,u_02431,d_0053,ip_1917,m_0202,119.83,0
tx_006643,2025-03-11 04:45:00,u_01085,d_0979,ip_0049,m_0179,27.37,0
tx_006644,2025-03-11 05:00:00,u_01993,d_1676,ip_0157,m_0103,178.87,0
tx_006645,2025-03-11 05:15:00,u_01769,d_0114,ip_1712,m_0245,208.89,0
tx_006646,2025-03-11 05:30:00,u_00354,d_1400,ip_1370,m_0182,156.21,0
tx_006647,2025-03-11 05:45:00,u_02003,d_1689,ip_2164,m_0130,7.31,0
tx_006648,2025-03-11 06:00:00,u_01375,d_0875,ip_0483,m_0114,292.61,0
tx_006649,2025-03-11 06:15:00,u_01510,d_1560,ip_1451,m_0106,59.62,0
tx_006650,2025-03-11 06:30:00,u_00500,d_1362,ip_0295,m_0172,294.63,0
tx_006651,2025-03-11 06:45:00,u_02117,d_0385,ip_1298,m_0196,812.96,0
tx_006652,2025-03-11 07:00:00,u_02329,d_1537,ip_0233,m_0241,115.26,0
tx_006653,2025-03-11 07:15:00,u_01016,d_1258,ip_1997,m_0121,230.09,0
tx_006654,2025-03-11 07:30:00,u_00231,d_0022,ip_0915,m_0076,153.36,0
tx_006655,2025-03-11 07:45:00,u_02121,d_1022,ip_0560,m_0166,251.03,0
tx_006656,2025-03-11 08:00:00,u_02218,d_1177,ip_2165,m_0175,164.59,0
tx_006657,2025-03-11 08:15:00,u_01266,d_1442,ip_0146,m_0083,88.5,0
tx_006658,2025-03-11 08:30:00,u_01447,d_1388,ip_1759,m_0021,60.04,0
tx_006659,2025-03-11 08:45:00,u_00557,d_0856,ip_1121,m_0099,728.12,0
tx_006660,2025-03-11 09:00:00,u_00168,d_0538,ip_1512,m_0021,230.11,0
tx_006661,2025-03-11 09:15:00,u_02360,d_0345,ip_0572,m_0024,340.53,0
tx_006662,2025-03-11 09:30:00,u_01207,d_0160,ip_1938,m_0289,221.2,0
tx_006663,2025-03-11 09:45:00,u_00687,d_1151,ip_0992,m_0234,393.77,0
tx_006664,2025-03-11 10:00:00,u_01733,d_1727,ip_0920,m_0010,60.58,0
tx_006665,2025-03-11 10:15:00,u_00065,d_0144,ip_1003,m_0104,161.29,0
tx_006666,2025-03-11 10:30:00,u_00199,d_1264,ip_0652,m_0076,246.04,0
tx_006667,2025-03-11 10:45:00,u_00606,d_1052,ip_0701,m_0292,540.59,0
tx_006668,2025-03-11 11:00:00,u_01126,d_0309,ip_0308,m_0131,2149.68,0
tx_006669,2025-03-11 11:15:00,u_00916,d_0382,ip_1069,m_0077,223.08,0
tx_006670,2025-03-11 11:30:00,u_00468,d_0512,ip_1044,m_0190,76.62,0
tx_006671,2025-03-11 11:45:00,u_00878,d_1232,ip_0836,m_0142,44.9,0
tx_006672,2025-03-11 12:00:00,u_00834,d_0537,ip_2168,m_0056,60.05,0
tx_006673,2025-03-11 12:15:00,u_01311,d_1490,ip_0248,m_0091,68.43,0
tx_006674,2025-03-11 12:30:00,u_01406,d_0665,ip_2002,m_0038,8.16,0
tx_006675,2025-03-11 12:45:00,u_02207,d_0197,ip_1906,m_0208,75.52,0
tx_006676,2025-03-11 13:00:00,u_02016,d_0171,ip_0048,m_0291,303.91,0
tx_006677,2025-03-11 13:15:00,u_00730,d_0720,ip_1542,m_0242,160.04,0
tx_006678,2025-03-11 13:30:00,u_02256,d_0734,ip_0460,m_0112,114.59,0
tx_006679,2025-03-11 13:45:00,u_01301,d_1320,ip_0090,m_0146,29.31,0
tx_006680,2025-03-11 14:00:00,u_00469,d_0861,ip_1894,m_0018,424.29,0
tx_006681,2025-03-11 14:15:00,u_00850,d_0294,ip_0254,m_0110,247.6,0
tx_006682,2025-03-11 14:30:00,u_01854,d_0383,ip_0657,m_0009,146.51,0
tx_006683,2025-03-11 14:45:00,u_02054,d_1019,ip_0212,m_0223,16.4,0
tx_006684,2025-03-11 15:00:00,u_00935,d_0601,ip_0312,m_0272,90.85,0
tx_006685,2025-03-11 15:15:00,u_00394,d_1209,ip_0135,m_0057,229.0,0
tx_006686,2025-03-11 15:30:00,u_00479,d_1661,ip_1853,m_0202,144.23,0
tx_006687,2025-03-11 15:45:00,u_00258,d_0638,ip_0129,m_0179,179.82,0
tx_006688,2025-03-11 16:00:00,u_01746,d_0993,ip_1670,m_0125,294.55,0
tx_006689,2025-03-11 16:15:00,u_01257,d_1497,ip_0345,m_0220,173.25,0
tx_006690,2025-03-11 16:30:00,u_01127,d_0378,ip_2012,m_0203,284.2,0
tx_006691,2025-03-11 16:45:00,u_01679,d_0919,ip_1865,m_0080,63.84,0
tx_006692,2025-03-11 17:00:00,u_02071,d_0549,ip_1384,m_0239,43.69,0
tx_006693,2025-03-11 17:15:00,u_01988,d_1128,ip_1822,m_0196,239.21,0
tx_006694,2025-03-11 17:30:00,u_00342,d_1337,ip_0656,m_0093,293.66,0
tx_006695,2025-03-11 17:45:00,u_01474,d_0253,ip_1722,m_0220,249.38,0
tx_006696,2025-03-11 18:00:00,u_02206,d_0337,ip_0487,m_0192,169.29,0
tx_006697,2025-03-11 18:15:00,u_01934,d_0041,ip_1352,m_0035,107.34,0
tx_006698,2025-03-11 18:30:00,u_00823,d_0021,ip_2022,m_0049,183.27,0
tx_006699,2025-03-11 18:45:00,u_00981,d_0091,ip_1591,m_0097,216.87,0
tx_006700,2025-03-11 19:00:00,u_02225,d_1272,ip_0593,m_0013,230.28,0
tx_006701,2025-03-11 19:15:00,u_00082,d_1627,ip_1624,m_0121,2012.51,0
tx_006702,2025-03-11 19:30:00,ring_u_8_3,ring_d_8,ring_ip_8,ring_m_0,4226.82,1
tx_006703,2025-03-11 19:45:00,u_00290,d_1588,ip_1956,m_0232,3736.83,0
tx_006704,2025-03-11 20:00:00,u_02236,d_1313,ip_1626,m_0051,42.23,0
tx_006705,2025-03-11 20:15:00,u_00096,d_1453,ip_1611,m_0170,218.26,0
tx_006706,2025-03-11 20:30:00,u_00058,d_1331,ip_1726,m_0199,44.93,0
tx_006707,2025-03-11 20:45:00,u_00822,d_0359,ip_1620,m_0134,201.59,0
tx_006708,2025-03-11 21:00:00,u_00500,d_0942,ip_0294,m_0272,396.28,0
tx_006709,2025-03-11 21:15:00,u_01238,d_0945,ip_1768,m_0095,153.33,0
tx_006710,2025-03-11 21:30:00,u_00748,d_1154,ip_0395,m_0122,392.71,0
tx_006711,2025-03-11 21:45:00,u_00890,d_1433,ip_1223,m_0001,97.16,0
tx_006712,2025-03-11 22:00:00,u_01412,d_0202,ip_0746,m_0123,19.11,0
tx_006713,2025-03-11 22:15:00,u_01401,d_1214,ip_0468,m_0006,277.75,0
tx_006714,2025-03-11 22:30:00,u_02337,d_1499,ip_0620,m_0295,153.03,0
tx_006715,2025-03-11 22:45:00,u_01201,d_0207,ip_0185,m_0072,91.87,0
tx_006716,2025-03-11 23:00:00,u_01410,d_0746,ip_0967,m_0243,98.44,0
tx_006717,2025-03-11 23:15:00,u_01694,d_1611,ip_0921,m_0035,222.87,0
tx_006718,2025-03-11 23:30:00,u_00435,d_0043,ip_0887,m_0082,65.72,0
tx_006719,2025-03-11 23:45:00,u_01667,d_0289,ip_0201,m_0035,215.99,0
tx_006720,2025-03-12 00:00:00,u_02154,d_1447,ip_1334,m_0110,487.18,0
tx_006721,2025-03-12 00:15:00,u_00795,d_0309,ip_0372,m_0180,1164.53,0
tx_006722,2025-03-12 00:30:00,u_00445,d_1263,ip_1883,m_0125,604.58,0
tx_006723,2025-03-12 00:45:00,u_00865,d_1621,ip_0052,m_0181,174.47,0
tx_006724,2025-03-12 01:00:00,u_00687,d_0897,ip_0121,m_0241,192.03,0
tx_006725,2025-03-12 01:15:00,u_01462,d_0872,ip_0660,m_0013,99.46,0
tx_006726,2025-03-12 01:30:00,u_02159,d_0771,ip_0897,m_0127,93.16,0
tx_006727,2025-03-12 01:45:00,u_01491,d_0671,ip_2133,m_0178,354.97,0
tx_006728,2025-03-12 02:00:00,u_00313,d_0684,ip_1155,m_0157,109.12,0
tx_006729,2025-03-12 02:15:00,u_00786,d_0996,ip_0833,m_0043,214.03,0
tx_006730,2025-03-12 02:30:00,u_01723,d_1611,ip_1842,m_0061,56.68,0
tx_006731,2025-03-12 02:45:00,ring_u_24_5,ring_d_24,ring_ip_24,ring_m_0,139.0,1
tx_006732,2025-03-12 03:00:00,u_01465,d_1558,ip_1973,m_0195,107.51,0
tx_006733,2025-03-12 03:15:00,u_01735,d_0215,ip_0887,m_0296,440.53,0
tx_006734,2025-03-12 03:30:00,ring_u_1_17,ring_d_1,ring_ip_1,ring_m_1,1177.65,1
tx_006735,2025-03-12 03:45:00,u_01618,d_1362,ip_0662,m_0156,69.64,0
tx_006736,2025-03-12 04:00:00,u_00995,d_0981,ip_0021,m_0091,560.05,0
tx_006737,2025-03-12 04:15:00,u_00337,d_0601,ip_1482,m_0010,79.36,0
tx_006738,2025-03-12 04:30:00,u_00930,d_0560,ip_1270,m_0119,30.94,0
tx_006739,2025-03-12 04:45:00,u_01102,d_0210,ip_1395,m_0104,52.46,0
tx_006740,2025-03-12 05:00:00,u_00005,d_0598,ip_1434,m_0045,349.57,0
tx_006741,2025-03-12 05:15:00,u_02231,d_0759,ip_0060,m_0201,317.55,0
tx_006742,2025-03-12 05:30:00,u_01319,d_0748,ip_1930,m_0077,69.23,0
tx_006743,2025-03-12 05:45:00,u_00090,d_0987,ip_1124,m_0067,78.91,0
tx_006744,2025-03-12 06:00:00,u_02169,d_0491,ip_1521,m_0116,290.91,0
tx_006745,2025-03-12 06:15:00,u_02137,d_0370,ip_0079,m_0289,553.31,0
tx_006746,2025-03-12 06:30:00,u_00030,d_1597,ip_1674,m_0190,138.55,0
tx_006747,2025-03-12 06:45:00,u_00407,d_0729,ip_1490,m_0127,258.33,0
tx_006748,2025-03-12 07:00:00,u_00909,d_0458,ip_0810,m_0246,355.47,0
tx_006749,2025-03-12 07:15:00,u_01268,d_1144,ip_2058,m_0006,1277.94,0
tx_006750,2025-03-12 07:30:00,u_01814,d_0976,ip_1431,m_0101,46.73,0
tx_006751,2025-03-12 07:45:00,u_01060,d_1037,ip_1996,m_0162,76.04,0
tx_006752,2025-03-12 08:00:00,u_01529,d_0398,ip_1807,m_0146,89.44,0
tx_006753,2025-03-12 08:15:00,u_00025,d_1301,ip_0452,m_0202,339.52,0
tx_006754,2025-03-12 08:30:00,u_01646,d_0346,ip_2192,m_0210,115.36,0
tx_006755,2025-03-12 08:45:00,u_02288,d_1505,ip_1633,m_0136,202.81,0
tx_006756,2025-03-12 09:00:00,u_01315,d_0763,ip_0417,m_0278,167.64,0
tx_006757,2025-03-12 09:15:00,u_01137,d_0736,ip_1744,m_0278,148.67,0
tx_006758,2025-03-12 09:30:00,u_00742,d_0699,ip_0943,m_0142,165.24,0
tx_006759,2025-03-12 09:45:00,u_02385,d_0761,ip_1901,m_0270,415.67,0
tx_006760,2025-03-12 10:00:00,u_00083,d_1197,ip_0381,m_0192,56.23,0
tx_006761,2025-03-12 10:15:00,u_00716,d_0894,ip_0571,m_0041,127.94,0
tx_006762,2025-03-12 10:30:00,u_00346,d_0228,ip_0764,m_0035,44.02,0
tx_006763,2025-03-12 10:45:00,u_02165,d_1019,ip_0991,m_0023,186.15,0
tx_006764,2025-03-12 11:00:00,u_01206,d_0480,ip_1388,m_0063,122.05,0
tx_006765,2025-03-12 11:15:00,u_02305,d_0194,ip_0487,m_0093,432.35,0
tx_006766,2025-03-12 11:30:00,u_01662,d_1511,ip_1552,m_0020,147.7,0
tx_006767,2025-03-12 11:45:00,u_01392,d_0562,ip_0053,m_0182,95.22,0
tx_006768,2025-03-12 12:00:00,u_01293,d_1071,ip_0728,m_0123,115.97,0
tx_006769,2025-03-12 12:15:00,u_00506,d_0309,ip_1449,m_0180,831.66,0
tx_006770,2025-03-12 12:30:00,u_01405,d_0610,ip_0582,m_0150,30.87,0
tx_006771,2025-03-12 12:45:00,u_01713,d_0694,ip_0949,m_0081,79.24,0
tx_006772,2025-03-12 13:00:00,u_02413,d_0241,ip_1333,m_0184,153.85,0
tx_006773,2025-03-12 13:15:00,u_01372,d_1752,ip_0545,m_0285,78.54,0
tx_006774,2025-03-12 13:30:00,u_02347,d_0560,ip_2121,m_0095,242.42,0
tx_006775,2025-03-12 13:45:00,u_02361,d_1048,ip_1863,m_0092,140.26,0
tx_006776,2025-03-12 14:00:00,u_01306,d_1017,ip_2136,m_0154,191.71,0
tx_006777,2025-03-12 14:15:00,ring_u_5_11,ring_d_5,ring_ip_5,ring_m_5,2081.31,1
tx_006778,2025-03-12 14:30:00,u_00356,d_1054,ip_0755,m_0159,133.88,0
tx_006779,2025-03-12 14:45:00,u_00671,d_1018,ip_2188,m_0249,40.82,0
tx_006780,2025-03-12 15:00:00,u_02197,d_0144,ip_1602,m_0022,176.99,0
tx_006781,2025-03-12 15:15:00,u_00345,d_1204,ip_1745,m_0029,25.45,0
tx_006782,2025-03-12 15:30:00,u_00992,d_0205,ip_0401,m_0121,75.8,0
tx_006783,2025-03-12 15:45:00,u_01746,d_0782,ip_1912,m_0069,242.06,0
tx_006784,2025-03-12 16:00:00,u_00601,d_0656,ip_1161,m_0006,487.69,0
tx_006785,2025-03-12 16:15:00,u_02435,d_0805,ip_1701,m_0064,1555.29,0
tx_006786,2025-03-12 16:30:00,u_01623,d_0129,ip_1815,m_0081,96.71,0
tx_006787,2025-03-12 16:45:00,u_00070,d_1262,ip_0233,m_0275,62.48,0
tx_006788,2025-03-12 17:00:00,u_00617,d_0753,ip_0217,m_0234,250.21,0
tx_006789,2025-03-12 17:15:00,u_01851,d_0109,ip_0143,m_0105,962.92,0
tx_006790,2025-03-12 17:30:00,u_02157,d_0006,ip_1414,m_0287,687.28,0
tx_006791,2025-03-12 17:45:00,u_02317,d_0972,ip_2013,m_0250,52.72,0
tx_006792,2025-03-12 18:00:00,u_02127,d_1199,ip_0066,m_0075,128.96,0
tx_006793,2025-03-12 18:15:00,u_00186,d_0985,ip_0304,m_0143,347.36,0
tx_006794,2025-03-12 18:30:00,u_01824,d_1296,ip_1069,m_0276,372.3,0
tx_006795,2025-03-12 18:45:00,ring_u_6_9,ring_d_6,ring_ip_6,ring_m_6,101.47,1
tx_006796,2025-03-12 19:00:00,u_00191,d_1569,ip_0226,m_0111,94.75,0
tx_006797,2025-03-12 19:15:00,u_01729,d_1768,ip_1341,m_0271,265.86,0
tx_006798,2025-03-12 19:30:00,u_01195,d_1592,ip_1991,m_0198,375.91,0
tx_006799,2025-03-12 19:45:00,u_01619,d_1432,ip_0466,m_0132,58.44,0
tx_006800,2025-03-12 20:00:00,u_02128,d_0775,ip_0006,m_0260,561.29,0
tx_006801,2025-03-12 20:15:00,u_00172,d_0906,ip_0495,m_0223,400.2,0
tx_006802,2025-03-12 20:30:00,u_01318,d_1108,ip_0406,m_0104,70.67,0
tx_006803,2025-03-12 20:45:00,u_02086,d_0305,ip_1025,m_0127,374.24,0
tx_006804,2025-03-12 21:00:00,u_01100,d_1219,ip_0236,m_0014,334.66,0
tx_006805,2025-03-12 21:15:00,u_01308,d_1058,ip_0793,m_0030,347.63,0
tx_006806,2025-03-12 21:30:00,u_01244,d_0936,ip_0262,m_0286,717.64,0
tx_006807,2025-03-12 21:45:00,u_02267,d_1501,ip_1488,m_0015,146.87,0
tx_006808,2025-03-12 22:00:00,u_00124,d_1236,ip_1032,m_0251,206.75,0
tx_006809,2025-03-12 22:15:00,u_02194,d_1678,ip_0165,m_0062,10.6,0
tx_006810,2025-03-12 22:30:00,u_02040,d_1757,ip_0096,m_0162,452.97,0
tx_006811,2025-03-12 22:45:00,u_02031,d_1485,ip_1075,m_0216,411.41,0
tx_006812,2025-03-12 23:00:00,u_01030,d_0536,ip_1301,m_0297,575.96,0
tx_006813,2025-03-12 23:15:00,u_01289,d_0340,ip_0383,m_0112,58.17,0
tx_006814,2025-03-12 23:30:00,u_00922,d_0538,ip_0711,m_0277,388.4,0
tx_006815,2025-03-12 23:45:00,u_00629,d_1282,ip_1334,m_0136,411.06,0
tx_006816,2025-03-13 00:00:00,u_02188,d_1555,ip_1036,m_0260,77.41,0
tx_006817,2025-03-13 00:15:00,u_01264,d_1584,ip_0255,m_0030,426.65,0
tx_006818,2025-03-13 00:30:00,u_01808,d_1231,ip_0860,m_0080,235.81,0
tx_006819,2025-03-13 00:45:00,u_00252,d_1225,ip_0434,m_0186,27.17,0
tx_006820,2025-03-13 01:00:00,u_01972,d_1713,ip_2038,m_0211,266.26,0
tx_006821,2025-03-13 01:15:00,u_01647,d_1234,ip_1768,m_0241,68.91,0
tx_006822,2025-03-13 01:30:00,u_02494,d_0253,ip_0686,m_0107,27.77,0
tx_006823,2025-03-13 01:45:00,u_00334,d_0900,ip_0517,m_0187,214.12,0
tx_006824,2025-03-13 02:00:00,u_01350,d_0645,ip_0296,m_0186,139.03,0
tx_006825,2025-03-13 02:15:00,u_01277,d_1146,ip_1621,m_0295,604.14,0
tx_006826,2025-03-13 02:30:00,u_01345,d_1144,ip_2020,m_0035,177.99,0
tx_006827,2025-03-13 02:45:00,u_00135,d_0529,ip_0600,m_0004,323.28,0
tx_006828,2025-03-13 03:00:00,u_01182,d_0539,ip_1407,m_0172,246.86,0
tx_006829,2025-03-13 03:15:00,u_00748,d_0159,ip_0517,m_0004,411.97,0
tx_006830,2025-03-13 03:30:00,u_01543,d_0527,ip_2017,m_0058,61.17,0
tx_006831,2025-03-13 03:45:00,u_00580,d_1489,ip_0658,m_0150,181.01,0
tx_006832,2025-03-13 04:00:00,u_01087,d_1179,ip_0211,m_0080,128.93,0
tx_006833,2025-03-13 04:15:00,u_01550,d_1697,ip_1938,m_0079,285.34,0
tx_006834,2025-03-13 04:30:00,ring_u_19_1,ring_d_19,ring_ip_19,ring_m_3,881.21,1
tx_006835,2025-03-13 04:45:00,u_01966,d_1542,ip_0873,m_0205,80.32,0
tx_006836,2025-03-13 05:00:00,u_01789,d_0323,ip_1996,m_0109,105.85,0
tx_006837,2025-03-13 05:15:00,ring_u_4_9,ring_d_4,ring_ip_4,ring_m_4,460.37,1
tx_006838,2025-03-13 05:30:00,u_00161,d_0103,ip_0595,m_0047,27.27,0
tx_006839,2025-03-13 05:45:00,u_02125,d_0168,ip_1180,m_0030,301.68,0
tx_006840,2025-03-13 06:00:00,u_00708,d_0415,ip_1320,m_0049,513.6,0
tx_006841,2025-03-13 06:15:00,u_02151,d_0504,ip_0848,m_0275,264.76,0
tx_006842,2025-03-13 06:30:00,u_01248,d_0027,ip_1759,m_0083,1065.3,0
tx_006843,2025-03-13 06:45:00,u_00855,d_1517,ip_1738,m_0008,379.37,0
tx_006844,2025-03-13 07:00:00,u_00683,d_0948,ip_0266,m_0094,217.92,0
tx_006845,2025-03-13 07:15:00,u_01647,d_1180,ip_2178,m_0206,93.06,0
tx_006846,2025-03-13 07:30:00,ring_u_22_8,ring_d_22,ring_ip_22,ring_m_6,1036.65,1
tx_006847,2025-03-13 07:45:00,u_01006,d_1740,ip_1158,m_0115,293.44,0
tx_006848,2025-03-13 08:00:00,u_00864,d_0265,ip_0930,m_0025,148.93,0
tx_006849,2025-03-13 08:15:00,u_00385,d_0616,ip_0993,m_0200,70.61,0
tx_006850,2025-03-13 08:30:00,u_00882,d_0555,ip_0282,m_0066,44.51,0
tx_006851,2025-03-13 08:45:00,u_01321,d_0992,ip_0754,m_0029,178.65,0
tx_006852,2025-03-13 09:00:00,u_01693,d_0947,ip_0066,m_0214,33.77,0
tx_006853,2025-03-13 09:15:00,u_00215,d_1422,ip_2141,m_0281,92.62,0
tx_006854,2025-03-13 09:30:00,u_02180,d_1009,ip_0316,m_0183,13.04,0
tx_006855,2025-03-13 09:45:00,u_02196,d_0421,ip_1063,m_0281,341.39,0
tx_006856,2025-03-13 10:00:00,u_01729,d_1016,ip_0475,m_0120,470.62,0
tx_006857,2025-03-13 10:15:00,u_02310,d_1735,ip_0391,m_0155,160.61,0
tx_006858,2025-03-13 10:30:00,u_01069,d_1041,ip_0858,m_0107,926.54,0
tx_006859,2025-03-13 10:45:00,u_02054,d_1066,ip_2132,m_0152,571.0,0
tx_006860,2025-03-13 11:00:00,u_01818,d_0316,ip_1052,m_0267,239.8,0
tx_006861,2025-03-13 11:15:00,u_01406,d_0014,ip_2113,m_0190,132.53,0
tx_006862,2025-03-13 11:30:00,u_00448,d_0377,ip_1819,m_0008,104.65,0
tx_006863,2025-03-13 11:45:00,u_01393,d_0045,ip_0958,m_0174,260.47,0
tx_006864,2025-03-13 12:00:00,u_02253,d_0814,ip_1982,m_0113,128.87,0
tx_006865,2025-03-13 12:15:00,u_02461,d_1587,ip_0766,m_0163,256.78,0
tx_006866,2025-03-13 12:30:00,u_01120,d_0804,ip_1103,m_0167,276.57,0
tx_006867,2025-03-13 12:45:00,u_00619,d_1161,ip_1496,m_0176,117.97,0
tx_006868,2025-03-13 13:00:00,u_01868,d_1540,ip_1296,m_0259,443.98,0
tx_006869,2025-03-13 13:15:00,u_00189,d_1373,ip_1823,m_0257,118.09,0
tx_006870,2025-03-13 13:30:00,u_00377,d_1171,ip_0358,m_0291,151.61,0
tx_006871,2025-03-13 13:45:00,u_01404,d_1411,ip_1096,m_0183,55.84,0
tx_006872,2025-03-13 14:00:00,u_02475,d_0505,ip_1462,m_0085,113.23,0
tx_006873,2025-03-13 14:15:00,u_00821,d_0756,ip_0727,m_0058,1284.59,0
tx_006874,2025-03-13 14:30:00,u_01108,d_0718,ip_1907,m_0254,60.32,0
tx_006875,2025-03-13 14:45:00,u_00805,d_1437,ip_0663,m_0274,229.92,0
tx_006876,2025-03-13 15:00:00,u_01101,d_0735,ip_0662,m_0011,94.21,0
tx_006877,2025-03-13 15:15:00,u_00017,d_1687,ip_0718,m_0064,16.22,0
tx_006878,2025-03-13 15:30:00,u_01486,d_0335,ip_1488,m_0203,259.56,0
tx_006879,2025-03-13 15:45:00,u_01490,d_0309,ip_0259,m_0049,85.1,0
tx_006880,2025-03-13 16:00:00,u_00788,d_1289,ip_0314,m_0015,204.19,0
tx_006881,2025-03-13 16:15:00,u_00660,d_1375,ip_1712,m_0299,399.3,0
tx_006882,2025-03-13 16:30:00,u_01904,d_1222,ip_0456,m_0028,187.65,0
tx_006883,2025-03-13 16:45:00,u_00469,d_0554,ip_0230,m_0064,206.09,0
tx_006884,2025-03-13 17:00:00,u_00117,d_0016,ip_0580,m_0296,62.31,0
tx_006885,2025-03-13 17:15:00,u_00101,d_0578,ip_0876,m_0030,300.91,0
tx_006886,2025-03-13 17:30:00,u_02204,d_0839,ip_0072,m_0239,122.77,0
tx_006887,2025-03-13 17:45:00,u_00910,d_0742,ip_1836,m_0168,20.12,0
tx_006888,2025-03-13 18:00:00,u_00254,d_1659,ip_0258,m_0161,339.42,0
tx_006889,2025-03-13 18:15:00,u_02197,d_1554,ip_0889,m_0248,460.81,0
tx_006890,2025-03-13 18:30:00,u_00371,d_1395,ip_0444,m_0006,652.7,0
tx_006891,2025-03-13 18:45:00,u_00841,d_0039,ip_0648,m_0018,1300.91,0
tx_006892,2025-03-13 19:00:00,u_00051,d_0229,ip_0099,m_0058,321.67,0
tx_006893,2025-03-13 19:15:00,u_01697,d_0781,ip_2086,m_0147,248.13,0
tx_006894,2025-03-13 19:30:00,u_01748,d_1119,ip_2062,m_0288,442.11,0
tx_006895,2025-03-13 19:45:00,u_01891,d_1224,ip_0278,m_0020,61.13,0
tx_006896,2025-03-13 20:00:00,u_00657,d_0533,ip_0434,m_0126,27.88,0
tx_006897,2025-03-13 20:15:00,u_00820,d_0198,ip_1946,m_0128,92.11,0
tx_006898,2025-03-13 20:30:00,ring_u_5_16,ring_d_5,ring_ip_5,ring_m_5,3998.88,1
tx_006899,2025-03-13 20:45:00,u_02054,d_1426,ip_0136,m_0103,76.62,0
tx_006900,2025-03-13 21:00:00,u_00092,d_1775,ip_0298,m_0060,236.42,0
tx_006901,2025-03-13 21:15:00,u_01729,d_1695,ip_0909,m_0041,263.3,0
tx_006902,2025-03-13 21:30:00,u_02031,d_1067,ip_1227,m_0156,189.48,0
tx_006903,2025-03-13 21:45:00,u_01398,d_0163,ip_1389,m_0279,41.36,0
tx_006904,2025-03-13 22:00:00,u_01599,d_1741,ip_0337,m_0121,209.08,0
tx_006905,2025-03-13 22:15:00,u_00002,d_0275,ip_0814,m_0190,97.36,0
tx_006906,2025-03-13 22:30:00,u_00075,d_0482,ip_0574,m_0201,814.73,0
tx_006907,2025-03-13 22:45:00,u_00087,d_1753,ip_1176,m_0252,462.61,0
tx_006908,2025-03-13 23:00:00,u_00397,d_0906,ip_0707,m_0247,100.86,0
tx_006909,2025-03-13 23:15:00,u_02477,d_0356,ip_0448,m_0271,867.6,0
tx_006910,2025-03-13 23:30:00,u_01585,d_0903,ip_1793,m_0244,209.29,0
tx_006911,2025-03-13 23:45:00,u_01955,d_0142,ip_1251,m_0279,27.89,0
tx_006912,2025-03-14 00:00:00,ring_u_18_5,ring_d_18,ring_ip_18,ring_m_2,37.43,1
tx_006913,2025-03-14 00:15:00,u_02343,d_1713,ip_0296,m_0224,761.49,0
tx_006914,2025-03-14 00:30:00,u_00497,d_0537,ip_0155,m_0147,65.38,0
tx_006915,2025-03-14 00:45:00,u_02255,d_1606,ip_1751,m_0092,138.62,0
tx_006916,2025-03-14 01:00:00,u_00076,d_0977,ip_2130,m_0171,38.1,0
tx_006917,2025-03-14 01:15:00,u_00051,d_1180,ip_1284,m_0248,44.65,0
tx_006918,2025-03-14 01:30:00,u_00197,d_1265,ip_0085,m_0226,64.44,0
tx_006919,2025-03-14 01:45:00,u_01979,d_0992,ip_1060,m_0156,43.49,0
tx_006920,2025-03-14 02:00:00,u_00643,d_0061,ip_0616,m_0022,79.98,0
tx_006921,2025-03-14 02:15:00,u_01127,d_1654,ip_0120,m_0081,844.11,0
tx_006922,2025-03-14 02:30:00,u_01178,d_0855,ip_0313,m_0173,143.15,0
tx_006923,2025-03-14 02:45:00,u_01973,d_1179,ip_1099,m_0115,325.55,0
tx_006924,2025-03-14 03:00:00,u_00871,d_0996,ip_0939,m_0136,442.11,0
tx_006925,2025-03-14 03:15:00,u_00016,d_1185,ip_1239,m_0090,48.99,0
tx_006926,2025-03-14 03:30:00,u_00966,d_0638,ip_1525,m_0022,64.62,0
tx_006927,2025-03-14 03:45:00,u_00720,d_1518,ip_0584,m_0139,319.2,0
tx_006928,2025-03-14 04:00:00,u_01827,d_0403,ip_0629,m_0133,78.71,0
tx_006929,2025-03-14 04:15:00,u_01878,d_1175,ip_1490,m_0234,298.74,0
tx_006930,2025-03-14 04:30:00,u_00229,d_1040,ip_0433,m_0033,794.19,0
tx_006931,2025-03-14 04:45:00,u_01982,d_0906,ip_0168,m_0145,34.63,0
tx_006932,2025-03-14 05:00:00,u_00176,d_0039,ip_1877,m_0256,103.86,0
tx_006933,2025-03-14 05:15:00,u_01549,d_0701,ip_0459,m_0080,121.72,0
tx_006934,2025-03-14 05:30:00,u_00973,d_0085,ip_0265,m_0094,87.67,0
tx_006935,2025-03-14 05:45:00,u_00753,d_0905,ip_1622,m_0026,80.8,0
tx_006936,2025-03-14 06:00:00,u_01207,d_1237,ip_1170,m_0172,90.73,0
tx_006937,2025-03-14 06:15:00,u_00775,d_0940,ip_0323,m_0256,146.17,0
tx_006938,2025-03-14 06:30:00,u_01984,d_1362,ip_1871,m_0144,175.02,0
tx_006939,2025-03-14 06:45:00,u_02416,d_0649,ip_0540,m_0125,385.06,0
tx_006940,2025-03-14 07:00:00,u_02039,d_0551,ip_1487,m_0224,144.73,0
tx_006941,2025-03-14 07:15:00,u_01098,d_0806,ip_1431,m_0132,454.04,0
tx_006942,2025-03-14 07:30:00,u_01258,d_0412,ip_1825,m_0119,82.12,0
tx_006943,2025-03-14 07:45:00,u_01117,d_1443,ip_1603,m_0229,44.64,0
tx_006944,2025-03-14 08:00:00,ring_u_14_5,ring_d_14,ring_ip_14,ring_m_6,3848.46,1
tx_006945,2025-03-14 08:15:00,u_01380,d_0749,ip_0113,m_0254,235.68,0
tx_006946,2025-03-14 08:30:00,u_01170,d_1426,ip_2063,m_0080,350.89,0
tx_006947,2025-03-14 08:45:00,u_01023,d_0046,ip_0278,m_0153,639.21,0
tx_006948,2025-03-14 09:00:00,u_00937,d_0278,ip_0557,m_0075,198.38,0
tx_006949,2025-03-14 09:15:00,u_01381,d_0509,ip_0981,m_0189,315.14,0
tx_006950,2025-03-14 09:30:00,u_01722,d_0698,ip_0634,m_0130,583.35,0
tx_006951,2025-03-14 09:45:00,u_01080,d_0417,ip_1304,m_0071,68.08,0
tx_006952,2025-03-14 10:00:00,u_02016,d_0921,ip_0116,m_0223,120.28,0
tx_006953,2025-03-14 10:15:00,u_02066,d_1428,ip_0998,m_0280,2370.64,0
tx_006954,2025-03-14 10:30:00,u_01072,d_0821,ip_0768,m_0008,349.46,0
tx_006955,2025-03-14 10:45:00,u_02272,d_0808,ip_1423,m_0170,247.32,0
tx_006956,2025-03-14 11:00:00,u_00432,d_0107,ip_1143,m_0215,362.74,0
tx_006957,2025-03-14 11:15:00,u_02330,d_0504,ip_1663,m_0215,39.03,0
tx_006958,2025-03-14 11:30:00,u_00735,d_1453,ip_0361,m_0066,77.72,0
tx_006959,2025-03-14 11:45:00,u_01410,d_1459,ip_2088,m_0034,53.93,0
tx_006960,2025-03-14 12:00:00,u_00708,d_0187,ip_0862,m_0154,225.56,0
tx_006961,2025-03-14 12:15:00,u_01105,d_0034,ip_0769,m_0191,102.62,0
tx_006962,2025-03-14 12:30:00,u_00850,d_1495,ip_1206,m_0086,163.27,0
tx_006963,2025-03-14 12:45:00,ring_u_3_4,ring_d_3,ring_ip_3,ring_m_3,86.44,1
tx_006964,2025-03-14 13:00:00,ring_u_21_7,ring_d_21,ring_ip_21,ring_m_5,102.92,1
tx_006965,2025-03-14 13:15:00,u_02095,d_1488,ip_0580,m_0135,359.59,0
tx_006966,2025-03-14 13:30:00,u_02259,d_1417,ip_2040,m_0145,25.48,0
tx_006967,2025-03-14 13:45:00,u_01407,d_0991,ip_0325,m_0204,71.69,0
tx_006968,2025-03-14 14:00:00,u_01368,d_0677,ip_1901,m_0295,39.83,0
tx_006969,2025-03-14 14:15:00,u_01749,d_1392,ip_0867,m_0238,61.58,0
tx_006970,2025-03-14 14:30:00,u_00497,d_1250,ip_1336,m_0002,181.61,0
tx_006971,2025-03-14 14:45:00,u_01874,d_1508,ip_1919,m_0104,510.31,0
tx_006972,2025-03-14 15:00:00,u_00546,d_0924,ip_0284,m_0002,31.16,0
tx_006973,2025-03-14 15:15:00,u_01690,d_1695,ip_0763,m_0261,85.01,0
tx_006974,2025-03-14 15:30:00,u_00763,d_1385,ip_2086,m_0193,25.81,0
tx_006975,2025-03-14 15:45:00,u_01865,d_0114,ip_0327,m_0065,81.01,0
tx_006976,2025-03-14 16:00:00,u_01977,d_0529,ip_0226,m_0251,159.48,0
tx_006977,2025-03-14 16:15:00,u_00521,d_1438,ip_1149,m_0168,319.6,0
tx_006978,2025-03-14 16:30:00,u_01543,d_0208,ip_0054,m_0015,17.84,0
tx_006979,2025-03-14 16:45:00,u_01245,d_1275,ip_2182,m_0045,257.38,0
tx_006980,2025-03-14 17:00:00,u_00735,d_0613,ip_1988,m_0242,56.11,0
tx_006981,2025-03-14 17:15:00,u_01470,d_0372,ip_0413,m_0086,43.98,0
tx_006982,2025-03-14 17:30:00,u_02481,d_0971,ip_0379,m_0157,158.77,0
tx_006983,2025-03-14 17:45:00,ring_u_10_12,ring_d_10,ring_ip_10,ring_m_2,650.16,1
tx_006984,2025-03-14 18:00:00,u_02392,d_1615,ip_1145,m_0086,134.23,0
tx_006985,2025-03-14 18:15:00,u_02139,d_0727,ip_1811,m_0003,49.74,0
tx_006986,2025-03-14 18:30:00,u_01323,d_0006,ip_2128,m_0025,134.16,0
tx_006987,2025-03-14 18:45:00,u_01525,d_1597,ip_0882,m_0274,71.87,0
tx_006988,2025-03-14 19:00:00,u_00922,d_1615,ip_0558,m_0179,271.52,0
tx_006989,2025-03-14 19:15:00,u_00322,d_1089,ip_1363,m_0098,435.01,0
tx_006990,2025-03-14 19:30:00,u_01428,d_1131,ip_1397,m_0023,408.08,0
tx_006991,2025-03-14 19:45:00,u_02040,d_0948,ip_0951,m_0208,145.51,0
tx_006992,2025-03-14 20:00:00,u_00577,d_0022,ip_0657,m_0011,456.08,0
tx_006993,2025-03-14 20:15:00,u_01792,d_0287,ip_0577,m_0027,53.46,0
tx_006994,2025-03-14 20:30:00,u_01870,d_0258,ip_1147,m_0178,882.59,0
tx_006995,2025-03-14 20:45:00,u_01895,d_1645,ip_0937,m_0192,53.17,0
tx_006996,2025-03-14 21:00:00,u_00850,d_0089,ip_1006,m_0170,19.49,0
tx_006997,2025-03-14 21:15:00,u_00980,d_1001,ip_0209,m_0272,581.4,0
tx_006998,2025-03-14 21:30:00,ring_u_12_15,ring_d_12,ring_ip_12,ring_m_4,115.1,1
tx_006999,2025-03-14 21:45:00,u_02135,d_0010,ip_1555,m_0166,166.79,0
tx_007000,2025-03-14 22:00:00,u_02251,d_1654,ip_2021,m_0091,52.94,0
tx_007001,2025-03-14 22:15:00,ring_u_6_12,ring_d_6,ring_ip_6,ring_m_6,75.7,1
tx_007002,2025-03-14 22:30:00,u_02424,d_1540,ip_1361,m_0045,917.65,0
tx_007003,2025-03-14 22:45:00,u_01426,d_1399,ip_0676,m_0238,696.84,0
tx_007004,2025-03-14 23:00:00,u_00962,d_1428,ip_1438,m_0211,162.12,0
tx_007005,2025-03-14 23:15:00,u_00001,d_0291,ip_1246,m_0213,395.72,0
tx_007006,2025-03-14 23:30:00,u_01527,d_1585,ip_2032,m_0042,140.74,0
tx_007007,2025-03-14 23:45:00,u_01612,d_1077,ip_0510,m_0035,455.87,0
tx_007008,2025-03-15 00:00:00,u_02420,d_0723,ip_0056,m_0234,98.43,0
tx_007009,2025-03-15 00:15:00,u_01795,d_1225,ip_0280,m_0199,723.94,0
tx_007010,2025-03-15 00:30:00,u_00074,d_0614,ip_0385,m_0008,93.61,0
tx_007011,2025-03-15 00:45:00,ring_u_19_8,ring_d_19,ring_ip_19,ring_m_3,680.49,1
tx_007012,2025-03-15 01:00:00,ring_u_18_12,ring_d_18,ring_ip_18,ring_m_2,83.85,1
tx_007013,2025-03-15 01:15:00,u_01241,d_1024,ip_0295,m_0225,179.91,0
tx_007014,2025-03-15 01:30:00,u_01073,d_1081,ip_0873,m_0083,100.67,0
tx_007015,2025-03-15 01:45:00,u_02024,d_0432,ip_1720,m_0094,241.59,0
tx_007016,2025-03-15 02:00:00,u_01528,d_0442,ip_0933,m_0225,91.75,0
tx_007017,2025-03-15 02:15:00,u_01703,d_1703,ip_0597,m_0120,327.27,0
tx_007018,2025-03-15 02:30:00,u_01160,d_0926,ip_0625,m_0221,677.47,0
tx_007019,2025-03-15 02:45:00,u_00695,d_1548,ip_1800,m_0288,160.38,0
tx_007020,2025-03-15 03:00:00,u_01297,d_0594,ip_0953,m_0121,1364.21,0
tx_007021,2025-03-15 03:15:00,u_02397,d_0518,ip_0810,m_0172,458.3,0
tx_007022,2025-03-15 03:30:00,u_01506,d_0508,ip_1701,m_0146,1259.21,0
tx_007023,2025-03-15 03:45:00,u_01768,d_0951,ip_0811,m_0152,139.6,0
tx_007024,2025-03-15 04:00:00,u_00310,d_1402,ip_0784,m_0022,28.18,0
tx_007025,2025-03-15 04:15:00,u_02469,d_0901,ip_1651,m_0296,73.25,0
tx_007026,2025-03-15 04:30:00,u_00611,d_0530,ip_0720,m_0162,81.11,0
tx_007027,2025-03-15 04:45:00,u_02428,d_1728,ip_1122,m_0068,57.22,0
tx_007028,2025-03-15 05:00:00,u_01114,d_1030,ip_1462,m_0172,16.51,0
tx_007029,2025-03-15 05:15:00,u_02297,d_0709,ip_0442,m_0119,413.5,0
tx_007030,2025-03-15 05:30:00,u_02229,d_0017,ip_0282,m_0246,23.1,0
tx_007031,2025-03-15 05:45:00,u_01888,d_1012,ip_1870,m_0227,375.73,0
tx_007032,2025-03-15 06:00:00,u_02291,d_1117,ip_0653,m_0114,1320.22,0
tx_007033,2025-03-15 06:15:00,u_01523,d_1671,ip_0748,m_0213,68.15,0
tx_007034,2025-03-15 06:30:00,u_02121,d_0415,ip_1297,m_0009,218.67,0
tx_007035,2025-03-15 06:45:00,u_00430,d_0293,ip_0226,m_0290,99.62,0
tx_007036,2025-03-15 07:00:00,u_00175,d_1798,ip_0100,m_0153,339.36,0
tx_007037,2025-03-15 07:15:00,u_01358,d_0990,ip_0915,m_0196,44.95,0
tx_007038,2025-03-15 07:30:00,u_02024,d_0048,ip_2130,m_0193,130.09,0
tx_007039,2025-03-15 07:45:00,u_01913,d_0190,ip_1262,m_0093,455.4,0
tx_007040,2025-03-15 08:00:00,u_01319,d_0855,ip_1272,m_0206,141.33,0
tx_007041,2025-03-15 08:15:00,u_01302,d_1111,ip_1341,m_0119,29.12,0
tx_007042,2025-03-15 08:30:00,u_01524,d_0438,ip_1894,m_0204,513.71,0
tx_007043,2025-03-15 08:45:00,u_02170,d_0658,ip_1838,m_0026,40.61,0
tx_007044,2025-03-15 09:00:00,u_02104,d_1325,ip_0053,m_0043,160.57,0
tx_007045,2025-03-15 09:15:00,u_00274,d_1741,ip_1191,m_0277,265.77,0
tx_007046,2025-03-15 09:30:00,u_01489,d_0883,ip_1202,m_0220,167.31,0
tx_007047,2025-03-15 09:45:00,u_00952,d_0747,ip_0492,m_0038,1877.01,0
tx_007048,2025-03-15 10:00:00,u_01998,d_0650,ip_2145,m_0064,309.15,0
tx_007049,2025-03-15 10:15:00,u_01264,d_0245,ip_0575,m_0163,121.23,0
tx_007050,2025-03-15 10:30:00,u_02478,d_0094,ip_1834,m_0001,271.15,0
tx_007051,2025-03-15 10:45:00,u_01080,d_1501,ip_0221,m_0120,183.08,0
tx_007052,2025-03-15 11:00:00,u_01697,d_0066,ip_1323,m_0097,155.15,0
tx_007053,2025-03-15 11:15:00,u_00271,d_1477,ip_1619,m_0040,189.39,0
tx_007054,2025-03-15 11:30:00,u_02330,d_0445,ip_1109,m_0089,96.15,0
tx_007055,2025-03-15 11:45:00,u_00383,d_1250,ip_0233,m_0087,183.63,0
tx_007056,2025-03-15 12:00:00,u_00945,d_1712,ip_0272,m_0020,89.52,0
tx_007057,2025-03-15 12:15:00,u_02094,d_1347,ip_1332,m_0190,22.28,0
tx_007058,2025-03-15 12:30:00,ring_u_19_16,ring_d_19,ring_ip_19,ring_m_3,769.26,1
tx_007059,2025-03-15 12:45:00,u_01210,d_0476,ip_1313,m_0009,84.31,0
tx_007060,2025-03-15 13:00:00,u_01211,d_1076,ip_0221,m_0006,170.95,0
tx_007061,2025-03-15 13:15:00,u_00121,d_1155,ip_1728,m_0289,69.38,0
tx_007062,2025-03-15 13:30:00,u_02447,d_0765,ip_1010,m_0035,71.5,0
tx_007063,2025-03-15 13:45:00,u_00041,d_0068,ip_0164,m_0272,52.51,0
tx_007064,2025-03-15 14:00:00,u_00065,d_1642,ip_0809,m_0049,383.1,0
tx_007065,2025-03-15 14:15:00,u_01183,d_0354,ip_0446,m_0025,487.71,0
tx_007066,2025-03-15 14:30:00,u_00009,d_1752,ip_2170,m_0163,152.31,0
tx_007067,2025-03-15 14:45:00,u_00410,d_1678,ip_2001,m_0260,86.78,0
tx_007068,2025-03-15 15:00:00,u_01569,d_0033,ip_0233,m_0021,27.3,0
tx_007069,2025-03-15 15:15:00,u_01762,d_1330,ip_1258,m_0098,328.79,0
tx_007070,2025-03-15 15:30:00,u_00745,d_1141,ip_0015,m_0225,75.45,0
tx_007071,2025-03-15 15:45:00,u_01988,d_0415,ip_1006,m_0020,48.56,0
tx_007072,2025-03-15 16:00:00,u_01519,d_1463,ip_0343,m_0050,152.82,0
tx_007073,2025-03-15 16:15:00,u_00570,d_0200,ip_1644,m_0091,106.26,0
tx_007074,2025-03-15 16:30:00,u_01781,d_0447,ip_0158,m_0241,32.52,0
tx_007075,2025-03-15 16:45:00,u_01480,d_1708,ip_1985,m_0242,37.31,0
tx_007076,2025-03-15 17:00:00,u_02030,d_1337,ip_0508,m_0212,207.79,0
tx_007077,2025-03-15 17:15:00,u_00386,d_0201,ip_0578,m_0199,77.04,0
tx_007078,2025-03-15 17:30:00,u_00577,d_0259,ip_1948,m_0007,247.22,0
tx_007079,2025-03-15 17:45:00,u_00758,d_0462,ip_1983,m_0071,171.83,0
tx_007080,2025-03-15 18:00:00,u_00853,d_0127,ip_0211,m_0276,423.07,0
tx_007081,2025-03-15 18:15:00,u_02221,d_0328,ip_0239,m_0215,64.58,0
tx_007082,2025-03-15 18:30:00,u_01831,d_1029,ip_1877,m_0072,187.3,0
tx_007083,2025-03-15 18:45:00,u_01360,d_0013,ip_2150,m_0212,280.98,0
tx_007084,2025-03-15 19:00:00,u_01351,d_0517,ip_1075,m_0217,79.34,0
tx_007085,2025-03-15 19:15:00,u_02214,d_0565,ip_0362,m_0222,458.15,0
tx_007086,2025-03-15 19:30:00,u_01116,d_1747,ip_0335,m_0294,28.04,0
tx_007087,2025-03-15 19:45:00,u_00563,d_1753,ip_0585,m_0162,64.53,0
tx_007088,2025-03-15 20:00:00,u_00342,d_1521,ip_1507,m_0017,27.01,0
tx_007089,2025-03-15 20:15:00,u_00825,d_0615,ip_0212,m_0245,71.1,0
tx_007090,2025-03-15 20:30:00,u_01633,d_0949,ip_1411,m_0004,127.16,0
tx_007091,2025-03-15 20:45:00,u_01177,d_0907,ip_1768,m_0192,340.87,0
tx_007092,2025-03-15 21:00:00,u_01054,d_1548,ip_0316,m_0238,127.07,0
tx_007093,2025-03-15 21:15:00,u_01200,d_1342,ip_2165,m_0037,81.83,0
tx_007094,2025-03-15 21:30:00,u_02437,d_1631,ip_2172,m_0239,31.52,0
tx_007095,2025-03-15 21:45:00,u_02494,d_0991,ip_0653,m_0243,44.07,0
tx_007096,2025-03-15 22:00:00,u_00403,d_1654,ip_0246,m_0196,202.39,0
tx_007097,2025-03-15 22:15:00,u_00286,d_1338,ip_0716,m_0097,358.33,0
tx_007098,2025-03-15 22:30:00,u_00610,d_1329,ip_0568,m_0060,97.59,0
tx_007099,2025-03-15 22:45:00,u_02129,d_1190,ip_0613,m_0211,498.21,0
tx_007100,2025-03-15 23:00:00,u_01148,d_0604,ip_2034,m_0047,57.4,0
tx_007101,2025-03-15 23:15:00,u_02159,d_1095,ip_0340,m_0202,100.43,0
tx_007102,2025-03-15 23:30:00,u_01616,d_0641,ip_0697,m_0050,109.27,0
tx_007103,2025-03-15 23:45:00,u_01382,d_1169,ip_1732,m_0100,685.0,0
tx_007104,2025-03-16 00:00:00,u_00703,d_0458,ip_0126,m_0151,169.64,0
tx_007105,2025-03-16 00:15:00,u_00860,d_1438,ip_0133,m_0048,24.57,0
tx_007106,2025-03-16 00:30:00,u_00369,d_1028,ip_0664,m_0238,384.39,0
tx_007107,2025-03-16 00:45:00,u_01298,d_1278,ip_2129,m_0208,940.04,0
tx_007108,2025-03-16 01:00:00,u_00700,d_0399,ip_1846,m_0004,115.61,0
tx_007109,2025-03-16 01:15:00,u_00731,d_1425,ip_2040,m_0254,60.52,0
tx_007110,2025-03-16 01:30:00,u_00098,d_1444,ip_1900,m_0215,352.22,0
tx_007111,2025-03-16 01:45:00,u_01997,d_0262,ip_0260,m_0251,1058.14,0
tx_007112,2025-03-16 02:00:00,ring_u_12_12,ring_d_12,ring_ip_12,ring_m_4,122.48,1
tx_007113,2025-03-16 02:15:00,u_01245,d_1219,ip_1164,m_0187,29.28,0
tx_007114,2025-03-16 02:30:00,u_01340,d_1572,ip_0366,m_0115,315.67,0
tx_007115,2025-03-16 02:45:00,u_02314,d_1326,ip_2184,m_0068,222.34,0
tx_007116,2025-03-16 03:00:00,u_01278,d_0849,ip_1326,m_0070,57.13,0
tx_007117,2025-03-16 03:15:00,u_01556,d_0539,ip_1875,m_0094,538.52,0
tx_007118,2025-03-16 03:30:00,u_01070,d_1637,ip_0569,m_0087,230.06,0
tx_007119,2025-03-16 03:45:00,u_01285,d_1574,ip_1573,m_0226,552.78,0
tx_007120,2025-03-16 04:00:00,ring_u_21_5,ring_d_21,ring_ip_21,ring_m_5,34.85,1
tx_007121,2025-03-16 04:15:00,u_01777,d_0548,ip_0049,m_0123,221.14,0
tx_007122,2025-03-16 04:30:00,u_01510,d_0785,ip_1409,m_0217,60.64,0
tx_007123,2025-03-16 04:45:00,u_01259,d_0438,ip_0150,m_0219,190.12,0
tx_007124,2025-03-16 05:00:00,u_00189,d_1718,ip_0607,m_0280,650.16,0
tx_007125,2025-03-16 05:15:00,u_02261,d_1560,ip_1746,m_0092,35.64,0
tx_007126,2025-03-16 05:30:00,u_02220,d_0311,ip_1094,m_0072,37.75,0
tx_007127,2025-03-16 05:45:00,u_00461,d_0444,ip_0828,m_0001,385.86,0
tx_007128,2025-03-16 06:00:00,u_00733,d_0993,ip_0639,m_0047,146.33,0
tx_007129,2025-03-16 06:15:00,u_02433,d_0747,ip_1470,m_0181,478.79,0
tx_007130,2025-03-16 06:30:00,u_00802,d_0827,ip_2099,m_0242,66.2,0
tx_007131,2025-03-16 06:45:00,u_02030,d_0662,ip_1626,m_0180,156.21,0
tx_007132,2025-03-16 07:00:00,u_01964,d_1213,ip_0789,m_0297,295.34,0
tx_007133,2025-03-16 07:15:00,u_02151,d_1616,ip_0928,m_0188,183.13,0
tx_007134,2025-03-16 07:30:00,u_00040,d_1650,ip_0226,m_0264,24.81,0
tx_007135,2025-03-16 07:45:00,ring_u_0_17,ring_d_0,ring_ip_0,ring_m_0,99.26,1
tx_007136,2025-03-16 08:00:00,u_01413,d_1490,ip_0590,m_0097,183.52,0
tx_007137,2025-03-16 08:15:00,u_02093,d_1249,ip_0850,m_0243,38.85,0
tx_007138,2025-03-16 08:30:00,u_00561,d_0354,ip_2178,m_0198,203.2,0
tx_007139,2025-03-16 08:45:00,u_00766,d_1429,ip_1916,m_0146,227.95,0
tx_007140,2025-03-16 09:00:00,u_00449,d_0630,ip_0248,m_0286,400.98,0
tx_007141,2025-03-16 09:15:00,u_01904,d_1130,ip_0728,m_0228,375.08,0
tx_007142,2025-03-16 09:30:00,u_02497,d_1297,ip_0123,m_0088,119.84,0
tx_007143,2025-03-16 09:45:00,u_00351,d_1698,ip_0137,m_0183,26.52,0
tx_007144,2025-03-16 10:00:00,u_00582,d_1706,ip_0824,m_0118,235.42,0
tx_007145,2025-03-16 10:15:00,u_00767,d_1444,ip_2110,m_0124,28.72,0
tx_007146,2025-03-16 10:30:00,u_02222,d_0910,ip_0407,m_0241,500.32,0
tx_007147,2025-03-16 10:45:00,u_01114,d_0720,ip_1497,m_0203,71.32,0
tx_007148,2025-03-16 11:00:00,u_00704,d_0794,ip_0863,m_0003,280.05,0
tx_007149,2025-03-16 11:15:00,u_00805,d_1711,ip_1189,m_0172,77.0,0
tx_007150,2025-03-16 11:30:00,u_01495,d_0369,ip_1912,m_0194,90.74,0
tx_007151,2025-03-16 11:45:00,u_00967,d_0944,ip_1824,m_0153,66.62,0
tx_007152,2025-03-16 12:00:00,u_00351,d_1223,ip_1822,m_0089,303.71,0
tx_007153,2025-03-16 12:15:00,u_02050,d_0040,ip_0904,m_0194,79.73,0
tx_007154,2025-03-16 12:30:00,u_01055,d_1142,ip_0106,m_0284,320.07,0
tx_007155,2025-03-16 12:45:00,u_00641,d_0468,ip_2167,m_0025,81.84,0
tx_007156,2025-03-16 13:00:00,u_01821,d_0505,ip_2186,m_0180,117.75,0
tx_007157,2025-03-16 13:15:00,u_01863,d_1119,ip_1886,m_0273,153.79,0
tx_007158,2025-03-16 13:30:00,ring_u_3_12,ring_d_3,ring_ip_3,ring_m_3,75.39,1
tx_007159,2025-03-16 13:45:00,u_00184,d_0282,ip_0617,m_0100,58.9,0
tx_007160,2025-03-16 14:00:00,ring_u_2_15,ring_d_2,ring_ip_2,ring_m_2,3299.22,1
tx_007161,2025-03-16 14:15:00,u_01914,d_1051,ip_0816,m_0067,113.14,0
tx_007162,2025-03-16 14:30:00,u_01564,d_0196,ip_0735,m_0117,255.67,0
tx_007163,2025-03-16 14:45:00,u_01980,d_0650,ip_0606,m_0231,146.02,0
tx_007164,2025-03-16 15:00:00,u_01566,d_0553,ip_2090,m_0054,266.79,0
tx_007165,2025-03-16 15:15:00,u_01004,d_0961,ip_1450,m_0069,98.36,0
tx_007166,2025-03-16 15:30:00,u_01473,d_0541,ip_0490,m_0299,67.38,0
tx_007167,2025-03-16 15:45:00,ring_u_8_5,ring_d_8,ring_ip_8,ring_m_0,2771.78,1
tx_007168,2025-03-16 16:00:00,u_00997,d_0954,ip_1551,m_0068,90.58,0
tx_007169,2025-03-16 16:15:00,u_02287,d_1527,ip_1149,m_0126,638.29,0
tx_007170,2025-03-16 16:30:00,u_02249,d_1052,ip_2082,m_0121,158.8,0
tx_007171,2025-03-16 16:45:00,u_02001,d_0651,ip_2124,m_0088,37.58,0
tx_007172,2025-03-16 17:00:00,u_02480,d_0868,ip_0950,m_0045,82.64,0
tx_007173,2025-03-16 17:15:00,u_00976,d_0252,ip_1039,m_0018,54.64,0
tx_007174,2025-03-16 17:30:00,u_00285,d_0425,ip_0477,m_0184,433.95,0
tx_007175,2025-03-16 17:45:00,u_01210,d_0788,ip_1724,m_0012,321.67,0
tx_007176,2025-03-16 18:00:00,u_01864,d_1066,ip_2048,m_0186,139.62,0
tx_007177,2025-03-16 18:15:00,u_01948,d_0875,ip_1447,m_0028,198.36,0
tx_007178,2025-03-16 18:30:00,u_00971,d_1733,ip_0442,m_0046,135.95,0
tx_007179,2025-03-16 18:45:00,u_00731,d_1147,ip_1140,m_0001,350.87,0
tx_007180,2025-03-16 19:00:00,u_01113,d_0041,ip_1748,m_0119,249.59,0
tx_007181,2025-03-16 19:15:00,u_02009,d_0944,ip_0092,m_0098,298.86,0
tx_007182,2025-03-16 19:30:00,u_00151,d_1049,ip_1298,m_0099,122.51,0
tx_007183,2025-03-16 19:45:00,ring_u_16_9,ring_d_16,ring_ip_16,ring_m_0,1093.28,1
tx_007184,2025-03-16 20:00:00,u_00574,d_0693,ip_1180,m_0281,288.61,0
tx_007185,2025-03-16 20:15:00,u_02014,d_1568,ip_1413,m_0129,700.18,0
tx_007186,2025-03-16 20:30:00,u_01174,d_0642,ip_1970,m_0242,448.55,0
tx_007187,2025-03-16 20:45:00,u_00217,d_0821,ip_0274,m_0069,721.74,0
tx_007188,2025-03-16 21:00:00,u_00654,d_0398,ip_1255,m_0144,174.52,0
tx_007189,2025-03-16 21:15:00,ring_u_18_14,ring_d_18,ring_ip_18,ring_m_2,117.04,1
tx_007190,2025-03-16 21:30:00,u_01188,d_0572,ip_1808,m_0077,61.49,0
tx_007191,2025-03-16 21:45:00,u_02494,d_1391,ip_1027,m_0021,589.67,0
tx_007192,2025-03-16 22:00:00,u_01418,d_1769,ip_2194,m_0006,23.06,0
tx_007193,2025-03-16 22:15:00,u_02173,d_1188,ip_0713,m_0054,668.31,0
tx_007194,2025-03-16 22:30:00,u_01856,d_1495,ip_0969,m_0047,67.52,0
tx_007195,2025-03-16 22:45:00,u_02207,d_1168,ip_1812,m_0094,1015.76,0
tx_007196,2025-03-16 23:00:00,u_00777,d_1185,ip_0966,m_0223,138.3,0
tx_007197,2025-03-16 23:15:00,u_02378,d_0768,ip_0755,m_0044,305.69,0
tx_007198,2025-03-16 23:30:00,u_00596,d_0110,ip_1222,m_0183,1611.7,0
tx_007199,2025-03-16 23:45:00,u_01095,d_0738,ip_1368,m_0109,106.68,0
tx_007200,2025-03-17 00:00:00,u_01703,d_1556,ip_2133,m_0120,104.91,0
tx_007201,2025-03-17 00:15:00,u_00717,d_0965,ip_1359,m_0276,74.08,0
tx_007202,2025-03-17 00:30:00,u_00661,d_1371,ip_0407,m_0139,54.5,0
tx_007203,2025-03-17 00:45:00,u_00325,d_0091,ip_0116,m_0078,106.72,0
tx_007204,2025-03-17 01:00:00,u_00010,d_0362,ip_2128,m_0071,85.21,0
tx_007205,2025-03-17 01:15:00,u_01253,d_0538,ip_0930,m_0050,42.51,0
tx_007206,2025-03-17 01:30:00,u_02466,d_0646,ip_0443,m_0240,120.24,0
tx_007207,2025-03-17 01:45:00,u_00550,d_1778,ip_0490,m_0199,232.71,0
tx_007208,2025-03-17 02:00:00,u_01100,d_0831,ip_0233,m_0080,60.59,0
tx_007209,2025-03-17 02:15:00,u_02338,d_1191,ip_0439,m_0147,126.16,0
tx_007210,2025-03-17 02:30:00,u_01930,d_1160,ip_1716,m_0151,605.77,0
tx_007211,2025-03-17 02:45:00,u_00010,d_0754,ip_1440,m_0014,35.89,0
tx_007212,2025-03-17 03:00:00,ring_u_22_13,ring_d_22,ring_ip_22,ring_m_6,982.82,1
tx_007213,2025-03-17 03:15:00,u_00357,d_0400,ip_0025,m_0236,75.64,0
tx_007214,2025-03-17 03:30:00,u_00617,d_0062,ip_1479,m_0160,181.44,0
tx_007215,2025-03-17 03:45:00,u_00616,d_1341,ip_2131,m_0214,533.34,0
tx_007216,2025-03-17 04:00:00,u_01531,d_1176,ip_2031,m_0032,723.67,0
tx_007217,2025-03-17 04:15:00,u_00497,d_0468,ip_0869,m_0293,237.42,0
tx_007218,2025-03-17 04:30:00,ring_u_3_11,ring_d_3,ring_ip_3,ring_m_3,89.21,1
tx_007219,2025-03-17 04:45:00,u_00564,d_0292,ip_0657,m_0281,67.84,0
tx_007220,2025-03-17 05:00:00,u_00892,d_0451,ip_1954,m_0259,83.52,0
tx_007221,2025-03-17 05:15:00,u_01640,d_0278,ip_2023,m_0175,981.67,0
tx_007222,2025-03-17 05:30:00,u_00999,d_0335,ip_0490,m_0086,101.18,0
tx_007223,2025-03-17 05:45:00,u_00818,d_1312,ip_1070,m_0205,205.13,0
tx_007224,2025-03-17 06:00:00,ring_u_9_16,ring_d_9,ring_ip_9,ring_m_1,101.81,1
tx_007225,2025-03-17 06:15:00,u_01537,d_1157,ip_1351,m_0122,46.7,0
tx_007226,2025-03-17 06:30:00,u_00038,d_1549,ip_0644,m_0213,152.38,0
tx_007227,2025-03-17 06:45:00,u_02225,d_0125,ip_1530,m_0266,107.26,0
tx_007228,2025-03-17 07:00:00,u_02291,d_1116,ip_2159,m_0051,115.39,0
tx_007229,2025-03-17 07:15:00,u_01506,d_0207,ip_1917,m_0165,33.82,0
tx_007230,2025-03-17 07:30:00,u_01436,d_1720,ip_0400,m_0233,137.9,0
tx_007231,2025-03-17 07:45:00,u_01736,d_1140,ip_0285,m_0097,698.73,0
tx_007232,2025-03-17 08:00:00,u_01102,d_1367,ip_1792,m_0102,63.24,0
tx_007233,2025-03-17 08:15:00,u_00913,d_1028,ip_0179,m_0002,364.1,0
tx_007234,2025-03-17 08:30:00,u_00881,d_0690,ip_0880,m_0096,4.64,0
tx_007235,2025-03-17 08:45:00,u_00399,d_1234,ip_2186,m_0175,66.53,0
tx_007236,2025-03-17 09:00:00,u_02102,d_1504,ip_0985,m_0291,21.97,0
tx_007237,2025-03-17 09:15:00,u_00801,d_0320,ip_0019,m_0157,510.92,0
tx_007238,2025-03-17 09:30:00,u_00711,d_1569,ip_2145,m_0087,357.37,0
tx_007239,2025-03-17 09:45:00,u_02410,d_1307,ip_1558,m_0243,52.76,0
tx_007240,2025-03-17 10:00:00,u_01266,d_0154,ip_0727,m_0056,198.2,0
tx_007241,2025-03-17 10:15:00,u_01554,d_1684,ip_1344,m_0056,493.59,0
tx_007242,2025-03-17 10:30:00,u_00613,d_0324,ip_1346,m_0156,576.62,0
tx_007243,2025-03-17 10:45:00,u_00693,d_1081,ip_1215,m_0244,98.91,0
tx_007244,2025-03-17 11:00:00,u_01820,d_0233,ip_2114,m_0063,16.3,0
tx_007245,2025-03-17 11:15:00,u_01127,d_0353,ip_1728,m_0004,60.43,0
tx_007246,2025-03-17 11:30:00,u_00369,d_1157,ip_0569,m_0217,319.3,0
tx_007247,2025-03-17 11:45:00,u_02088,d_1223,ip_2183,m_0176,1210.63,0
tx_007248,2025-03-17 12:00:00,u_01006,d_1236,ip_2117,m_0205,140.57,0
tx_007249,2025-03-17 12:15:00,u_01671,d_0617,ip_0103,m_0119,80.9,0
tx_007250,2025-03-17 12:30:00,u_00853,d_1476,ip_0653,m_0035,1634.94,0
tx_007251,2025-03-17 12:45:00,u_01401,d_0088,ip_1351,m_0099,222.68,0
tx_007252,2025-03-17 13:00:00,u_01939,d_1537,ip_1932,m_0140,43.48,0
tx_007253,2025-03-17 13:15:00,u_02212,d_0544,ip_1576,m_0129,131.77,0
tx_007254,2025-03-17 13:30:00,u_00518,d_1117,ip_1262,m_0266,403.4,0
tx_007255,2025-03-17 13:45:00,u_01681,d_1630,ip_0673,m_0067,138.33,0
tx_007256,2025-03-17 14:00:00,u_02286,d_0459,ip_0212,m_0093,328.44,0
tx_007257,2025-03-17 14:15:00,u_01606,d_0740,ip_1964,m_0055,29.81,0
tx_007258,2025-03-17 14:30:00,u_00357,d_1490,ip_1171,m_0171,35.37,0
tx_007259,2025-03-17 14:45:00,u_00474,d_1556,ip_1005,m_0241,71.18,0
tx_007260,2025-03-17 15:00:00,u_00507,d_0423,ip_2155,m_0264,111.92,0
tx_007261,2025-03-17 15:15:00,u_00265,d_0915,ip_0361,m_0068,207.25,0
tx_007262,2025-03-17 15:30:00,u_01884,d_0599,ip_0558,m_0128,280.55,0
tx_007263,2025-03-17 15:45:00,u_02412,d_0930,ip_1879,m_0221,1747.8,0
tx_007264,2025-03-17 16:00:00,u_01292,d_0682,ip_0625,m_0013,70.91,0
tx_007265,2025-03-17 16:15:00,u_01497,d_0009,ip_2074,m_0213,108.42,0
tx_007266,2025-03-17 16:30:00,u_01934,d_1664,ip_1887,m_0040,72.92,0
tx_007267,2025-03-17 16:45:00,u_01039,d_1146,ip_0218,m_0010,436.76,0
tx_007268,2025-03-17 17:00:00,u_01181,d_0831,ip_1006,m_0033,461.25,0
tx_007269,2025-03-17 17:15:00,u_01472,d_0194,ip_1653,m_0264,94.85,0
tx_007270,2025-03-17 17:30:00,u_00761,d_0128,ip_1077,m_0204,1171.16,0
tx_007271,2025-03-17 17:45:00,u_00154,d_0861,ip_0473,m_0236,73.05,0
tx_007272,2025-03-17 18:00:00,u_01419,d_1168,ip_0099,m_0207,415.68,0
tx_007273,2025-03-17 18:15:00,u_02055,d_0468,ip_0014,m_0238,635.57,0
tx_007274,2025-03-17 18:30:00,u_00183,d_1339,ip_0392,m_0148,38.03,0
tx_007275,2025-03-17 18:45:00,u_00541,d_0706,ip_0573,m_0242,264.44,0
tx_007276,2025-03-17 19:00:00,u_00657,d_0019,ip_0664,m_0016,9.73,0
tx_007277,2025-03-17 19:15:00,u_02011,d_0966,ip_1880,m_0174,338.39,0
tx_007278,2025-03-17 19:30:00,u_01261,d_0325,ip_1118,m_0226,49.32,0
tx_007279,2025-03-17 19:45:00,u_01335,d_0026,ip_0310,m_0298,261.77,0
tx_007280,2025-03-17 20:00:00,u_01613,d_0234,ip_0183,m_0107,315.76,0
tx_007281,2025-03-17 20:15:00,u_00691,d_0512,ip_0287,m_0053,454.93,0
tx_007282,2025-03-17 20:30:00,u_01783,d_0926,ip_0689,m_0216,361.48,0
tx_007283,2025-03-17 20:45:00,u_00075,d_1781,ip_1625,m_0021,156.94,0
tx_007284,2025-03-17 21:00:00,u_00284,d_0392,ip_0108,m_0232,101.45,0
tx_007285,2025-03-17 21:15:00,u_02039,d_0103,ip_0893,m_0211,137.77,0
tx_007286,2025-03-17 21:30:00,u_01645,d_0344,ip_0984,m_0207,48.62,0
tx_007287,2025-03-17 21:45:00,u_00441,d_0574,ip_0326,m_0088,120.1,0
tx_007288,2025-03-17 22:00:00,u_01096,d_0369,ip_0128,m_0036,110.97,0
tx_007289,2025-03-17 22:15:00,ring_u_18_7,ring_d_18,ring_ip_18,ring_m_2,88.84,1
tx_007290,2025-03-17 22:30:00,u_01679,d_1744,ip_0333,m_0108,26.02,0
tx_007291,2025-03-17 22:45:00,u_01889,d_0682,ip_1748,m_0117,41.39,0
tx_007292,2025-03-17 23:00:00,u_00695,d_1142,ip_2016,m_0056,6.36,0
tx_007293,2025-03-17 23:15:00,u_00875,d_1232,ip_1371,m_0100,109.08,0
tx_007294,2025-03-17 23:30:00,u_00592,d_0234,ip_1668,m_0249,212.83,0
tx_007295,2025-03-17 23:45:00,u_00973,d_0445,ip_1674,m_0267,10.15,0
tx_007296,2025-03-18 00:00:00,u_00680,d_0748,ip_1930,m_0104,188.05,0
tx_007297,2025-03-18 00:15:00,u_00617,d_0828,ip_0215,m_0042,131.31,0
tx_007298,2025-03-18 00:30:00,u_01075,d_0023,ip_2193,m_0010,45.75,0
tx_007299,2025-03-18 00:45:00,u_02147,d_1160,ip_1007,m_0056,96.43,0
tx_007300,2025-03-18 01:00:00,u_01906,d_0541,ip_1194,m_0002,424.45,0
tx_007301,2025-03-18 01:15:00,u_00743,d_0580,ip_1753,m_0200,56.03,0
tx_007302,2025-03-18 01:30:00,u_02357,d_1085,ip_1086,m_0192,160.59,0
tx_007303,2025-03-18 01:45:00,u_00525,d_1707,ip_0584,m_0234,209.89,0
tx_007304,2025-03-18 02:00:00,u_02276,d_1556,ip_0041,m_0099,65.22,0
tx_007305,2025-03-18 02:15:00,u_00773,d_1763,ip_0372,m_0249,406.78,0
tx_007306,2025-03-18 02:30:00,ring_u_22_5,ring_d_22,ring_ip_22,ring_m_6,601.07,1
tx_007307,2025-03-18 02:45:00,u_00507,d_0215,ip_0839,m_0069,115.36,0
tx_007308,2025-03-18 03:00:00,u_01905,d_0388,ip_1713,m_0274,1576.94,0
tx_007309,2025-03-18 03:15:00,u_00794,d_0618,ip_0733,m_0264,408.54,0
tx_007310,2025-03-18 03:30:00,u_02181,d_0540,ip_1314,m_0179,27.49,0
tx_007311,2025-03-18 03:45:00,u_00207,d_0374,ip_0408,m_0182,100.57,0
tx_007312,2025-03-18 04:00:00,u_01255,d_0271,ip_1298,m_0210,1748.73,0
tx_007313,2025-03-18 04:15:00,u_00396,d_0336,ip_2098,m_0246,55.58,0
tx_007314,2025-03-18 04:30:00,u_02222,d_1184,ip_0693,m_0069,158.59,0
tx_007315,2025-03-18 04:45:00,u_01042,d_0883,ip_1062,m_0020,508.26,0
tx_007316,2025-03-18 05:00:00,u_01686,d_0067,ip_2118,m_0055,284.95,0
tx_007317,2025-03-18 05:15:00,u_02198,d_1014,ip_1337,m_0107,329.14,0
tx_007318,2025-03-18 05:30:00,u_01339,d_1516,ip_0878,m_0070,310.32,0
tx_007319,2025-03-18 05:45:00,u_00143,d_0766,ip_0266,m_0157,152.23,0
tx_007320,2025-03-18 06:00:00,u_00551,d_0573,ip_2062,m_0041,67.2,0
tx_007321,2025-03-18 06:15:00,ring_u_1_9,ring_d_1,ring_ip_1,ring_m_1,473.53,1
tx_007322,2025-03-18 06:30:00,u_02285,d_0682,ip_0125,m_0213,99.21,0
tx_007323,2025-03-18 06:45:00,u_02270,d_0501,ip_1221,m_0029,91.71,0
tx_007324,2025-03-18 07:00:00,u_01192,d_1663,ip_2130,m_0086,653.58,0
tx_007325,2025-03-18 07:15:00,u_02225,d_1785,ip_2050,m_0161,101.39,0
tx_007326,2025-03-18 07:30:00,u_00615,d_0617,ip_0430,m_0019,817.4,0
tx_007327,2025-03-18 07:45:00,u_01698,d_1662,ip_0907,m_0199,191.86,0
tx_007328,2025-03-18 08:00:00,u_00979,d_1536,ip_2170,m_0226,126.58,0
tx_007329,2025-03-18 08:15:00,ring_u_12_16,ring_d_12,ring_ip_12,ring_m_4,92.96,1
tx_007330,2025-03-18 08:30:00,u_00625,d_0883,ip_1232,m_0002,1236.27,0
tx_007331,2025-03-18 08:45:00,u_01049,d_1181,ip_0669,m_0150,147.53,0
tx_007332,2025-03-18 09:00:00,u_00849,d_0759,ip_1678,m_0260,15.32,0
tx_007333,2025-03-18 09:15:00,ring_u_12_1,ring_d_12,ring_ip_12,ring_m_4,23.91,1
tx_007334,2025-03-18 09:30:00,u_00835,d_0889,ip_1152,m_0254,141.15,0
tx_007335,2025-03-18 09:45:00,u_00321,d_1239,ip_2039,m_0261,58.48,0
tx_007336,2025-03-18 10:00:00,u_02424,d_0528,ip_0830,m_0084,376.6,0
tx_007337,2025-03-18 10:15:00,u_00949,d_1074,ip_1375,m_0179,11.6,0
tx_007338,2025-03-18 10:30:00,u_00268,d_0438,ip_0095,m_0012,72.67,0
tx_007339,2025-03-18 10:45:00,u_01439,d_1600,ip_1564,m_0165,110.01,0
tx_007340,2025-03-18 11:00:00,u_02207,d_0152,ip_1203,m_0263,347.99,0
tx_007341,2025-03-18 11:15:00,ring_u_15_2,ring_d_15,ring_ip_15,ring_m_7,42.74,1
tx_007342,2025-03-18 11:30:00,u_02113,d_0067,ip_0732,m_0059,116.19,0
tx_007343,2025-03-18 11:45:00,u_01527,d_0629,ip_2035,m_0199,235.08,0
tx_007344,2025-03-18 12:00:00,u_01848,d_1091,ip_1266,m_0019,2317.83,0
tx_007345,2025-03-18 12:15:00,u_00740,d_1773,ip_0458,m_0083,149.12,0
tx_007346,2025-03-18 12:30:00,u_00092,d_0818,ip_0352,m_0250,237.03,0
tx_007347,2025-03-18 12:45:00,u_00864,d_0328,ip_0430,m_0192,43.06,0
tx_007348,2025-03-18 13:00:00,u_02311,d_0662,ip_0664,m_0117,1052.76,0
tx_007349,2025-03-18 13:15:00,u_01976,d_0229,ip_1211,m_0288,72.75,0
tx_007350,2025-03-18 13:30:00,u_01960,d_0849,ip_1910,m_0227,194.14,0
tx_007351,2025-03-18 13:45:00,u_02195,d_1312,ip_2190,m_0007,188.71,0
tx_007352,2025-03-18 14:00:00,u_00933,d_0063,ip_1492,m_0023,161.63,0
tx_007353,2025-03-18 14:15:00,u_00805,d_1399,ip_1078,m_0187,96.13,0
tx_007354,2025-03-18 14:30:00,u_02312,d_0411,ip_1349,m_0263,188.92,0
tx_007355,2025-03-18 14:45:00,u_01428,d_1210,ip_0727,m_0047,860.36,0
tx_007356,2025-03-18 15:00:00,u_00744,d_1467,ip_0538,m_0161,1452.34,0
tx_007357,2025-03-18 15:15:00,u_00695,d_1397,ip_1181,m_0244,124.57,0
tx_007358,2025-03-18 15:30:00,u_02193,d_1205,ip_1820,m_0258,94.68,0
tx_007359,2025-03-18 15:45:00,u_00133,d_1248,ip_0141,m_0192,66.1,0
tx_007360,2025-03-18 16:00:00,u_00154,d_0337,ip_0243,m_0299,2177.94,0
tx_007361,2025-03-18 16:15:00,u_01844,d_0244,ip_0389,m_0281,168.82,0
tx_007362,2025-03-18 16:30:00,u_00003,d_0686,ip_0461,m_0250,452.62,0
tx_007363,2025-03-18 16:45:00,ring_u_24_11,ring_d_24,ring_ip_24,ring_m_0,70.89,1
tx_007364,2025-03-18 17:00:00,u_02476,d_1112,ip_0286,m_0295,1350.73,0
tx_007365,2025-03-18 17:15:00,u_01064,d_1398,ip_0061,m_0005,115.85,0
tx_007366,2025-03-18 17:30:00,u_01819,d_0555,ip_0766,m_0026,49.05,0
tx_007367,2025-03-18 17:45:00,u_01217,d_1557,ip_1588,m_0153,952.84,0
tx_007368,2025-03-18 18:00:00,u_00226,d_0808,ip_0345,m_0201,366.25,0
tx_007369,2025-03-18 18:15:00,u_00461,d_0443,ip_0716,m_0271,234.23,0
tx_007370,2025-03-18 18:30:00,u_01902,d_1323,ip_2141,m_0203,688.97,0
tx_007371,2025-03-18 18:45:00,u_00236,d_0229,ip_0370,m_0069,247.98,0
tx_007372,2025-03-18 19:00:00,u_01486,d_0729,ip_2172,m_0272,713.3,0
tx_007373,2025-03-18 19:15:00,u_00870,d_1405,ip_1126,m_0024,189.92,0
tx_007374,2025-03-18 19:30:00,u_00925,d_1387,ip_1593,m_0028,365.75,0
tx_007375,2025-03-18 19:45:00,u_02380,d_0461,ip_0711,m_0215,251.24,0
tx_007376,2025-03-18 20:00:00,u_01514,d_0299,ip_0714,m_0289,107.2,0
tx_007377,2025-03-18 20:15:00,u_01537,d_0057,ip_0864,m_0150,120.86,0
tx_007378,2025-03-18 20:30:00,u_00875,d_0160,ip_0281,m_0040,100.2,0
tx_007379,2025-03-18 20:45:00,u_00953,d_1485,ip_0694,m_0014,193.54,0
tx_007380,2025-03-18 21:00:00,u_01714,d_1410,ip_1967,m_0293,94.08,0
tx_007381,2025-03-18 21:15:00,u_00097,d_0910,ip_0008,m_0083,229.5,0
tx_007382,2025-03-18 21:30:00,u_00593,d_1026,ip_1258,m_0191,221.83,0
tx_007383,2025-03-18 21:45:00,u_01500,d_0587,ip_1514,m_0098,182.21,0
tx_007384,2025-03-18 22:00:00,u_01558,d_0345,ip_0311,m_0064,185.4,0
tx_007385,2025-03-18 22:15:00,u_00230,d_0020,ip_0243,m_0200,84.25,0
tx_007386,2025-03-18 22:30:00,u_01969,d_1209,ip_1215,m_0221,111.95,0
tx_007387,2025-03-18 22:45:00,u_01356,d_0063,ip_0482,m_0141,27.92,0
tx_007388,2025-03-18 23:00:00,u_00594,d_0189,ip_2151,m_0152,131.65,0
tx_007389,2025-03-18 23:15:00,u_01879,d_1426,ip_0418,m_0146,55.38,0
tx_007390,2025-03-18 23:30:00,u_02477,d_1049,ip_0288,m_0177,164.0,0
tx_007391,2025-03-18 23:45:00,u_01058,d_0881,ip_0729,m_0241,72.64,0
tx_007392,2025-03-19 00:00:00,u_00708,d_0393,ip_0730,m_0213,19.09,0
tx_007393,2025-03-19 00:15:00,u_00748,d_0269,ip_0352,m_0083,1411.55,0
tx_007394,2025-03-19 00:30:00,u_01481,d_0839,ip_1462,m_0074,117.75,0
tx_007395,2025-03-19 00:45:00,u_00118,d_0645,ip_0763,m_0201,630.84,0
tx_007396,2025-03-19 01:00:00,u_01208,d_0961,ip_1159,m_0193,87.62,0
tx_007397,2025-03-19 01:15:00,u_00061,d_0297,ip_0535,m_0110,810.88,0
tx_007398,2025-03-19 01:30:00,u_00096,d_0416,ip_0212,m_0251,46.91,0
tx_007399,2025-03-19 01:45:00,u_01075,d_0203,ip_0134,m_0125,176.98,0
tx_007400,2025-03-19 02:00:00,u_01863,d_0764,ip_0116,m_0100,49.78,0
tx_007401,2025-03-19 02:15:00,u_02208,d_0497,ip_1915,m_0166,1999.68,0
tx_007402,2025-03-19 02:30:00,u_00219,d_0402,ip_0581,m_0057,115.67,0
tx_007403,2025-03-19 02:45:00,u_00610,d_0989,ip_0672,m_0208,339.83,0
tx_007404,2025-03-19 03:00:00,u_01054,d_0895,ip_1274,m_0269,232.89,0
tx_007405,2025-03-19 03:15:00,u_01435,d_0378,ip_0209,m_0283,144.67,0
tx_007406,2025-03-19 03:30:00,u_02467,d_1258,ip_1321,m_0134,249.07,0
tx_007407,2025-03-19 03:45:00,u_01710,d_0618,ip_1147,m_0080,577.77,0
tx_007408,2025-03-19 04:00:00,u_01345,d_0614,ip_1741,m_0143,289.51,0
tx_007409,2025-03-19 04:15:00,u_00152,d_0860,ip_0271,m_0031,174.59,0
tx_007410,2025-03-19 04:30:00,u_00202,d_0250,ip_0037,m_0200,249.47,0
tx_007411,2025-03-19 04:45:00,u_00382,d_0756,ip_1700,m_0128,1007.31,0
tx_007412,2025-03-19 05:00:00,u_01651,d_1048,ip_0814,m_0036,97.83,0
tx_007413,2025-03-19 05:15:00,u_00828,d_0231,ip_0135,m_0164,23.25,0
tx_007414,2025-03-19 05:30:00,u_00602,d_1016,ip_1224,m_0215,49.58,0
tx_007415,2025-03-19 05:45:00,u_01675,d_0069,ip_1022,m_0068,53.4,0
tx_007416,2025-03-19 06:00:00,u_02038,d_1086,ip_2092,m_0121,61.48,0
tx_007417,2025-03-19 06:15:00,u_01097,d_0063,ip_2076,m_0267,63.63,0
tx_007418,2025-03-19 06:30:00,u_02204,d_0315,ip_1185,m_0212,144.95,0
tx_007419,2025-03-19 06:45:00,u_01835,d_0630,ip_0349,m_0239,190.07,0
tx_007420,2025-03-19 07:00:00,u_01790,d_1106,ip_1645,m_0134,188.04,0
tx_007421,2025-03-19 07:15:00,u_02168,d_1293,ip_0443,m_0148,71.5,0
tx_007422,2025-03-19 07:30:00,u_00459,d_0844,ip_1843,m_0149,400.98,0
tx_007423,2025-03-19 07:45:00,u_01895,d_0236,ip_1321,m_0135,253.27,0
tx_007424,2025-03-19 08:00:00,u_02394,d_0697,ip_0779,m_0043,721.48,0
tx_007425,2025-03-19 08:15:00,u_02480,d_1416,ip_2155,m_0012,346.11,0
tx_007426,2025-03-19 08:30:00,u_01445,d_0162,ip_1131,m_0249,104.63,0
tx_007427,2025-03-19 08:45:00,u_01885,d_1288,ip_0848,m_0161,547.57,0
tx_007428,2025-03-19 09:00:00,u_02221,d_0694,ip_0415,m_0159,195.11,0
tx_007429,2025-03-19 09:15:00,u_02130,d_0007,ip_1427,m_0178,329.63,0
tx_007430,2025-03-19 09:30:00,u_02244,d_1250,ip_0593,m_0123,305.04,0
tx_007431,2025-03-19 09:45:00,u_02080,d_0048,ip_0335,m_0267,131.06,0
tx_007432,2025-03-19 10:00:00,u_00953,d_0665,ip_0260,m_0140,164.56,0
tx_007433,2025-03-19 10:15:00,u_01825,d_0351,ip_1411,m_0150,130.14,0
tx_007434,2025-03-19 10:30:00,u_01026,d_1051,ip_2026,m_0159,63.25,0
tx_007435,2025-03-19 10:45:00,u_02004,d_0101,ip_0555,m_0047,17.38,0
tx_007436,2025-03-19 11:00:00,u_02025,d_0163,ip_0478,m_0052,74.16,0
tx_007437,2025-03-19 11:15:00,u_02336,d_0956,ip_1349,m_0054,181.12,0
tx_007438,2025-03-19 11:30:00,u_01470,d_1789,ip_0314,m_0076,439.48,0
tx_007439,2025-03-19 11:45:00,u_01188,d_0071,ip_0195,m_0047,328.98,0
tx_007440,2025-03-19 12:00:00,u_00413,d_0829,ip_1402,m_0067,112.21,0
tx_007441,2025-03-19 12:15:00,u_01595,d_1444,ip_1154,m_0281,75.18,0
tx_007442,2025-03-19 12:30:00,u_01416,d_0523,ip_0062,m_0108,123.98,0
tx_007443,2025-03-19 12:45:00,u_01287,d_0887,ip_0522,m_0238,55.98,0
tx_007444,2025-03-19 13:00:00,u_01690,d_1509,ip_0436,m_0117,17.9,0
tx_007445,2025-03-19 13:15:00,u_02127,d_1310,ip_1499,m_0247,31.65,0
tx_007446,2025-03-19 13:30:00,ring_u_2_1,ring_d_2,ring_ip_2,ring_m_2,4573.27,1
tx_007447,2025-03-19 13:45:00,u_01078,d_1351,ip_1644,m_0252,950.78,0
tx_007448,2025-03-19 14:00:00,u_01805,d_1216,ip_0218,m_0086,315.43,0
tx_007449,2025-03-19 14:15:00,u_02049,d_0912,ip_1865,m_0028,140.03,0
tx_007450,2025-03-19 14:30:00,u_01945,d_0794,ip_0460,m_0092,36.86,0
tx_007451,2025-03-19 14:45:00,u_01998,d_1665,ip_2183,m_0210,126.33,0
tx_007452,2025-03-19 15:00:00,u_02137,d_1573,ip_1918,m_0196,273.65,0
tx_007453,2025-03-19 15:15:00,u_02404,d_1782,ip_1010,m_0211,340.32,0
tx_007454,2025-03-19 15:30:00,u_01520,d_1215,ip_1728,m_0298,295.54,0
tx_007455,2025-03-19 15:45:00,u_00622,d_0646,ip_1475,m_0067,497.49,0
tx_007456,2025-03-19 16:00:00,u_01408,d_0197,ip_1702,m_0133,1035.82,0
tx_007457,2025-03-19 16:15:00,u_01774,d_0226,ip_0040,m_0147,98.99,0
tx_007458,2025-03-19 16:30:00,u_00251,d_1712,ip_0184,m_0044,2453.6,0
tx_007459,2025-03-19 16:45:00,u_01892,d_0653,ip_1991,m_0198,19.69,0
tx_007460,2025-03-19 17:00:00,u_01360,d_0198,ip_1719,m_0014,68.15,0
tx_007461,2025-03-19 17:15:00,u_02340,d_0402,ip_1354,m_0269,181.27,0
tx_007462,2025-03-19 17:30:00,u_00529,d_0037,ip_0687,m_0026,256.99,0
tx_007463,2025-03-19 17:45:00,u_02267,d_0955,ip_0926,m_0033,123.76,0
tx_007464,2025-03-19 18:00:00,u_01120,d_1063,ip_0864,m_0052,90.4,0
tx_007465,2025-03-19 18:15:00,u_01433,d_0681,ip_0955,m_0267,1342.9,0
tx_007466,2025-03-19 18:30:00,u_01650,d_1339,ip_1382,m_0258,86.18,0
tx_007467,2025-03-19 18:45:00,u_01447,d_0864,ip_1667,m_0276,53.55,0
tx_007468,2025-03-19 19:00:00,ring_u_13_0,ring_d_13,ring_ip_13,ring_m_5,617.07,1
tx_007469,2025-03-19 19:15:00,u_00418,d_1373,ip_1833,m_0277,346.94,0
tx_007470,2025-03-19 19:30:00,u_01824,d_0135,ip_0199,m_0141,443.51,0
tx_007471,2025-03-19 19:45:00,u_02437,d_0493,ip_1777,m_0001,180.53,0
tx_007472,2025-03-19 20:00:00,u_00550,d_1357,ip_1488,m_0131,37.49,0
tx_007473,2025-03-19 20:15:00,u_00637,d_0967,ip_1123,m_0066,161.52,0
tx_007474,2025-03-19 20:30:00,u_01187,d_1355,ip_0825,m_0073,32.67,0
tx_007475,2025-03-19 20:45:00,u_01811,d_0603,ip_0816,m_0207,189.11,0
tx_007476,2025-03-19 21:00:00,u_02397,d_0068,ip_0792,m_0050,285.26,0
tx_007477,2025-03-19 21:15:00,u_01989,d_1412,ip_2080,m_0096,435.03,0
tx_007478,2025-03-19 21:30:00,u_01985,d_1413,ip_0058,m_0117,135.32,0
tx_007479,2025-03-19 21:45:00,u_01103,d_1151,ip_1395,m_0018,313.59,0
tx_007480,2025-03-19 22:00:00,u_01613,d_0727,ip_2175,m_0210,60.11,0
tx_007481,2025-03-19 22:15:00,u_00527,d_0015,ip_1196,m_0228,390.19,0
tx_007482,2025-03-19 22:30:00,u_01157,d_1310,ip_1406,m_0167,291.37,0
tx_007483,2025-03-19 22:45:00,u_00472,d_1188,ip_1316,m_0008,66.67,0
tx_007484,2025-03-19 23:00:00,u_00067,d_1201,ip_1112,m_0236,252.24,0
tx_007485,2025-03-19 23:15:00,u_02141,d_0306,ip_1385,m_0133,441.3,0
tx_007486,2025-03-19 23:30:00,u_02011,d_1316,ip_1987,m_0079,160.56,0
tx_007487,2025-03-19 23:45:00,u_01276,d_1304,ip_1568,m_0284,65.2,0
tx_007488,2025-03-20 00:00:00,u_00036,d_1543,ip_1868,m_0257,177.28,0
tx_007489,2025-03-20 00:15:00,u_00225,d_1021,ip_1217,m_0132,257.87,0
tx_007490,2025-03-20 00:30:00,u_00279,d_1316,ip_1701,m_0132,64.71,0
tx_007491,2025-03-20 00:45:00,u_01792,d_0722,ip_1925,m_0273,54.18,0
tx_007492,2025-03-20 01:00:00,u_00508,d_1254,ip_0466,m_0057,250.04,0
tx_007493,2025-03-20 01:15:00,u_00625,d_1249,ip_1891,m_0122,338.09,0
tx_007494,2025-03-20 01:30:00,u_02152,d_1403,ip_1510,m_0171,1273.8,0
tx_007495,2025-03-20 01:45:00,u_02190,d_1541,ip_0972,m_0104,288.8,0
tx_007496,2025-03-20 02:00:00,u_01907,d_0005,ip_1703,m_0094,44.3,0
tx_007497,2025-03-20 02:15:00,u_00773,d_1401,ip_0370,m_0032,1141.14,0
tx_007498,2025-03-20 02:30:00,u_01449,d_1426,ip_1536,m_0080,426.23,0
tx_007499,2025-03-20 02:45:00,u_00500,d_0981,ip_1268,m_0107,19.98,0
tx_007500,2025-03-20 03:00:00,u_02144,d_0935,ip_1953,m_0251,52.97,0
tx_007501,2025-03-20 03:15:00,u_00212,d_1300,ip_1365,m_0101,90.78,0
tx_007502,2025-03-20 03:30:00,u_01861,d_0819,ip_1156,m_0048,343.13,0
tx_007503,2025-03-20 03:45:00,u_01278,d_0745,ip_1151,m_0253,13.74,0
tx_007504,2025-03-20 04:00:00,u_01893,d_1446,ip_1220,m_0105,131.75,0
tx_007505,2025-03-20 04:15:00,u_01126,d_1420,ip_1959,m_0275,324.1,0
tx_007506,2025-03-20 04:30:00,u_00395,d_0372,ip_1727,m_0032,8.72,0
tx_007507,2025-03-20 04:45:00,u_01878,d_1492,ip_0204,m_0006,313.17,0
tx_007508,2025-03-20 05:00:00,u_01577,d_0587,ip_1171,m_0276,353.17,0
tx_007509,2025-03-20 05:15:00,u_01161,d_0247,ip_0632,m_0029,63.65,0
tx_007510,2025-03-20 05:30:00,u_00931,d_1581,ip_0361,m_0002,46.84,0
tx_007511,2025-03-20 05:45:00,u_00859,d_0428,ip_1904,m_0192,62.66,0
tx_007512,2025-03-20 06:00:00,ring_u_7_1,ring_d_7,ring_ip_7,ring_m_7,629.35,1
tx_007513,2025-03-20 06:15:00,u_00654,d_0485,ip_2066,m_0145,107.11,0
tx_007514,2025-03-20 06:30:00,u_00705,d_0884,ip_0866,m_0122,184.86,0
tx_007515,2025-03-20 06:45:00,ring_u_0_8,ring_d_0,ring_ip_0,ring_m_0,41.7,1
tx_007516,2025-03-20 07:00:00,u_00031,d_0287,ip_1711,m_0144,392.31,0
tx_007517,2025-03-20 07:15:00,u_02319,d_0706,ip_0423,m_0077,164.44,0
tx_007518,2025-03-20 07:30:00,ring_u_19_3,ring_d_19,ring_ip_19,ring_m_3,471.77,1
tx_007519,2025-03-20 07:45:00,u_00412,d_0347,ip_0924,m_0067,99.29,0
tx_007520,2025-03-20 08:00:00,u_00377,d_1641,ip_1384,m_0035,312.01,0
tx_007521,2025-03-20 08:15:00,u_02470,d_1071,ip_1003,m_0157,539.46,0
tx_007522,2025-03-20 08:30:00,u_01191,d_0024,ip_0464,m_0164,98.74,0
tx_007523,2025-03-20 08:45:00,u_00817,d_0182,ip_1143,m_0005,317.68,0
tx_007524,2025-03-20 09:00:00,ring_u_7_2,ring_d_7,ring_ip_7,ring_m_7,1016.77,1
tx_007525,2025-03-20 09:15:00,u_00220,d_0485,ip_0603,m_0221,225.4,0
tx_007526,2025-03-20 09:30:00,u_00784,d_0274,ip_0880,m_0000,793.98,0
tx_007527,2025-03-20 09:45:00,u_00621,d_1197,ip_0687,m_0090,71.77,0
tx_007528,2025-03-20 10:00:00,u_02008,d_1508,ip_0645,m_0288,97.36,0
tx_007529,2025-03-20 10:15:00,u_00146,d_0717,ip_1442,m_0128,68.24,0
tx_007530,2025-03-20 10:30:00,u_01063,d_1337,ip_0824,m_0004,306.44,0
tx_007531,2025-03-20 10:45:00,u_01975,d_0758,ip_1367,m_0158,113.01,0
tx_007532,2025-03-20 11:00:00,u_02083,d_0195,ip_0043,m_0123,74.01,0
tx_007533,2025-03-20 11:15:00,u_01281,d_1436,ip_1456,m_0063,783.01,0
tx_007534,2025-03-20 11:30:00,u_00556,d_1654,ip_0232,m_0022,906.42,0
tx_007535,2025-03-20 11:45:00,u_00842,d_1772,ip_0830,m_0265,106.84,0
tx_007536,2025-03-20 12:00:00,u_00555,d_0180,ip_1919,m_0243,37.81,0
tx_007537,2025-03-20 12:15:00,u_01655,d_1017,ip_0740,m_0204,956.73,0
tx_007538,2025-03-20 12:30:00,u_00731,d_1122,ip_1535,m_0005,237.63,0
tx_007539,2025-03-20 12:45:00,u_01576,d_0142,ip_0773,m_0261,226.04,0
tx_007540,2025-03-20 13:00:00,u_01639,d_1712,ip_1985,m_0141,164.84,0
tx_007541,2025-03-20 13:15:00,u_02349,d_0185,ip_2092,m_0142,66.67,0
tx_007542,2025-03-20 13:30:00,u_00925,d_0483,ip_1999,m_0263,98.17,0
tx_007543,2025-03-20 13:45:00,u_02403,d_1743,ip_0869,m_0129,292.28,0
tx_007544,2025-03-20 14:00:00,u_01001,d_1000,ip_0698,m_0070,94.86,0
tx_007545,2025-03-20 14:15:00,u_01701,d_1222,ip_1333,m_0071,228.83,0
tx_007546,2025-03-20 14:30:00,u_01654,d_0888,ip_1796,m_0278,150.41,0
tx_007547,2025-03-20 14:45:00,u_02044,d_1354,ip_1150,m_0163,51.58,0
tx_007548,2025-03-20 15:00:00,u_01172,d_0146,ip_1623,m_0173,750.79,0
tx_007549,2025-03-20 15:15:00,u_01981,d_1216,ip_1927,m_0177,268.82,0
tx_007550,2025-03-20 15:30:00,u_00888,d_0119,ip_1654,m_0066,206.57,0
tx_007551,2025-03-20 15:45:00,u_01228,d_0323,ip_0812,m_0125,258.53,0
tx_007552,2025-03-20 16:00:00,u_01249,d_0911,ip_0549,m_0285,24.71,0
tx_007553,2025-03-20 16:15:00,u_01761,d_0807,ip_0955,m_0043,90.63,0
tx_007554,2025-03-20 16:30:00,u_01545,d_0274,ip_1265,m_0285,32.22,0
tx_007555,2025-03-20 16:45:00,u_00195,d_1436,ip_1854,m_0081,168.12,0
tx_007556,2025-03-20 17:00:00,u_02022,d_0543,ip_0661,m_0088,205.6,0
tx_007557,2025-03-20 17:15:00,u_01895,d_1559,ip_0354,m_0004,170.94,0
tx_007558,2025-03-20 17:30:00,u_00261,d_0026,ip_0694,m_0199,482.31,0
tx_007559,2025-03-20 17:45:00,u_02404,d_0427,ip_1307,m_0095,33.2,0
tx_007560,2025-03-20 18:00:00,u_01651,d_0534,ip_0510,m_0137,66.74,0
tx_007561,2025-03-20 18:15:00,u_00212,d_1072,ip_0879,m_0174,224.61,0
tx_007562,2025-03-20 18:30:00,u_01228,d_0721,ip_0564,m_0190,193.24,0
tx_007563,2025-03-20 18:45:00,u_02090,d_0282,ip_2168,m_0286,39.83,0
tx_007564,2025-03-20 19:00:00,u_00699,d_1027,ip_1127,m_0166,491.04,0
tx_007565,2025-03-20 19:15:00,u_02332,d_1724,ip_1587,m_0053,694.52,0
tx_007566,2025-03-20 19:30:00,u_01046,d_0240,ip_1144,m_0211,227.14,0
tx_007567,2025-03-20 19:45:00,u_00565,d_0453,ip_0023,m_0016,32.82,0
tx_007568,2025-03-20 20:00:00,u_00891,d_0861,ip_0580,m_0253,174.12,0
tx_007569,2025-03-20 20:15:00,u_01312,d_1307,ip_1846,m_0088,208.58,0
tx_007570,2025-03-20 20:30:00,u_01720,d_0245,ip_1124,m_0216,113.09,0
tx_007571,2025-03-20 20:45:00,u_02319,d_0416,ip_1546,m_0047,570.92,0
tx_007572,2025-03-20 21:00:00,u_00487,d_0423,ip_1675,m_0122,132.17,0
tx_007573,2025-03-20 21:15:00,u_02400,d_1108,ip_1234,m_0208,1217.48,0
tx_007574,2025-03-20 21:30:00,u_01319,d_0148,ip_1270,m_0186,324.77,0
tx_007575,2025-03-20 21:45:00,u_00319,d_1186,ip_0519,m_0001,195.6,0
tx_007576,2025-03-20 22:00:00,u_02316,d_0765,ip_0548,m_0010,372.57,0
tx_007577,2025-03-20 22:15:00,u_00872,d_0591,ip_0328,m_0294,686.01,0
tx_007578,2025-03-20 22:30:00,u_01551,d_1551,ip_0654,m_0158,364.69,0
tx_007579,2025-03-20 22:45:00,u_01745,d_1473,ip_1382,m_0256,137.57,0
tx_007580,2025-03-20 23:00:00,u_00033,d_1445,ip_2042,m_0021,76.71,0
tx_007581,2025-03-20 23:15:00,u_00553,d_1593,ip_0967,m_0147,48.32,0
tx_007582,2025-03-20 23:30:00,u_01716,d_0421,ip_1324,m_0172,12.93,0
tx_007583,2025-03-20 23:45:00,u_00811,d_1539,ip_1895,m_0276,176.66,0
tx_007584,2025-03-21 00:00:00,u_00023,d_0316,ip_1490,m_0213,100.72,0
tx_007585,2025-03-21 00:15:00,u_00058,d_0595,ip_0577,m_0188,106.26,0
tx_007586,2025-03-21 00:30:00,u_02066,d_0999,ip_0618,m_0088,415.24,0
tx_007587,2025-03-21 00:45:00,u_00383,d_1339,ip_1402,m_0298,132.68,0
tx_007588,2025-03-21 01:00:00,u_00251,d_1039,ip_0633,m_0098,987.43,0
tx_007589,2025-03-21 01:15:00,u_01405,d_1007,ip_0547,m_0083,83.67,0
tx_007590,2025-03-21 01:30:00,u_00297,d_0677,ip_1302,m_0217,56.21,0
tx_007591,2025-03-21 01:45:00,u_01632,d_1066,ip_1399,m_0299,42.2,0
tx_007592,2025-03-21 02:00:00,u_01360,d_0855,ip_0557,m_0257,305.74,0
tx_007593,2025-03-21 02:15:00,u_01622,d_0859,ip_0106,m_0054,469.41,0
tx_007594,2025-03-21 02:30:00,u_01229,d_1054,ip_1689,m_0244,81.91,0
tx_007595,2025-03-21 02:45:00,u_01945,d_1080,ip_0861,m_0106,51.21,0
tx_007596,2025-03-21 03:00:00,u_01611,d_0593,ip_1392,m_0066,685.59,0
tx_007597,2025-03-21 03:15:00,u_01038,d_0244,ip_0379,m_0280,34.8,0
tx_007598,2025-03-21 03:30:00,u_00038,d_0539,ip_0691,m_0284,407.57,0
tx_007599,2025-03-21 03:45:00,u_00683,d_0735,ip_1333,m_0111,83.85,0
tx_007600,2025-03-21 04:00:00,u_00328,d_0289,ip_0273,m_0007,220.76,0
tx_007601,2025-03-21 04:15:00,u_00038,d_0319,ip_0696,m_0062,435.69,0
tx_007602,2025-03-21 04:30:00,u_00682,d_1711,ip_1581,m_0162,238.95,0
tx_007603,2025-03-21 04:45:00,u_00516,d_0504,ip_1697,m_0017,110.47,0
tx_007604,2025-03-21 05:00:00,u_00191,d_1330,ip_0776,m_0068,599.5,0
tx_007605,2025-03-21 05:15:00,u_00780,d_0230,ip_0252,m_0044,198.17,0
tx_007606,2025-03-21 05:30:00,u_01266,d_1750,ip_0057,m_0285,5898.83,0
tx_007607,2025-03-21 05:45:00,u_00445,d_0382,ip_1223,m_0106,26.97,0
tx_007608,2025-03-21 06:00:00,u_00682,d_0708,ip_1525,m_0114,26.58,0
tx_007609,2025-03-21 06:15:00,u_00050,d_1407,ip_1306,m_0126,401.12,0
tx_007610,2025-03-21 06:30:00,u_00126,d_0362,ip_0891,m_0003,143.77,0
tx_007611,2025-03-21 06:45:00,u_00393,d_0989,ip_0048,m_0162,327.87,0
tx_007612,2025-03-21 07:00:00,u_01132,d_1413,ip_0497,m_0273,49.48,0
tx_007613,2025-03-21 07:15:00,u_01665,d_0042,ip_0079,m_0244,156.67,0
tx_007614,2025-03-21 07:30:00,u_01970,d_0045,ip_1016,m_0075,234.47,0
tx_007615,2025-03-21 07:45:00,u_01573,d_1419,ip_0678,m_0004,86.17,0
tx_007616,2025-03-21 08:00:00,u_01542,d_0472,ip_0156,m_0232,187.13,0
tx_007617,2025-03-21 08:15:00,u_02339,d_1637,ip_1339,m_0252,38.03,0
tx_007618,2025-03-21 08:30:00,u_00639,d_1669,ip_0814,m_0276,220.26,0
tx_007619,2025-03-21 08:45:00,u_01995,d_1584,ip_2117,m_0173,629.83,0
tx_007620,2025-03-21 09:00:00,ring_u_21_10,ring_d_21,ring_ip_21,ring_m_5,110.19,1
tx_007621,2025-03-21 09:15:00,ring_u_22_6,ring_d_22,ring_ip_22,ring_m_6,802.72,1
tx_007622,2025-03-21 09:30:00,u_02101,d_0690,ip_1551,m_0207,487.81,0
tx_007623,2025-03-21 09:45:00,u_00343,d_1785,ip_1546,m_0227,39.82,0
tx_007624,2025-03-21 10:00:00,u_02196,d_0622,ip_2044,m_0085,343.99,0
tx_007625,2025-03-21 10:15:00,u_01410,d_1055,ip_1523,m_0270,156.86,0
tx_007626,2025-03-21 10:30:00,u_00553,d_0010,ip_0795,m_0011,97.73,0
tx_007627,2025-03-21 10:45:00,u_00153,d_1732,ip_1472,m_0028,643.24,0
tx_007628,2025-03-21 11:00:00,u_01799,d_1065,ip_1755,m_0196,375.46,0
tx_007629,2025-03-21 11:15:00,u_01077,d_1707,ip_1135,m_0171,196.31,0
tx_007630,2025-03-21 11:30:00,u_00775,d_0635,ip_1748,m_0166,17.24,0
tx_007631,2025-03-21 11:45:00,u_00975,d_0563,ip_2127,m_0272,302.55,0
tx_007632,2025-03-21 12:00:00,u_02477,d_0940,ip_1660,m_0261,50.86,0
tx_007633,2025-03-21 12:15:00,u_01069,d_1554,ip_1103,m_0215,118.94,0
tx_007634,2025-03-21 12:30:00,u_00196,d_0988,ip_1084,m_0049,149.51,0
tx_007635,2025-03-21 12:45:00,u_00699,d_1426,ip_1844,m_0028,989.58,0
tx_007636,2025-03-21 13:00:00,u_00363,d_0386,ip_1920,m_0041,115.21,0
tx_007637,2025-03-21 13:15:00,u_01714,d_1396,ip_0577,m_0184,35.77,0
tx_007638,2025-03-21 13:30:00,u_02000,d_1318,ip_0021,m_0213,645.25,0
tx_007639,2025-03-21 13:45:00,u_02102,d_1613,ip_1773,m_0239,306.66,0
tx_007640,2025-03-21 14:00:00,u_01582,d_0103,ip_0519,m_0030,318.29,0
tx_007641,2025-03-21 14:15:00,u_01921,d_0691,ip_2192,m_0082,657.48,0
tx_007642,2025-03-21 14:30:00,u_01043,d_0159,ip_0079,m_0101,831.48,0
tx_007643,2025-03-21 14:45:00,u_01569,d_0720,ip_2002,m_0189,60.84,0
tx_007644,2025-03-21 15:00:00,u_00267,d_1366,ip_1491,m_0013,36.93,0
tx_007645,2025-03-21 15:15:00,u_01345,d_1152,ip_0668,m_0252,344.63,0
tx_007646,2025-03-21 15:30:00,u_01393,d_1355,ip_0076,m_0024,114.15,0
tx_007647,2025-03-21 15:45:00,ring_u_20_10,ring_d_20,ring_ip_20,ring_m_4,2801.65,1
tx_007648,2025-03-21 16:00:00,u_01370,d_1786,ip_0262,m_0279,48.34,0
tx_007649,2025-03-21 16:15:00,u_01807,d_1583,ip_0209,m_0058,266.11,0
tx_007650,2025-03-21 16:30:00,u_00918,d_1055,ip_1738,m_0206,221.88,0
tx_007651,2025-03-21 16:45:00,u_01362,d_1576,ip_1490,m_0164,127.04,0
tx_007652,2025-03-21 17:00:00,u_00715,d_0086,ip_0280,m_0245,37.03,0
tx_007653,2025-03-21 17:15:00,u_00676,d_1298,ip_0752,m_0176,497.28,0
tx_007654,2025-03-21 17:30:00,u_00323,d_0939,ip_1466,m_0254,191.66,0
tx_007655,2025-03-21 17:45:00,u_00819,d_1722,ip_1449,m_0120,453.88,0
tx_007656,2025-03-21 18:00:00,u_02007,d_0906,ip_0796,m_0049,18.12,0
tx_007657,2025-03-21 18:15:00,u_02339,d_0321,ip_0906,m_0203,157.09,0
tx_007658,2025-03-21 18:30:00,u_01589,d_1303,ip_0175,m_0290,72.46,0
tx_007659,2025-03-21 18:45:00,u_01560,d_1710,ip_0019,m_0129,153.88,0
tx_007660,2025-03-21 19:00:00,u_01534,d_0029,ip_2128,m_0245,381.16,0
tx_007661,2025-03-21 19:15:00,u_01189,d_0115,ip_0508,m_0263,214.85,0
tx_007662,2025-03-21 19:30:00,u_01057,d_1190,ip_2039,m_0193,151.13,0
tx_007663,2025-03-21 19:45:00,u_01552,d_1000,ip_0093,m_0237,150.32,0
tx_007664,2025-03-21 20:00:00,u_01961,d_0987,ip_2177,m_0168,31.19,0
tx_007665,2025-03-21 20:15:00,u_01034,d_0162,ip_0939,m_0241,59.95,0
tx_007666,2025-03-21 20:30:00,u_01414,d_1029,ip_1773,m_0100,455.45,0
tx_007667,2025-03-21 20:45:00,u_01175,d_1022,ip_1848,m_0157,89.52,0
tx_007668,2025-03-21 21:00:00,u_00713,d_1528,ip_0774,m_0023,464.25,0
tx_007669,2025-03-21 21:15:00,u_00725,d_0702,ip_1623,m_0058,339.13,0
tx_007670,2025-03-21 21:30:00,u_00196,d_0626,ip_0735,m_0173,357.52,0
tx_007671,2025-03-21 21:45:00,u_01099,d_0146,ip_1735,m_0217,207.04,0
tx_007672,2025-03-21 22:00:00,ring_u_9_6,ring_d_9,ring_ip_9,ring_m_1,29.88,1
tx_007673,2025-03-21 22:15:00,u_01713,d_1166,ip_1775,m_0020,127.59,0
tx_007674,2025-03-21 22:30:00,u_02464,d_0505,ip_1601,m_0001,281.57,0
tx_007675,2025-03-21 22:45:00,u_00099,d_1316,ip_0818,m_0155,17.71,0
tx_007676,2025-03-21 23:00:00,u_01901,d_1688,ip_0239,m_0100,514.8,0
tx_007677,2025-03-21 23:15:00,u_01987,d_0313,ip_1113,m_0015,90.01,0
tx_007678,2025-03-21 23:30:00,u_01091,d_1030,ip_0285,m_0238,136.14,0
tx_007679,2025-03-21 23:45:00,u_00707,d_1249,ip_1118,m_0158,137.32,0
tx_007680,2025-03-22 00:00:00,u_00892,d_0033,ip_1912,m_0003,142.62,0
tx_007681,2025-03-22 00:15:00,u_01706,d_0322,ip_0249,m_0205,39.9,0
tx_007682,2025-03-22 00:30:00,u_02155,d_0712,ip_1982,m_0273,172.73,0
tx_007683,2025-03-22 00:45:00,u_01606,d_0247,ip_1315,m_0125,268.91,0
tx_007684,2025-03-22 01:00:00,u_01285,d_0639,ip_0103,m_0284,19.21,0
tx_007685,2025-03-22 01:15:00,u_01631,d_0265,ip_1584,m_0125,40.42,0
tx_007686,2025-03-22 01:30:00,u_00176,d_1613,ip_0000,m_0023,363.53,0
tx_007687,2025-03-22 01:45:00,u_01520,d_1078,ip_1344,m_0036,301.81,0
tx_007688,2025-03-22 02:00:00,u_00105,d_0592,ip_1116,m_0020,200.08,0
tx_007689,2025-03-22 02:15:00,ring_u_11_5,ring_d_11,ring_ip_11,ring_m_3,3673.21,1
tx_007690,2025-03-22 02:30:00,u_02223,d_0033,ip_0827,m_0115,303.57,0
tx_007691,2025-03-22 02:45:00,u_01270,d_1074,ip_0261,m_0133,44.57,0
tx_007692,2025-03-22 03:00:00,u_00935,d_1230,ip_0851,m_0144,129.37,0
tx_007693,2025-03-22 03:15:00,u_01830,d_1456,ip_1675,m_0259,40.19,0
tx_007694,2025-03-22 03:30:00,u_01593,d_0400,ip_2098,m_0003,126.22,0
tx_007695,2025-03-22 03:45:00,u_01763,d_1064,ip_0457,m_0269,52.96,0
tx_007696,2025-03-22 04:00:00,u_01288,d_1381,ip_0773,m_0071,316.02,0
tx_007697,2025-03-22 04:15:00,u_00590,d_1435,ip_1929,m_0286,228.88,0
tx_007698,2025-03-22 04:30:00,u_00183,d_0316,ip_0688,m_0040,83.88,0
tx_007699,2025-03-22 04:45:00,u_00708,d_1757,ip_0538,m_0030,441.55,0
tx_007700,2025-03-22 05:00:00,u_01322,d_0493,ip_1829,m_0036,57.04,0
tx_007701,2025-03-22 05:15:00,ring_u_16_16,ring_d_16,ring_ip_16,ring_m_0,656.01,1
tx_007702,2025-03-22 05:30:00,u_01265,d_0345,ip_1283,m_0282,80.25,0
tx_007703,2025-03-22 05:45:00,u_00694,d_0269,ip_1071,m_0138,311.8,0
tx_007704,2025-03-22 06:00:00,u_02344,d_0459,ip_1326,m_0049,282.43,0
tx_007705,2025-03-22 06:15:00,u_00916,d_0243,ip_0591,m_0192,545.64,0
tx_007706,2025-03-22 06:30:00,u_02115,d_1318,ip_1610,m_0152,161.25,0
tx_007707,2025-03-22 06:45:00,u_00977,d_1075,ip_0795,m_0210,7.69,0
tx_007708,2025-03-22 07:00:00,u_01108,d_0702,ip_1151,m_0222,96.46,0
tx_007709,2025-03-22 07:15:00,u_01509,d_0984,ip_0408,m_0235,710.0,0
tx_007710,2025-03-22 07:30:00,u_00657,d_1087,ip_0024,m_0045,107.23,0
tx_007711,2025-03-22 07:45:00,u_00549,d_0331,ip_1254,m_0148,21.81,0
tx_007712,2025-03-22 08:00:00,u_00947,d_0534,ip_0305,m_0189,232.6,0
tx_007713,2025-03-22 08:15:00,u_02010,d_1587,ip_2008,m_0166,250.65,0
tx_007714,2025-03-22 08:30:00,u_00361,d_0021,ip_2110,m_0291,71.72,0
tx_007715,2025-03-22 08:45:00,u_01093,d_1722,ip_0696,m_0288,115.96,0
tx_007716,2025-03-22 09:00:00,u_01680,d_1735,ip_0635,m_0243,63.61,0
tx_007717,2025-03-22 09:15:00,u_01765,d_0455,ip_1117,m_0072,250.28,0
tx_007718,2025-03-22 09:30:00,u_01086,d_0577,ip_0449,m_0158,157.06,0
tx_007719,2025-03-22 09:45:00,u_00203,d_0372,ip_1896,m_0241,46.26,0
tx_007720,2025-03-22 10:00:00,u_00039,d_1009,ip_0224,m_0080,147.0,0
tx_007721,2025-03-22 10:15:00,u_01174,d_0385,ip_0995,m_0213,71.31,0
tx_007722,2025-03-22 10:30:00,u_02025,d_1423,ip_0415,m_0074,639.74,0
tx_007723,2025-03-22 10:45:00,u_00070,d_0697,ip_1828,m_0042,362.74,0
tx_007724,2025-03-22 11:00:00,u_02218,d_1741,ip_0317,m_0071,131.33,0
tx_007725,2025-03-22 11:15:00,ring_u_4_0,ring_d_4,ring_ip_4,ring_m_4,940.51,1
tx_007726,2025-03-22 11:30:00,u_00020,d_0722,ip_1833,m_0298,409.02,0
tx_007727,2025-03-22 11:45:00,u_00859,d_1072,ip_0968,m_0256,124.76,0
tx_007728,2025-03-22 12:00:00,u_00551,d_0043,ip_0406,m_0081,316.84,0
tx_007729,2025-03-22 12:15:00,u_02373,d_0121,ip_0345,m_0233,650.27,0
tx_007730,2025-03-22 12:30:00,u_01386,d_0910,ip_1330,m_0065,90.84,0
tx_007731,2025-03-22 12:45:00,u_00810,d_0851,ip_0274,m_0038,769.81,0
tx_007732,2025-03-22 13:00:00,ring_u_17_15,ring_d_17,ring_ip_17,ring_m_1,1539.38,1
tx_007733,2025-03-22 13:15:00,u_01409,d_0162,ip_1345,m_0041,190.29,0
tx_007734,2025-03-22 13:30:00,u_00012,d_1511,ip_0834,m_0192,95.21,0
tx_007735,2025-03-22 13:45:00,u_00643,d_0731,ip_1820,m_0204,187.94,0
tx_007736,2025-03-22 14:00:00,u_00413,d_0846,ip_1513,m_0010,116.22,0
tx_007737,2025-03-22 14:15:00,u_01550,d_0726,ip_0297,m_0032,67.17,0
tx_007738,2025-03-22 14:30:00,u_01673,d_0895,ip_1797,m_0143,252.72,0
tx_007739,2025-03-22 14:45:00,u_01167,d_1167,ip_2002,m_0033,53.33,0
tx_007740,2025-03-22 15:00:00,u_00350,d_1375,ip_0445,m_0248,105.79,0
tx_007741,2025-03-22 15:15:00,u_00926,d_0989,ip_0789,m_0120,107.19,0
tx_007742,2025-03-22 15:30:00,u_02107,d_0298,ip_0869,m_0123,37.89,0
tx_007743,2025-03-22 15:45:00,u_00509,d_1574,ip_0935,m_0001,286.71,0
tx_007744,2025-03-22 16:00:00,u_00408,d_0512,ip_1020,m_0210,118.12,0
tx_007745,2025-03-22 16:15:00,u_00278,d_0029,ip_1967,m_0216,543.94,0
tx_007746,2025-03-22 16:30:00,u_02041,d_0070,ip_1432,m_0226,116.2,0
tx_007747,2025-03-22 16:45:00,u_00299,d_1393,ip_1971,m_0162,98.83,0
tx_007748,2025-03-22 17:00:00,u_01454,d_0696,ip_0771,m_0080,60.06,0
tx_007749,2025-03-22 17:15:00,u_02497,d_0040,ip_1154,m_0023,154.32,0
tx_007750,2025-03-22 17:30:00,u_01604,d_1460,ip_0233,m_0094,155.19,0
tx_007751,2025-03-22 17:45:00,u_01030,d_0547,ip_0608,m_0163,311.61,0
tx_007752,2025-03-22 18:00:00,u_00517,d_1760,ip_1284,m_0034,158.7,0
tx_007753,2025-03-22 18:15:00,u_00004,d_1583,ip_0378,m_0016,1204.62,0
tx_007754,2025-03-22 18:30:00,u_00388,d_0086,ip_2112,m_0065,234.21,0
tx_007755,2025-03-22 18:45:00,u_02382,d_1242,ip_0597,m_0021,55.32,0
tx_007756,2025-03-22 19:00:00,u_00359,d_1085,ip_0355,m_0004,50.83,0
tx_007757,2025-03-22 19:15:00,u_00049,d_0309,ip_1717,m_0145,253.36,0
tx_007758,2025-03-22 19:30:00,u_02040,d_0617,ip_0198,m_0223,53.61,0
tx_007759,2025-03-22 19:45:00,u_01046,d_0883,ip_0714,m_0149,269.04,0
tx_007760,2025-03-22 20:00:00,u_00892,d_0263,ip_0437,m_0027,363.45,0
tx_007761,2025-03-22 20:15:00,u_01793,d_1299,ip_1528,m_0101,372.32,0
tx_007762,2025-03-22 20:30:00,u_01307,d_0499,ip_1854,m_0010,62.23,0
tx_007763,2025-03-22 20:45:00,u_02286,d_1687,ip_0429,m_0186,372.96,0
tx_007764,2025-03-22 21:00:00,ring_u_3_8,ring_d_3,ring_ip_3,ring_m_3,40.17,1
tx_007765,2025-03-22 21:15:00,u_01782,d_1141,ip_1052,m_0116,80.81,0
tx_007766,2025-03-22 21:30:00,u_02197,d_0215,ip_1520,m_0270,126.55,0
tx_007767,2025-03-22 21:45:00,u_01159,d_0044,ip_0774,m_0176,237.76,0
tx_007768,2025-03-22 22:00:00,u_00710,d_0262,ip_1150,m_0229,75.73,0
tx_007769,2025-03-22 22:15:00,u_02436,d_0899,ip_1107,m_0104,200.71,0
tx_007770,2025-03-22 22:30:00,u_00566,d_1406,ip_0025,m_0279,629.93,0
tx_007771,2025-03-22 22:45:00,ring_u_4_10,ring_d_4,ring_ip_4,ring_m_4,768.71,1
tx_007772,2025-03-22 23:00:00,u_01445,d_1273,ip_1249,m_0154,161.09,0
tx_007773,2025-03-22 23:15:00,u_02467,d_0086,ip_2180,m_0173,187.57,0
tx_007774,2025-03-22 23:30:00,u_00216,d_0478,ip_1122,m_0186,86.66,0
tx_007775,2025-03-22 23:45:00,u_02123,d_1077,ip_1979,m_0048,89.13,0
tx_007776,2025-03-23 00:00:00,u_02076,d_1491,ip_0768,m_0075,31.91,0
tx_007777,2025-03-23 00:15:00,u_02322,d_1398,ip_1530,m_0205,190.78,0
tx_007778,2025-03-23 00:30:00,u_01053,d_0958,ip_1983,m_0132,293.68,0
tx_007779,2025-03-23 00:45:00,u_00636,d_0064,ip_0338,m_0235,138.26,0
tx_007780,2025-03-23 01:00:00,u_01280,d_0528,ip_1247,m_0157,61.72,0
tx_007781,2025-03-23 01:15:00,u_00356,d_1410,ip_2021,m_0019,158.56,0
tx_007782,2025-03-23 01:30:00,u_02107,d_0146,ip_1223,m_0199,567.8,0
tx_007783,2025-03-23 01:45:00,u_01658,d_1271,ip_1963,m_0182,364.3,0
tx_007784,2025-03-23 02:00:00,u_01208,d_1267,ip_0923,m_0109,144.1,0
tx_007785,2025-03-23 02:15:00,u_01289,d_1353,ip_1950,m_0237,1149.9,0
tx_007786,2025-03-23 02:30:00,u_01780,d_0391,ip_1383,m_0105,2205.52,0
tx_007787,2025-03-23 02:45:00,u_01307,d_0440,ip_1053,m_0034,91.82,0
tx_007788,2025-03-23 03:00:00,u_02099,d_0357,ip_0472,m_0036,116.06,0
tx_007789,2025-03-23 03:15:00,u_02311,d_0708,ip_0375,m_0270,296.88,0
tx_007790,2025-03-23 03:30:00,ring_u_18_1,ring_d_18,ring_ip_18,ring_m_2,114.54,1
tx_007791,2025-03-23 03:45:00,u_01550,d_0215,ip_1659,m_0124,346.93,0
tx_007792,2025-03-23 04:00:00,u_01856,d_1021,ip_1029,m_0091,164.26,0
tx_007793,2025-03-23 04:15:00,u_00777,d_0430,ip_0854,m_0221,215.22,0
tx_007794,2025-03-23 04:30:00,u_00095,d_1011,ip_1026,m_0181,83.48,0
tx_007795,2025-03-23 04:45:00,u_01000,d_0545,ip_0758,m_0269,67.51,0
tx_007796,2025-03-23 05:00:00,u_02179,d_1718,ip_1775,m_0268,20.38,0
tx_007797,2025-03-23 05:15:00,u_00333,d_0574,ip_0859,m_0296,655.1,0
tx_007798,2025-03-23 05:30:00,u_01364,d_1568,ip_1038,m_0098,380.48,0
tx_007799,2025-03-23 05:45:00,u_00480,d_0315,ip_1229,m_0175,291.01,0
tx_007800,2025-03-23 06:00:00,u_01073,d_0152,ip_1421,m_0103,210.26,0
tx_007801,2025-03-23 06:15:00,u_00358,d_0339,ip_0733,m_0211,14.82,0
tx_007802,2025-03-23 06:30:00,u_01836,d_0754,ip_0161,m_0224,70.03,0
tx_007803,2025-03-23 06:45:00,u_02025,d_1622,ip_1517,m_0075,114.88,0
tx_007804,2025-03-23 07:00:00,u_01895,d_0317,ip_1232,m_0257,50.33,0
tx_007805,2025-03-23 07:15:00,u_01762,d_1411,ip_1424,m_0087,27.29,0
tx_007806,2025-03-23 07:30:00,u_00587,d_1254,ip_1195,m_0294,55.85,0
tx_007807,2025-03-23 07:45:00,u_01325,d_0620,ip_1119,m_0255,155.89,0
tx_007808,2025-03-23 08:00:00,u_00261,d_0605,ip_2086,m_0005,155.93,0
tx_007809,2025-03-23 08:15:00,u_00935,d_1705,ip_0118,m_0119,367.79,0
tx_007810,2025-03-23 08:30:00,u_01264,d_1286,ip_0203,m_0116,1168.15,0
tx_007811,2025-03-23 08:45:00,u_01671,d_0430,ip_2060,m_0246,294.64,0
tx_007812,2025-03-23 09:00:00,u_00242,d_1641,ip_1951,m_0217,124.52,0
tx_007813,2025-03-23 09:15:00,u_02032,d_0732,ip_0905,m_0015,898.14,0
tx_007814,2025-03-23 09:30:00,u_01147,d_0143,ip_1189,m_0252,30.51,0
tx_007815,2025-03-23 09:45:00,u_02203,d_1464,ip_0988,m_0065,18.56,0
tx_007816,2025-03-23 10:00:00,u_01318,d_1563,ip_2193,m_0110,61.15,0
tx_007817,2025-03-23 10:15:00,u_01367,d_0797,ip_1003,m_0051,334.35,0
tx_007818,2025-03-23 10:30:00,ring_u_8_16,ring_d_8,ring_ip_8,ring_m_0,3383.5,1
tx_007819,2025-03-23 10:45:00,u_02049,d_0422,ip_0803,m_0158,48.02,0
tx_007820,2025-03-23 11:00:00,u_00394,d_1530,ip_0838,m_0025,71.73,0
tx_007821,2025-03-23 11:15:00,u_01278,d_0663,ip_1484,m_0024,42.88,0
tx_007822,2025-03-23 11:30:00,u_00074,d_0481,ip_0878,m_0235,42.88,0
tx_007823,2025-03-23 11:45:00,ring_u_0_13,ring_d_0,ring_ip_0,ring_m_0,97.97,1
tx_007824,2025-03-23 12:00:00,u_02033,d_0481,ip_0380,m_0194,128.58,0
tx_007825,2025-03-23 12:15:00,u_02163,d_1117,ip_1921,m_0295,870.95,0
tx_007826,2025-03-23 12:30:00,u_00708,d_1345,ip_0807,m_0015,60.95,0
tx_007827,2025-03-23 12:45:00,u_00965,d_0730,ip_0225,m_0238,242.53,0
tx_007828,2025-03-23 13:00:00,u_01378,d_1410,ip_2066,m_0032,186.25,0
tx_007829,2025-03-23 13:15:00,u_00989,d_0776,ip_2199,m_0228,357.7,0
tx_007830,2025-03-23 13:30:00,u_00445,d_1746,ip_1099,m_0091,191.44,0
tx_007831,2025-03-23 13:45:00,u_00762,d_0475,ip_1381,m_0040,397.46,0
tx_007832,2025-03-23 14:00:00,u_01010,d_1268,ip_1660,m_0068,258.32,0
tx_007833,2025-03-23 14:15:00,u_01296,d_0963,ip_0145,m_0109,49.84,0
tx_007834,2025-03-23 14:30:00,u_02301,d_1698,ip_0652,m_0218,308.81,0
tx_007835,2025-03-23 14:45:00,u_01362,d_0395,ip_1237,m_0204,133.87,0
tx_007836,2025-03-23 15:00:00,u_00967,d_0354,ip_1209,m_0218,68.26,0
tx_007837,2025-03-23 15:15:00,ring_u_11_11,ring_d_11,ring_ip_11,ring_m_3,4101.71,1
tx_007838,2025-03-23 15:30:00,u_01932,d_1621,ip_0003,m_0292,372.99,0
tx_007839,2025-03-23 15:45:00,u_01076,d_1345,ip_2096,m_0130,91.51,0
tx_007840,2025-03-23 16:00:00,u_01223,d_0854,ip_1351,m_0033,104.53,0
tx_007841,2025-03-23 16:15:00,u_00544,d_0738,ip_1662,m_0278,37.07,0
tx_007842,2025-03-23 16:30:00,u_02161,d_1199,ip_0962,m_0237,24.42,0
tx_007843,2025-03-23 16:45:00,u_02167,d_1345,ip_1115,m_0024,116.48,0
tx_007844,2025-03-23 17:00:00,u_00437,d_0496,ip_0977,m_0131,327.69,0
tx_007845,2025-03-23 17:15:00,u_00865,d_0012,ip_0945,m_0271,83.66,0
tx_007846,2025-03-23 17:30:00,u_00679,d_0132,ip_1475,m_0204,618.81,0
tx_007847,2025-03-23 17:45:00,u_02307,d_0620,ip_2190,m_0058,120.9,0
tx_007848,2025-03-23 18:00:00,u_00163,d_1227,ip_1710,m_0210,121.39,0
tx_007849,2025-03-23 18:15:00,u_00518,d_0792,ip_1468,m_0056,111.15,0
tx_007850,2025-03-23 18:30:00,u_00787,d_1113,ip_0026,m_0105,396.07,0
tx_007851,2025-03-23 18:45:00,u_01400,d_0845,ip_1130,m_0058,56.89,0
tx_007852,2025-03-23 19:00:00,u_00622,d_0452,ip_2102,m_0208,130.46,0
tx_007853,2025-03-23 19:15:00,u_01341,d_1347,ip_0875,m_0279,85.85,0
tx_007854,2025-03-23 19:30:00,u_01868,d_1302,ip_1208,m_0013,84.64,0
tx_007855,2025-03-23 19:45:00,u_02071,d_1733,ip_0714,m_0181,153.72,0
tx_007856,2025-03-23 20:00:00,u_00247,d_1486,ip_0420,m_0074,132.51,0
tx_007857,2025-03-23 20:15:00,u_00347,d_0683,ip_1551,m_0225,424.82,0
tx_007858,2025-03-23 20:30:00,u_00237,d_1268,ip_0689,m_0041,146.82,0
tx_007859,2025-03-23 20:45:00,u_02274,d_0631,ip_1293,m_0109,258.53,0
tx_007860,2025-03-23 21:00:00,u_01630,d_1571,ip_1305,m_0061,176.4,0
tx_007861,2025-03-23 21:15:00,u_01328,d_1098,ip_1866,m_0261,604.11,0
tx_007862,2025-03-23 21:30:00,u_01977,d_1502,ip_2063,m_0024,109.69,0
tx_007863,2025-03-23 21:45:00,u_01465,d_0506,ip_1217,m_0174,109.99,0
tx_007864,2025-03-23 22:00:00,u_00588,d_0026,ip_0110,m_0036,312.64,0
tx_007865,2025-03-23 22:15:00,u_01275,d_0254,ip_1281,m_0179,108.2,0
tx_007866,2025-03-23 22:30:00,u_01758,d_0956,ip_1946,m_0230,244.3,0
tx_007867,2025-03-23 22:45:00,u_00090,d_1730,ip_1050,m_0225,1537.5,0
tx_007868,2025-03-23 23:00:00,u_01515,d_1128,ip_1242,m_0010,55.76,0
tx_007869,2025-03-23 23:15:00,u_01242,d_1457,ip_1677,m_0232,686.54,0
tx_007870,2025-03-23 23:30:00,u_00173,d_0844,ip_0965,m_0089,90.72,0
tx_007871,2025-03-23 23:45:00,u_00658,d_1725,ip_0912,m_0204,565.48,0
tx_007872,2025-03-24 00:00:00,u_01121,d_1693,ip_1060,m_0289,294.73,0
tx_007873,2025-03-24 00:15:00,u_00856,d_0392,ip_1874,m_0035,270.52,0
tx_007874,2025-03-24 00:30:00,u_00725,d_1551,ip_1073,m_0108,127.62,0
tx_007875,2025-03-24 00:45:00,u_01622,d_0032,ip_0719,m_0260,115.53,0
tx_007876,2025-03-24 01:00:00,u_01010,d_1066,ip_1312,m_0042,72.1,0
tx_007877,2025-03-24 01:15:00,u_01244,d_0787,ip_1523,m_0078,149.35,0
tx_007878,2025-03-24 01:30:00,u_01995,d_0542,ip_2007,m_0164,123.48,0
tx_007879,2025-03-24 01:45:00,u_00233,d_1680,ip_1964,m_0298,179.65,0
tx_007880,2025-03-24 02:00:00,u_00899,d_1192,ip_1723,m_0088,36.21,0
tx_007881,2025-03-24 02:15:00,u_00182,d_0248,ip_1691,m_0115,151.81,0
tx_007882,2025-03-24 02:30:00,u_02318,d_0250,ip_0988,m_0238,524.61,0
tx_007883,2025-03-24 02:45:00,u_00464,d_0210,ip_0753,m_0035,381.48,0
tx_007884,2025-03-24 03:00:00,u_02049,d_0547,ip_1238,m_0098,151.87,0
tx_007885,2025-03-24 03:15:00,u_00477,d_0124,ip_1553,m_0094,1924.49,0
tx_007886,2025-03-24 03:30:00,u_00810,d_0475,ip_1140,m_0120,83.32,0
tx_007887,2025-03-24 03:45:00,u_01520,d_1377,ip_0455,m_0172,136.09,0
tx_007888,2025-03-24 04:00:00,u_02078,d_1572,ip_0032,m_0066,34.8,0
tx_007889,2025-03-24 04:15:00,u_00444,d_1414,ip_0127,m_0117,99.12,0
tx_007890,2025-03-24 04:30:00,u_00532,d_0892,ip_0937,m_0275,886.97,0
tx_007891,2025-03-24 04:45:00,u_02204,d_1251,ip_1741,m_0248,102.98,0
tx_007892,2025-03-24 05:00:00,u_00804,d_1699,ip_1737,m_0286,32.21,0
tx_007893,2025-03-24 05:15:00,u_00524,d_0095,ip_1777,m_0204,354.96,0
tx_007894,2025-03-24 05:30:00,u_01858,d_1628,ip_1559,m_0174,219.03,0
tx_007895,2025-03-24 05:45:00,u_00227,d_1301,ip_0050,m_0064,340.58,0
tx_007896,2025-03-24 06:00:00,u_02167,d_0695,ip_1943,m_0047,110.27,0
tx_007897,2025-03-24 06:15:00,u_02189,d_0807,ip_2085,m_0161,54.21,0
tx_007898,2025-03-24 06:30:00,u_02141,d_0789,ip_1869,m_0121,123.52,0
tx_007899,2025-03-24 06:45:00,u_00738,d_0284,ip_0980,m_0236,258.49,0
tx_007900,2025-03-24 07:00:00,ring_u_20_2,ring_d_20,ring_ip_20,ring_m_4,4957.88,1
tx_007901,2025-03-24 07:15:00,ring_u_4_6,ring_d_4,ring_ip_4,ring_m_4,611.72,1
tx_007902,2025-03-24 07:30:00,u_00836,d_0010,ip_0407,m_0051,86.76,0
tx_007903,2025-03-24 07:45:00,u_02397,d_0902,ip_1733,m_0118,227.03,0
tx_007904,2025-03-24 08:00:00,ring_u_6_16,ring_d_6,ring_ip_6,ring_m_6,142.81,1
tx_007905,2025-03-24 08:15:00,u_02360,d_0593,ip_1981,m_0277,73.27,0
tx_007906,2025-03-24 08:30:00,u_01877,d_0317,ip_1146,m_0216,170.71,0
tx_007907,2025-03-24 08:45:00,u_01787,d_1745,ip_1833,m_0010,100.82,0
tx_007908,2025-03-24 09:00:00,u_00279,d_1221,ip_1827,m_0255,275.11,0
tx_007909,2025-03-24 09:15:00,u_00172,d_0854,ip_2142,m_0203,355.37,0
tx_007910,2025-03-24 09:30:00,u_00116,d_1300,ip_0792,m_0020,245.07,0
tx_007911,2025-03-24 09:45:00,u_01483,d_0669,ip_1384,m_0234,28.93,0
tx_007912,2025-03-24 10:00:00,u_00504,d_0387,ip_1797,m_0010,56.56,0
tx_007913,2025-03-24 10:15:00,u_02472,d_1211,ip_0499,m_0127,78.53,0
tx_007914,2025-03-24 10:30:00,u_00331,d_1387,ip_0496,m_0048,66.93,0
tx_007915,2025-03-24 10:45:00,u_02367,d_1170,ip_0857,m_0003,86.24,0
tx_007916,2025-03-24 11:00:00,u_01669,d_1019,ip_0792,m_0167,374.37,0
tx_007917,2025-03-24 11:15:00,u_00265,d_0004,ip_1654,m_0206,298.47,0
tx_007918,2025-03-24 11:30:00,u_00146,d_1148,ip_2058,m_0143,97.14,0
tx_007919,2025-03-24 11:45:00,u_00989,d_1113,ip_0345,m_0102,268.22,0
tx_007920,2025-03-24 12:00:00,u_00847,d_0742,ip_0715,m_0154,206.2,0
tx_007921,2025-03-24 12:15:00,u_00788,d_0438,ip_2045,m_0045,143.62,0
tx_007922,2025-03-24 12:30:00,u_01321,d_1762,ip_1308,m_0014,467.89,0
tx_007923,2025-03-24 12:45:00,u_00324,d_0675,ip_0451,m_0047,76.61,0
tx_007924,2025-03-24 13:00:00,u_00323,d_0489,ip_1327,m_0016,156.45,0
tx_007925,2025-03-24 13:15:00,u_01736,d_1271,ip_1927,m_0230,51.89,0
tx_007926,2025-03-24 13:30:00,u_02475,d_0867,ip_0822,m_0182,54.44,0
tx_007927,2025-03-24 13:45:00,u_00684,d_1003,ip_1064,m_0056,38.06,0
tx_007928,2025-03-24 14:00:00,u_02329,d_1166,ip_1349,m_0170,55.38,0
tx_007929,2025-03-24 14:15:00,u_00862,d_0663,ip_1849,m_0145,161.27,0
tx_007930,2025-03-24 14:30:00,u_00839,d_0274,ip_1242,m_0033,109.67,0
tx_007931,2025-03-24 14:45:00,u_00225,d_0301,ip_2108,m_0291,113.31,0
tx_007932,2025-03-24 15:00:00,u_01058,d_1691,ip_1660,m_0281,110.04,0
tx_007933,2025-03-24 15:15:00,u_01244,d_0909,ip_0928,m_0227,873.7,0
tx_007934,2025-03-24 15:30:00,u_01659,d_0750,ip_1072,m_0242,47.6,0
tx_007935,2025-03-24 15:45:00,u_00395,d_0574,ip_1532,m_0164,42.77,0
tx_007936,2025-03-24 16:00:00,u_00471,d_1298,ip_0155,m_0241,63.73,0
tx_007937,2025-03-24 16:15:00,u_01080,d_1643,ip_0498,m_0158,138.12,0
tx_007938,2025-03-24 16:30:00,u_00174,d_1384,ip_0524,m_0049,248.33,0
tx_007939,2025-03-24 16:45:00,u_00358,d_0961,ip_1761,m_0050,275.5,0
tx_007940,2025-03-24 17:00:00,u_01572,d_0855,ip_1809,m_0256,381.7,0
tx_007941,2025-03-24 17:15:00,u_02384,d_1558,ip_1803,m_0133,133.19,0
tx_007942,2025-03-24 17:30:00,u_01432,d_1541,ip_0231,m_0218,99.85,0
tx_007943,2025-03-24 17:45:00,u_00362,d_0702,ip_0649,m_0043,760.11,0
tx_007944,2025-03-24 18:00:00,u_02477,d_1735,ip_0686,m_0134,9.17,0
tx_007945,2025-03-24 18:15:00,u_01304,d_1489,ip_0053,m_0025,158.03,0
tx_007946,2025-03-24 18:30:00,u_01792,d_1523,ip_0567,m_0066,228.15,0
tx_007947,2025-03-24 18:45:00,u_00492,d_0101,ip_0948,m_0032,966.5,0
tx_007948,2025-03-24 19:00:00,u_01446,d_0234,ip_1948,m_0062,28.2,0
tx_007949,2025-03-24 19:15:00,u_00190,d_0536,ip_0374,m_0181,97.5,0
tx_007950,2025-03-24 19:30:00,u_01564,d_1370,ip_1892,m_0001,38.18,0
tx_007951,2025-03-24 19:45:00,ring_u_3_9,ring_d_3,ring_ip_3,ring_m_3,54.39,1
tx_007952,2025-03-24 20:00:00,u_02273,d_0149,ip_0348,m_0207,120.96,0
tx_007953,2025-03-24 20:15:00,u_00136,d_0056,ip_0574,m_0044,341.41,0
tx_007954,2025-03-24 20:30:00,u_01631,d_0345,ip_1008,m_0166,495.7,0
tx_007955,2025-03-24 20:45:00,u_00348,d_1653,ip_2076,m_0260,87.19,0
tx_007956,2025-03-24 21:00:00,u_01717,d_1298,ip_1726,m_0234,289.03,0
tx_007957,2025-03-24 21:15:00,u_01233,d_1290,ip_2137,m_0036,121.79,0
tx_007958,2025-03-24 21:30:00,ring_u_9_1,ring_d_9,ring_ip_9,ring_m_1,147.7,1
tx_007959,2025-03-24 21:45:00,u_01629,d_1125,ip_1999,m_0211,470.82,0
tx_007960,2025-03-24 22:00:00,u_00929,d_1402,ip_2103,m_0103,122.21,0
tx_007961,2025-03-24 22:15:00,u_00218,d_0958,ip_1319,m_0125,435.71,0
tx_007962,2025-03-24 22:30:00,u_01489,d_1541,ip_0338,m_0143,44.12,0
tx_007963,2025-03-24 22:45:00,u_01102,d_1025,ip_0588,m_0173,286.15,0
tx_007964,2025-03-24 23:00:00,u_00131,d_0584,ip_0283,m_0134,417.24,0
tx_007965,2025-03-24 23:15:00,u_01453,d_1149,ip_1775,m_0007,376.23,0
tx_007966,2025-03-24 23:30:00,ring_u_5_17,ring_d_5,ring_ip_5,ring_m_5,3979.03,1
tx_007967,2025-03-24 23:45:00,u_00585,d_1487,ip_1543,m_0000,120.81,0
tx_007968,2025-03-25 00:00:00,u_00022,d_0897,ip_0587,m_0079,200.77,0
tx_007969,2025-03-25 00:15:00,u_00930,d_1074,ip_2149,m_0245,231.15,0
tx_007970,2025-03-25 00:30:00,ring_u_21_6,ring_d_21,ring_ip_21,ring_m_5,41.88,1
tx_007971,2025-03-25 00:45:00,u_00179,d_1347,ip_0829,m_0142,619.67,0
tx_007972,2025-03-25 01:00:00,ring_u_12_9,ring_d_12,ring_ip_12,ring_m_4,138.75,1
tx_007973,2025-03-25 01:15:00,u_00550,d_0505,ip_0129,m_0021,116.72,0
tx_007974,2025-03-25 01:30:00,u_00335,d_1630,ip_0300,m_0244,27.45,0
tx_007975,2025-03-25 01:45:00,u_01166,d_1758,ip_2196,m_0103,276.23,0
tx_007976,2025-03-25 02:00:00,u_00158,d_0127,ip_1794,m_0264,258.43,0
tx_007977,2025-03-25 02:15:00,u_02476,d_0057,ip_1844,m_0151,4224.28,0
tx_007978,2025-03-25 02:30:00,ring_u_3_6,ring_d_3,ring_ip_3,ring_m_3,27.96,1
tx_007979,2025-03-25 02:45:00,u_02490,d_0695,ip_0487,m_0040,206.72,0
tx_007980,2025-03-25 03:00:00,u_02203,d_0287,ip_0231,m_0257,191.5,0
tx_007981,2025-03-25 03:15:00,u_02449,d_1587,ip_1596,m_0163,108.14,0
tx_007982,2025-03-25 03:30:00,u_01356,d_1645,ip_0729,m_0131,169.1,0
tx_007983,2025-03-25 03:45:00,u_01057,d_0324,ip_0001,m_0158,195.63,0
tx_007984,2025-03-25 04:00:00,u_01799,d_1492,ip_0049,m_0098,20.81,0
tx_007985,2025-03-25 04:15:00,u_00201,d_0254,ip_1227,m_0180,180.71,0
tx_007986,2025-03-25 04:30:00,ring_u_17_5,ring_d_17,ring_ip_17,ring_m_1,3198.95,1
tx_007987,2025-03-25 04:45:00,u_00808,d_0657,ip_0798,m_0243,857.49,0
tx_007988,2025-03-25 05:00:00,u_00018,d_0072,ip_2199,m_0293,130.1,0
tx_007989,2025-03-25 05:15:00,u_00594,d_0770,ip_0838,m_0123,69.02,0
tx_007990,2025-03-25 05:30:00,u_00605,d_1480,ip_1613,m_0230,194.13,0
tx_007991,2025-03-25 05:45:00,ring_u_0_15,ring_d_0,ring_ip_0,ring_m_0,100.79,1
tx_007992,2025-03-25 06:00:00,u_01671,d_0218,ip_1336,m_0005,130.24,0
tx_007993,2025-03-25 06:15:00,u_00238,d_1505,ip_0604,m_0142,41.31,0
tx_007994,2025-03-25 06:30:00,u_02116,d_0527,ip_1712,m_0210,126.97,0
tx_007995,2025-03-25 06:45:00,u_01132,d_0835,ip_1000,m_0137,83.16,0
tx_007996,2025-03-25 07:00:00,u_01795,d_0195,ip_0091,m_0030,119.52,0
tx_007997,2025-03-25 07:15:00,u_00849,d_1751,ip_0545,m_0196,308.63,0
tx_007998,2025-03-25 07:30:00,u_00329,d_1422,ip_0774,m_0121,75.6,0
tx_007999,2025-03-25 07:45:00,u_00450,d_1156,ip_1026,m_0185,118.96,0
tx_008000,2025-03-25 08:00:00,u_01614,d_1308,ip_0594,m_0000,254.99,0
tx_008001,2025-03-25 08:15:00,u_01790,d_1572,ip_1270,m_0003,113.36,0
tx_008002,2025-03-25 08:30:00,ring_u_19_17,ring_d_19,ring_ip_19,ring_m_3,1010.51,1
tx_008003,2025-03-25 08:45:00,u_00892,d_0442,ip_1564,m_0294,190.35,0
tx_008004,2025-03-25 09:00:00,u_02362,d_0067,ip_0684,m_0191,42.87,0
tx_008005,2025-03-25 09:15:00,u_02129,d_0880,ip_1489,m_0282,64.12,0
tx_008006,2025-03-25 09:30:00,u_01032,d_0889,ip_2126,m_0254,57.98,0
tx_008007,2025-03-25 09:45:00,u_00602,d_0053,ip_0532,m_0084,65.04,0
tx_008008,2025-03-25 10:00:00,u_00753,d_1190,ip_0511,m_0030,253.91,0
tx_008009,2025-03-25 10:15:00,u_01345,d_0015,ip_0086,m_0167,49.08,0
tx_008010,2025-03-25 10:30:00,u_01416,d_1427,ip_1852,m_0186,106.57,0
tx_008011,2025-03-25 10:45:00,u_00460,d_1269,ip_1831,m_0231,465.33,0
tx_008012,2025-03-25 11:00:00,u_00164,d_1467,ip_0910,m_0156,88.25,0
tx_008013,2025-03-25 11:15:00,u_01238,d_0212,ip_1919,m_0276,290.47,0
tx_008014,2025-03-25 11:30:00,u_01993,d_1566,ip_1433,m_0253,27.58,0
tx_008015,2025-03-25 11:45:00,ring_u_10_17,ring_d_10,ring_ip_10,ring_m_2,645.78,1
tx_008016,2025-03-25 12:00:00,u_01020,d_1554,ip_2029,m_0165,61.19,0
tx_008017,2025-03-25 12:15:00,u_00403,d_1252,ip_2111,m_0005,200.29,0
tx_008018,2025-03-25 12:30:00,u_00605,d_1181,ip_0863,m_0234,52.73,0
tx_008019,2025-03-25 12:45:00,u_01530,d_0058,ip_1394,m_0204,1175.74,0
tx_008020,2025-03-25 13:00:00,u_00715,d_1245,ip_0368,m_0268,28.81,0
tx_008021,2025-03-25 13:15:00,u_00659,d_0807,ip_1967,m_0027,462.1,0
tx_008022,2025-03-25 13:30:00,u_02489,d_1528,ip_0699,m_0043,357.19,0
tx_008023,2025-03-25 13:45:00,u_00430,d_1231,ip_0985,m_0201,202.32,0
tx_008024,2025-03-25 14:00:00,u_00473,d_0133,ip_1307,m_0146,156.72,0
tx_008025,2025-03-25 14:15:00,ring_u_12_13,ring_d_12,ring_ip_12,ring_m_4,63.23,1
tx_008026,2025-03-25 14:30:00,u_01375,d_0113,ip_1609,m_0130,1756.3,0
tx_008027,2025-03-25 14:45:00,u_00107,d_0538,ip_2101,m_0192,120.63,0
tx_008028,2025-03-25 15:00:00,u_01062,d_0390,ip_1568,m_0197,173.78,0
tx_008029,2025-03-25 15:15:00,u_01412,d_1753,ip_1751,m_0056,85.42,0
tx_008030,2025-03-25 15:30:00,u_00632,d_0275,ip_1259,m_0228,46.1,0
tx_008031,2025-03-25 15:45:00,u_01370,d_1520,ip_0914,m_0148,235.83,0
tx_008032,2025-03-25 16:00:00,u_01621,d_0399,ip_2009,m_0172,190.49,0
tx_008033,2025-03-25 16:15:00,u_00626,d_1171,ip_0831,m_0185,29.66,0
tx_008034,2025-03-25 16:30:00,u_02031,d_0162,ip_1364,m_0223,234.16,0
tx_008035,2025-03-25 16:45:00,u_01131,d_0705,ip_0641,m_0090,196.99,0
tx_008036,2025-03-25 17:00:00,u_02408,d_1121,ip_1061,m_0002,81.35,0
tx_008037,2025-03-25 17:15:00,u_00219,d_1279,ip_0807,m_0054,76.21,0
tx_008038,2025-03-25 17:30:00,u_00810,d_1570,ip_0568,m_0289,226.73,0
tx_008039,2025-03-25 17:45:00,u_01803,d_1469,ip_1805,m_0066,741.65,0
tx_008040,2025-03-25 18:00:00,u_02237,d_0933,ip_1688,m_0074,221.05,0
tx_008041,2025-03-25 18:15:00,u_00554,d_0545,ip_1543,m_0257,323.92,0
tx_008042,2025-03-25 18:30:00,u_02450,d_0470,ip_0182,m_0070,64.57,0
tx_008043,2025-03-25 18:45:00,u_00483,d_1787,ip_0549,m_0139,98.07,0
tx_008044,2025-03-25 19:00:00,u_01040,d_1094,ip_0479,m_0111,272.6,0
tx_008045,2025-03-25 19:15:00,u_00787,d_1635,ip_1565,m_0198,38.15,0
tx_008046,2025-03-25 19:30:00,u_01060,d_0780,ip_1963,m_0178,182.58,0
tx_008047,2025-03-25 19:45:00,u_02255,d_0873,ip_0834,m_0154,243.09,0
tx_008048,2025-03-25 20:00:00,u_01831,d_1486,ip_0726,m_0150,142.8,0
tx_008049,2025-03-25 20:15:00,u_01991,d_1301,ip_1227,m_0250,204.26,0
tx_008050,2025-03-25 20:30:00,u_00634,d_0361,ip_2172,m_0174,157.25,0
tx_008051,2025-03-25 20:45:00,ring_u_17_8,ring_d_17,ring_ip_17,ring_m_1,4991.43,1
tx_008052,2025-03-25 21:00:00,u_01088,d_0384,ip_0612,m_0266,45.69,0
tx_008053,2025-03-25 21:15:00,u_01629,d_1369,ip_1147,m_0027,135.6,0
tx_008054,2025-03-25 21:30:00,u_01744,d_0053,ip_2014,m_0250,547.03,0
tx_008055,2025-03-25 21:45:00,u_01657,d_1488,ip_1605,m_0059,413.39,0
tx_008056,2025-03-25 22:00:00,u_01504,d_1672,ip_1140,m_0099,105.07,0
tx_008057,2025-03-25 22:15:00,u_01200,d_0041,ip_1608,m_0003,102.91,0
tx_008058,2025-03-25 22:30:00,u_01619,d_1134,ip_0033,m_0171,95.61,0
tx_008059,2025-03-25 22:45:00,u_02262,d_0142,ip_1657,m_0249,95.62,0
tx_008060,2025-03-25 23:00:00,u_00974,d_0648,ip_0214,m_0114,197.9,0
tx_008061,2025-03-25 23:15:00,ring_u_13_10,ring_d_13,ring_ip_13,ring_m_5,656.74,1
tx_008062,2025-03-25 23:30:00,u_00450,d_0935,ip_0769,m_0117,1426.26,0
tx_008063,2025-03-25 23:45:00,u_00887,d_1651,ip_1519,m_0227,64.73,0
tx_008064,2025-03-26 00:00:00,u_01930,d_0830,ip_0528,m_0299,284.63,0
tx_008065,2025-03-26 00:15:00,u_01600,d_0716,ip_0525,m_0214,255.27,0
tx_008066,2025-03-26 00:30:00,u_00527,d_0167,ip_1945,m_0102,106.72,0
tx_008067,2025-03-26 00:45:00,u_01365,d_1597,ip_1050,m_0247,53.2,0
tx_008068,2025-03-26 01:00:00,u_02029,d_0566,ip_1631,m_0011,195.46,0
tx_008069,2025-03-26 01:15:00,u_00310,d_0832,ip_1282,m_0296,1236.3,0
tx_008070,2025-03-26 01:30:00,u_00154,d_0166,ip_1363,m_0251,194.23,0
tx_008071,2025-03-26 01:45:00,u_00981,d_0519,ip_1510,m_0196,67.54,0
tx_008072,2025-03-26 02:00:00,u_01641,d_0996,ip_1468,m_0186,126.82,0
tx_008073,2025-03-26 02:15:00,u_00783,d_1621,ip_2006,m_0075,47.46,0
tx_008074,2025-03-26 02:30:00,u_02052,d_0592,ip_1726,m_0129,151.19,0
tx_008075,2025-03-26 02:45:00,ring_u_11_13,ring_d_11,ring_ip_11,ring_m_3,3005.36,1
tx_008076,2025-03-26 03:00:00,u_01331,d_1576,ip_0373,m_0101,74.25,0
tx_008077,2025-03-26 03:15:00,u_00947,d_0648,ip_1859,m_0176,5.72,0
tx_008078,2025-03-26 03:30:00,u_00104,d_0530,ip_0819,m_0108,195.76,0
tx_008079,2025-03-26 03:45:00,u_02053,d_0079,ip_0684,m_0231,89.88,0
tx_008080,2025-03-26 04:00:00,u_02238,d_1634,ip_0244,m_0255,70.06,0
tx_008081,2025-03-26 04:15:00,ring_u_14_7,ring_d_14,ring_ip_14,ring_m_6,1762.34,1
tx_008082,2025-03-26 04:30:00,u_01291,d_0387,ip_1126,m_0102,221.46,0
tx_008083,2025-03-26 04:45:00,u_01883,d_0250,ip_1821,m_0091,98.7,0
tx_008084,2025-03-26 05:00:00,u_01738,d_1273,ip_1646,m_0164,376.32,0
tx_008085,2025-03-26 05:15:00,u_00338,d_0656,ip_1590,m_0215,384.7,0
tx_008086,2025-03-26 05:30:00,u_01680,d_1268,ip_1184,m_0038,113.22,0
tx_008087,2025-03-26 05:45:00,u_02311,d_1093,ip_1898,m_0134,88.16,0
tx_008088,2025-03-26 06:00:00,u_01876,d_0027,ip_2163,m_0132,168.63,0
tx_008089,2025-03-26 06:15:00,u_01201,d_0553,ip_1792,m_0085,128.33,0
tx_008090,2025-03-26 06:30:00,u_01307,d_0007,ip_0765,m_0071,25.73,0
tx_008091,2025-03-26 06:45:00,u_00649,d_0117,ip_0607,m_0252,1006.37,0
tx_008092,2025-03-26 07:00:00,u_01651,d_0851,ip_0002,m_0129,303.18,0
tx_008093,2025-03-26 07:15:00,u_00603,d_0476,ip_2184,m_0172,93.36,0
tx_008094,2025-03-26 07:30:00,u_00854,d_0160,ip_1611,m_0011,21.84,0
tx_008095,2025-03-26 07:45:00,u_00662,d_0735,ip_2061,m_0085,123.91,0
tx_008096,2025-03-26 08:00:00,u_00838,d_0813,ip_1732,m_0067,82.44,0
tx_008097,2025-03-26 08:15:00,u_00916,d_1786,ip_0946,m_0098,139.69,0
tx_008098,2025-03-26 08:30:00,u_00207,d_1190,ip_0319,m_0252,17.05,0
tx_008099,2025-03-26 08:45:00,u_01793,d_0707,ip_0103,m_0171,92.55,0
tx_008100,2025-03-26 09:00:00,ring_u_2_5,ring_d_2,ring_ip_2,ring_m_2,1915.02,1
tx_008101,2025-03-26 09:15:00,u_02374,d_0160,ip_0667,m_0126,122.45,0
tx_008102,2025-03-26 09:30:00,u_00452,d_0695,ip_0834,m_0231,117.19,0
tx_008103,2025-03-26 09:45:00,u_01672,d_1046,ip_1839,m_0048,156.37,0
tx_008104,2025-03-26 10:00:00,u_00447,d_0037,ip_1058,m_0244,679.38,0
tx_008105,2025-03-26 10:15:00,u_01367,d_1655,ip_2091,m_0183,88.68,0
tx_008106,2025-03-26 10:30:00,u_01227,d_0927,ip_1202,m_0011,59.67,0
tx_008107,2025-03-26 10:45:00,u_01121,d_1416,ip_1829,m_0206,26.38,0
tx_008108,2025-03-26 11:00:00,u_01636,d_0496,ip_0277,m_0143,89.02,0
tx_008109,2025-03-26 11:15:00,u_02070,d_1505,ip_0872,m_0000,36.55,0
tx_008110,2025-03-26 11:30:00,u_00791,d_0660,ip_0402,m_0254,387.65,0
tx_008111,2025-03-26 11:45:00,u_02124,d_1670,ip_0124,m_0161,134.81,0
tx_008112,2025-03-26 12:00:00,u_00462,d_0939,ip_2181,m_0181,379.73,0
tx_008113,2025-03-26 12:15:00,u_00732,d_1145,ip_1138,m_0173,642.71,0
tx_008114,2025-03-26 12:30:00,u_00776,d_0366,ip_0778,m_0027,62.49,0
tx_008115,2025-03-26 12:45:00,u_02383,d_1790,ip_0828,m_0099,104.86,0
tx_008116,2025-03-26 13:00:00,u_00296,d_0346,ip_0530,m_0210,562.1,0
tx_008117,2025-03-26 13:15:00,u_00987,d_0059,ip_0270,m_0101,179.33,0
tx_008118,2025-03-26 13:30:00,u_01061,d_0791,ip_2009,m_0266,250.01,0
tx_008119,2025-03-26 13:45:00,u_02000,d_1502,ip_0232,m_0095,416.95,0
tx_008120,2025-03-26 14:00:00,u_01214,d_1658,ip_0846,m_0137,363.77,0
tx_008121,2025-03-26 14:15:00,u_02417,d_1542,ip_0336,m_0133,223.71,0
tx_008122,2025-03-26 14:30:00,u_01850,d_0995,ip_2045,m_0005,599.66,0
tx_008123,2025-03-26 14:45:00,u_01759,d_1650,ip_0452,m_0243,138.62,0
tx_008124,2025-03-26 15:00:00,u_01882,d_0885,ip_0866,m_0040,249.49,0
tx_008125,2025-03-26 15:15:00,u_00403,d_0860,ip_1658,m_0140,124.37,0
tx_008126,2025-03-26 15:30:00,u_01122,d_0325,ip_1254,m_0272,411.81,0
tx_008127,2025-03-26 15:45:00,u_01465,d_1417,ip_0839,m_0298,73.64,0
tx_008128,2025-03-26 16:00:00,u_00521,d_0568,ip_1240,m_0069,27.58,0
tx_008129,2025-03-26 16:15:00,u_00296,d_0351,ip_0961,m_0112,285.69,0
tx_008130,2025-03-26 16:30:00,u_00339,d_0665,ip_0636,m_0169,53.51,0
tx_008131,2025-03-26 16:45:00,u_01972,d_1085,ip_1316,m_0209,48.46,0
tx_008132,2025-03-26 17:00:00,u_01642,d_0486,ip_0803,m_0075,525.8,0
tx_008133,2025-03-26 17:15:00,u_00703,d_0645,ip_2112,m_0164,390.05,0
tx_008134,2025-03-26 17:30:00,u_01843,d_0594,ip_1018,m_0250,105.37,0
tx_008135,2025-03-26 17:45:00,u_01738,d_1073,ip_1664,m_0228,7.06,0
tx_008136,2025-03-26 18:00:00,u_02041,d_1285,ip_0515,m_0246,252.96,0
tx_008137,2025-03-26 18:15:00,u_02275,d_1216,ip_1420,m_0266,287.87,0
tx_008138,2025-03-26 18:30:00,u_02205,d_0254,ip_1230,m_0258,248.84,0
tx_008139,2025-03-26 18:45:00,u_00452,d_0624,ip_1636,m_0153,237.66,0
tx_008140,2025-03-26 19:00:00,u_01923,d_1167,ip_1015,m_0292,123.79,0
tx_008141,2025-03-26 19:15:00,u_00982,d_0389,ip_1582,m_0148,98.45,0
tx_008142,2025-03-26 19:30:00,u_01007,d_0125,ip_0128,m_0212,49.1,0
tx_008143,2025-03-26 19:45:00,u_01617,d_0579,ip_1518,m_0282,73.89,0
tx_008144,2025-03-26 20:00:00,u_01505,d_1221,ip_1657,m_0012,204.69,0
tx_008145,2025-03-26 20:15:00,u_01049,d_1195,ip_1092,m_0280,208.08,0
tx_008146,2025-03-26 20:30:00,u_02498,d_0233,ip_0075,m_0246,326.96,0
tx_008147,2025-03-26 20:45:00,u_00437,d_1218,ip_1247,m_0299,36.36,0
tx_008148,2025-03-26 21:00:00,u_00242,d_0349,ip_1718,m_0231,28.24,0
tx_008149,2025-03-26 21:15:00,u_00072,d_1334,ip_1015,m_0046,101.52,0
tx_008150,2025-03-26 21:30:00,u_02035,d_1019,ip_0207,m_0090,53.52,0
tx_008151,2025-03-26 21:45:00,ring_u_9_14,ring_d_9,ring_ip_9,ring_m_1,91.54,1
tx_008152,2025-03-26 22:00:00,u_01093,d_0630,ip_2186,m_0182,40.05,0
tx_008153,2025-03-26 22:15:00,u_01623,d_1473,ip_0595,m_0131,483.1,0
tx_008154,2025-03-26 22:30:00,u_01088,d_0778,ip_1164,m_0142,65.23,0
tx_008155,2025-03-26 22:45:00,u_01434,d_1238,ip_0781,m_0220,729.73,0
tx_008156,2025-03-26 23:00:00,u_00146,d_1346,ip_1567,m_0246,250.71,0
tx_008157,2025-03-26 23:15:00,u_00390,d_0054,ip_0942,m_0021,51.66,0
tx_008158,2025-03-26 23:30:00,u_02330,d_1676,ip_0845,m_0275,1205.61,0
tx_008159,2025-03-26 23:45:00,u_01126,d_0604,ip_1274,m_0112,193.53,0
tx_008160,2025-03-27 00:00:00,u_00418,d_1428,ip_1257,m_0225,175.23,0
tx_008161,2025-03-27 00:15:00,u_00923,d_0840,ip_1099,m_0174,139.04,0
tx_008162,2025-03-27 00:30:00,u_00836,d_1038,ip_0568,m_0133,236.64,0
tx_008163,2025-03-27 00:45:00,u_00685,d_0649,ip_0237,m_0063,250.99,0
tx_008164,2025-03-27 01:00:00,u_00734,d_1535,ip_1519,m_0056,62.49,0
tx_008165,2025-03-27 01:15:00,u_01823,d_0211,ip_0747,m_0219,119.87,0
tx_008166,2025-03-27 01:30:00,u_00266,d_1613,ip_1348,m_0096,166.62,0
tx_008167,2025-03-27 01:45:00,u_00774,d_0373,ip_0827,m_0068,265.8,0
tx_008168,2025-03-27 02:00:00,u_01169,d_1589,ip_1878,m_0001,270.34,0
tx_008169,2025-03-27 02:15:00,u_01350,d_0044,ip_1555,m_0252,174.96,0
tx_008170,2025-03-27 02:30:00,u_02201,d_0024,ip_0888,m_0118,85.6,0
tx_008171,2025-03-27 02:45:00,u_02308,d_0167,ip_0732,m_0104,81.32,0
tx_008172,2025-03-27 03:00:00,ring_u_9_10,ring_d_9,ring_ip_9,ring_m_1,145.41,1
tx_008173,2025-03-27 03:15:00,ring_u_14_16,ring_d_14,ring_ip_14,ring_m_6,4056.66,1
tx_008174,2025-03-27 03:30:00,u_00055,d_1076,ip_0126,m_0144,80.16,0
tx_008175,2025-03-27 03:45:00,u_01542,d_1475,ip_0185,m_0163,122.52,0
tx_008176,2025-03-27 04:00:00,u_00382,d_0048,ip_0760,m_0083,188.24,0
tx_008177,2025-03-27 04:15:00,ring_u_24_13,ring_d_24,ring_ip_24,ring_m_0,59.83,1
tx_008178,2025-03-27 04:30:00,u_01679,d_1330,ip_0644,m_0258,147.58,0
tx_008179,2025-03-27 04:45:00,u_00445,d_0764,ip_0414,m_0131,60.04,0
tx_008180,2025-03-27 05:00:00,u_01193,d_1665,ip_0688,m_0291,194.19,0
tx_008181,2025-03-27 05:15:00,u_00252,d_1191,ip_1088,m_0253,108.55,0
tx_008182,2025-03-27 05:30:00,u_01864,d_0062,ip_0654,m_0213,136.13,0
tx_008183,2025-03-27 05:45:00,u_01912,d_0974,ip_1263,m_0164,472.47,0
tx_008184,2025-03-27 06:00:00,u_01437,d_0691,ip_0840,m_0251,246.0,0
tx_008185,2025-03-27 06:15:00,u_02089,d_0236,ip_2053,m_0016,83.86,0
tx_008186,2025-03-27 06:30:00,u_01092,d_1710,ip_2183,m_0149,127.88,0
tx_008187,2025-03-27 06:45:00,u_00466,d_0400,ip_1442,m_0213,734.68,0
tx_008188,2025-03-27 07:00:00,u_00378,d_0150,ip_1220,m_0032,109.14,0
tx_008189,2025-03-27 07:15:00,u_00548,d_0400,ip_0068,m_0054,154.45,0
tx_008190,2025-03-27 07:30:00,u_00500,d_1481,ip_1369,m_0019,288.34,0
tx_008191,2025-03-27 07:45:00,u_00808,d_1079,ip_0837,m_0145,184.05,0
tx_008192,2025-03-27 08:00:00,u_00535,d_1475,ip_0637,m_0162,102.23,0
tx_008193,2025-03-27 08:15:00,u_01477,d_0830,ip_1745,m_0140,70.57,0
tx_008194,2025-03-27 08:30:00,u_00370,d_0210,ip_0092,m_0016,146.92,0
tx_008195,2025-03-27 08:45:00,u_01554,d_0697,ip_0573,m_0145,286.58,0
tx_008196,2025-03-27 09:00:00,u_00835,d_0359,ip_1703,m_0266,556.07,0
tx_008197,2025-03-27 09:15:00,u_01716,d_1001,ip_2034,m_0009,34.28,0
tx_008198,2025-03-27 09:30:00,u_01282,d_0484,ip_1132,m_0232,865.05,0
tx_008199,2025-03-27 09:45:00,u_02262,d_1746,ip_1163,m_0081,111.23,0
tx_008200,2025-03-27 10:00:00,u_01099,d_0678,ip_2127,m_0022,374.21,0
tx_008201,2025-03-27 10:15:00,u_00737,d_0565,ip_0203,m_0015,70.98,0
tx_008202,2025-03-27 10:30:00,u_01472,d_1772,ip_1058,m_0003,29.64,0
tx_008203,2025-03-27 10:45:00,u_01646,d_0936,ip_0531,m_0124,39.93,0
tx_008204,2025-03-27 11:00:00,u_01098,d_0306,ip_1048,m_0149,106.6,0
tx_008205,2025-03-27 11:15:00,u_01399,d_0864,ip_1993,m_0186,250.66,0
tx_008206,2025-03-27 11:30:00,u_01177,d_0458,ip_1311,m_0024,153.12,0
tx_008207,2025-03-27 11:45:00,u_00764,d_1289,ip_2181,m_0196,115.56,0
tx_008208,2025-03-27 12:00:00,u_00783,d_1032,ip_1111,m_0221,453.97,0
tx_008209,2025-03-27 12:15:00,u_02268,d_1314,ip_1898,m_0019,148.71,0
tx_008210,2025-03-27 12:30:00,u_01688,d_1692,ip_0373,m_0202,196.33,0
tx_008211,2025-03-27 12:45:00,u_00238,d_1312,ip_0705,m_0035,3331.0,0
tx_008212,2025-03-27 13:00:00,u_02405,d_0613,ip_0602,m_0131,147.22,0
tx_008213,2025-03-27 13:15:00,u_01780,d_0362,ip_1691,m_0198,74.01,0
tx_008214,2025-03-27 13:30:00,u_00125,d_0952,ip_1128,m_0261,240.08,0
tx_008215,2025-03-27 13:45:00,u_01819,d_0808,ip_0488,m_0159,309.23,0
tx_008216,2025-03-27 14:00:00,u_01474,d_0563,ip_0380,m_0130,200.53,0
tx_008217,2025-03-27 14:15:00,u_02288,d_1460,ip_0845,m_0250,173.63,0
tx_008218,2025-03-27 14:30:00,u_01223,d_1636,ip_0337,m_0064,653.43,0
tx_008219,2025-03-27 14:45:00,u_01296,d_0686,ip_1533,m_0061,576.66,0
tx_008220,2025-03-27 15:00:00,u_00786,d_1225,ip_1866,m_0139,132.01,0
tx_008221,2025-03-27 15:15:00,u_00804,d_1771,ip_2131,m_0036,77.98,0
tx_008222,2025-03-27 15:30:00,u_01544,d_0021,ip_0518,m_0006,227.97,0
tx_008223,2025-03-27 15:45:00,u_02069,d_0656,ip_0966,m_0108,77.54,0
tx_008224,2025-03-27 16:00:00,u_02226,d_1328,ip_1108,m_0045,359.66,0
tx_008225,2025-03-27 16:15:00,u_01927,d_0895,ip_1090,m_0191,226.8,0
tx_008226,2025-03-27 16:30:00,u_01524,d_1425,ip_0997,m_0164,2143.15,0
tx_008227,2025-03-27 16:45:00,u_01250,d_0854,ip_0484,m_0145,647.62,0
tx_008228,2025-03-27 17:00:00,u_00849,d_0115,ip_0246,m_0148,50.46,0
tx_008229,2025-03-27 17:15:00,u_01919,d_0780,ip_0887,m_0029,88.34,0
tx_008230,2025-03-27 17:30:00,u_00795,d_0728,ip_0202,m_0120,21.89,0
tx_008231,2025-03-27 17:45:00,u_00669,d_1522,ip_0138,m_0021,17.5,0
tx_008232,2025-03-27 18:00:00,u_02169,d_0265,ip_1153,m_0106,166.31,0
tx_008233,2025-03-27 18:15:00,u_01473,d_0279,ip_1888,m_0203,45.04,0
tx_008234,2025-03-27 18:30:00,u_00885,d_0254,ip_1189,m_0295,766.0,0
tx_008235,2025-03-27 18:45:00,u_02162,d_1021,ip_0051,m_0089,472.44,0
tx_008236,2025-03-27 19:00:00,u_02406,d_1792,ip_1848,m_0079,113.13,0
tx_008237,2025-03-27 19:15:00,u_00794,d_1113,ip_1503,m_0200,106.88,0
tx_008238,2025-03-27 19:30:00,u_01303,d_1469,ip_0666,m_0275,655.48,0
tx_008239,2025-03-27 19:45:00,u_01208,d_1532,ip_0601,m_0088,824.36,0
tx_008240,2025-03-27 20:00:00,u_01754,d_1081,ip_1979,m_0251,58.41,0
tx_008241,2025-03-27 20:15:00,u_02377,d_1096,ip_1047,m_0094,51.36,0
tx_008242,2025-03-27 20:30:00,u_01371,d_0437,ip_0310,m_0191,109.83,0
tx_008243,2025-03-27 20:45:00,u_01995,d_1728,ip_0619,m_0062,228.42,0
tx_008244,2025-03-27 21:00:00,u_01489,d_1418,ip_0581,m_0078,88.79,0
tx_008245,2025-03-27 21:15:00,u_02217,d_1569,ip_0880,m_0295,233.27,0
tx_008246,2025-03-27 21:30:00,u_01011,d_1770,ip_0760,m_0116,1043.46,0
tx_008247,2025-03-27 21:45:00,u_00963,d_0627,ip_1202,m_0004,36.38,0
tx_008248,2025-03-27 22:00:00,u_01056,d_0258,ip_0710,m_0231,95.04,0
tx_008249,2025-03-27 22:15:00,u_02491,d_1547,ip_1409,m_0038,37.08,0
tx_008250,2025-03-27 22:30:00,ring_u_23_15,ring_d_23,ring_ip_23,ring_m_7,4243.57,1
tx_008251,2025-03-27 22:45:00,u_00381,d_1725,ip_2068,m_0250,110.53,0
tx_008252,2025-03-27 23:00:00,u_00102,d_1250,ip_1821,m_0104,71.72,0
tx_008253,2025-03-27 23:15:00,u_01296,d_0462,ip_0730,m_0041,249.63,0
tx_008254,2025-03-27 23:30:00,ring_u_23_3,ring_d_23,ring_ip_23,ring_m_7,3350.48,1
tx_008255,2025-03-27 23:45:00,u_01198,d_1098,ip_1286,m_0084,200.14,0
tx_008256,2025-03-28 00:00:00,u_01400,d_0709,ip_0744,m_0189,109.21,0
tx_008257,2025-03-28 00:15:00,u_01996,d_0507,ip_1983,m_0078,119.75,0
tx_008258,2025-03-28 00:30:00,u_01290,d_0377,ip_0892,m_0174,104.51,0
tx_008259,2025-03-28 00:45:00,u_02271,d_1169,ip_0638,m_0209,115.74,0
tx_008260,2025-03-28 01:00:00,u_01594,d_0063,ip_0746,m_0227,225.66,0
tx_008261,2025-03-28 01:15:00,u_01827,d_0168,ip_1903,m_0123,21.68,0
tx_008262,2025-03-28 01:30:00,u_01953,d_0076,ip_0247,m_0184,197.94,0
tx_008263,2025-03-28 01:45:00,u_01567,d_1321,ip_2106,m_0252,62.26,0
tx_008264,2025-03-28 02:00:00,u_00125,d_0052,ip_0513,m_0252,105.76,0
tx_008265,2025-03-28 02:15:00,u_01068,d_0755,ip_1864,m_0224,31.14,0
tx_008266,2025-03-28 02:30:00,u_00353,d_0218,ip_1197,m_0119,103.68,0
tx_008267,2025-03-28 02:45:00,u_01275,d_1057,ip_1253,m_0159,195.95,0
tx_008268,2025-03-28 03:00:00,u_00357,d_0061,ip_0450,m_0290,234.41,0
tx_008269,2025-03-28 03:15:00,u_01273,d_0046,ip_1588,m_0074,45.32,0
tx_008270,2025-03-28 03:30:00,u_00859,d_0739,ip_1426,m_0207,223.37,0
tx_008271,2025-03-28 03:45:00,u_00050,d_1251,ip_1058,m_0237,463.95,0
tx_008272,2025-03-28 04:00:00,u_00312,d_0197,ip_1007,m_0144,90.59,0
tx_008273,2025-03-28 04:15:00,u_01257,d_0892,ip_1313,m_0259,148.55,0
tx_008274,2025-03-28 04:30:00,u_00197,d_1458,ip_1037,m_0128,18.75,0
tx_008275,2025-03-28 04:45:00,u_02139,d_1125,ip_2143,m_0250,60.52,0
tx_008276,2025-03-28 05:00:00,u_01896,d_1350,ip_0091,m_0193,194.52,0
tx_008277,2025-03-28 05:15:00,u_01773,d_0568,ip_0552,m_0015,385.86,0
tx_008278,2025-03-28 05:30:00,u_00430,d_1695,ip_1872,m_0247,81.51,0
tx_008279,2025-03-28 05:45:00,u_01989,d_0262,ip_1743,m_0209,2141.77,0
tx_008280,2025-03-28 06:00:00,u_01586,d_1089,ip_0765,m_0066,203.14,0
tx_008281,2025-03-28 06:15:00,u_00976,d_0783,ip_1113,m_0211,41.54,0
tx_008282,2025-03-28 06:30:00,u_00001,d_0057,ip_0059,m_0153,537.64,0
tx_008283,2025-03-28 06:45:00,u_01322,d_1699,ip_0389,m_0282,42.4,0
tx_008284,2025-03-28 07:00:00,u_01989,d_1264,ip_2077,m_0091,206.11,0
tx_008285,2025-03-28 07:15:00,u_00083,d_0410,ip_1415,m_0079,58.6,0
tx_008286,2025-03-28 07:30:00,u_00131,d_0094,ip_0084,m_0017,38.19,0
tx_008287,2025-03-28 07:45:00,u_00957,d_1216,ip_1743,m_0235,388.45,0
tx_008288,2025-03-28 08:00:00,u_01278,d_0981,ip_0887,m_0295,114.46,0
tx_008289,2025-03-28 08:15:00,u_01186,d_0089,ip_1251,m_0206,833.53,0
tx_008290,2025-03-28 08:30:00,u_01065,d_1774,ip_1885,m_0110,53.63,0
tx_008291,2025-03-28 08:45:00,u_00638,d_1292,ip_1842,m_0263,31.2,0
tx_008292,2025-03-28 09:00:00,u_00149,d_0832,ip_0300,m_0076,91.87,0
tx_008293,2025-03-28 09:15:00,u_00078,d_0429,ip_0804,m_0207,2671.8,0
tx_008294,2025-03-28 09:30:00,u_00247,d_0487,ip_0599,m_0179,341.69,0
tx_008295,2025-03-28 09:45:00,u_01726,d_0812,ip_2010,m_0255,258.24,0
tx_008296,2025-03-28 10:00:00,u_01964,d_0102,ip_1717,m_0291,266.92,0
tx_008297,2025-03-28 10:15:00,u_01087,d_0661,ip_1426,m_0107,91.39,0
tx_008298,2025-03-28 10:30:00,u_00193,d_0391,ip_0128,m_0028,2274.12,0
tx_008299,2025-03-28 10:45:00,u_01039,d_0203,ip_1766,m_0047,234.65,0
tx_008300,2025-03-28 11:00:00,u_02464,d_0226,ip_1234,m_0221,213.65,0
tx_008301,2025-03-28 11:15:00,u_00624,d_0622,ip_0600,m_0109,397.37,0
tx_008302,2025-03-28 11:30:00,u_01227,d_0688,ip_0973,m_0041,41.54,0
tx_008303,2025-03-28 11:45:00,u_01344,d_0630,ip_0981,m_0244,61.6,0
tx_008304,2025-03-28 12:00:00,u_00824,d_1241,ip_0651,m_0194,116.1,0
tx_008305,2025-03-28 12:15:00,u_01095,d_0939,ip_2001,m_0039,399.95,0
tx_008306,2025-03-28 12:30:00,u_01179,d_0346,ip_2018,m_0213,40.53,0
tx_008307,2025-03-28 12:45:00,u_01184,d_1750,ip_0111,m_0191,138.75,0
tx_008308,2025-03-28 13:00:00,u_01794,d_1314,ip_2058,m_0295,120.44,0
tx_008309,2025-03-28 13:15:00,u_01452,d_0846,ip_0888,m_0296,30.74,0
tx_008310,2025-03-28 13:30:00,u_00133,d_0088,ip_1759,m_0292,89.22,0
tx_008311,2025-03-28 13:45:00,u_00015,d_1645,ip_1716,m_0268,255.25,0
tx_008312,2025-03-28 14:00:00,u_01026,d_1340,ip_1317,m_0237,33.67,0
tx_008313,2025-03-28 14:15:00,u_02269,d_0830,ip_1636,m_0201,608.71,0
tx_008314,2025-03-28 14:30:00,u_00092,d_0291,ip_1499,m_0163,237.0,0
tx_008315,2025-03-28 14:45:00,u_00177,d_0193,ip_1873,m_0237,209.77,0
tx_008316,2025-03-28 15:00:00,u_01698,d_0521,ip_0932,m_0289,149.63,0
tx_008317,2025-03-28 15:15:00,u_01127,d_0414,ip_1626,m_0034,49.78,0
tx_008318,2025-03-28 15:30:00,u_00576,d_0376,ip_2154,m_0040,77.5,0
tx_008319,2025-03-28 15:45:00,u_00518,d_0733,ip_2083,m_0149,213.12,0
tx_008320,2025-03-28 16:00:00,u_01662,d_0083,ip_0325,m_0088,77.35,0
tx_008321,2025-03-28 16:15:00,u_01309,d_0585,ip_1096,m_0159,179.24,0
tx_008322,2025-03-28 16:30:00,u_01595,d_1567,ip_1122,m_0093,60.41,0
tx_008323,2025-03-28 16:45:00,u_00700,d_1558,ip_1373,m_0234,233.09,0
tx_008324,2025-03-28 17:00:00,u_01315,d_0015,ip_1423,m_0269,251.16,0
tx_008325,2025-03-28 17:15:00,u_02150,d_1221,ip_1864,m_0084,29.15,0
tx_008326,2025-03-28 17:30:00,u_00791,d_1783,ip_1170,m_0231,158.75,0
tx_008327,2025-03-28 17:45:00,u_00990,d_1040,ip_1543,m_0031,32.41,0
tx_008328,2025-03-28 18:00:00,u_00409,d_0702,ip_1978,m_0239,23.08,0
tx_008329,2025-03-28 18:15:00,u_01596,d_0884,ip_0224,m_0209,81.95,0
tx_008330,2025-03-28 18:30:00,u_00081,d_0383,ip_1413,m_0213,2433.09,0
tx_008331,2025-03-28 18:45:00,ring_u_24_10,ring_d_24,ring_ip_24,ring_m_0,29.06,1
tx_008332,2025-03-28 19:00:00,u_01782,d_1686,ip_1993,m_0032,597.11,0
tx_008333,2025-03-28 19:15:00,u_00048,d_1101,ip_1215,m_0252,272.71,0
tx_008334,2025-03-28 19:30:00,u_02472,d_0775,ip_1326,m_0032,182.26,0
tx_008335,2025-03-28 19:45:00,u_01010,d_0224,ip_1660,m_0144,363.36,0
tx_008336,2025-03-28 20:00:00,u_00996,d_1631,ip_0532,m_0052,78.29,0
tx_008337,2025-03-28 20:15:00,u_01341,d_0292,ip_1195,m_0253,237.58,0
tx_008338,2025-03-28 20:30:00,u_01597,d_1298,ip_1700,m_0172,481.59,0
tx_008339,2025-03-28 20:45:00,u_01148,d_0545,ip_1710,m_0152,298.69,0
tx_008340,2025-03-28 21:00:00,u_02210,d_0501,ip_0501,m_0095,514.29,0
tx_008341,2025-03-28 21:15:00,u_02405,d_0308,ip_1842,m_0234,178.15,0
tx_008342,2025-03-28 21:30:00,u_00500,d_0675,ip_0358,m_0063,806.0,0
tx_008343,2025-03-28 21:45:00,u_01767,d_1218,ip_0583,m_0216,120.51,0
tx_008344,2025-03-28 22:00:00,u_00752,d_0749,ip_1884,m_0290,1233.6,0
tx_008345,2025-03-28 22:15:00,u_02489,d_0044,ip_1355,m_0079,263.38,0
tx_008346,2025-03-28 22:30:00,u_00633,d_0475,ip_1192,m_0205,101.09,0
tx_008347,2025-03-28 22:45:00,u_00737,d_0288,ip_1225,m_0092,45.64,0
tx_008348,2025-03-28 23:00:00,u_01785,d_0723,ip_2132,m_0278,66.16,0
tx_008349,2025-03-28 23:15:00,u_01972,d_1624,ip_0500,m_0269,56.86,0
tx_008350,2025-03-28 23:30:00,ring_u_13_6,ring_d_13,ring_ip_13,ring_m_5,1157.39,1
tx_008351,2025-03-28 23:45:00,u_01388,d_1795,ip_1077,m_0069,41.51,0
tx_008352,2025-03-29 00:00:00,u_00864,d_0202,ip_1860,m_0024,540.64,0
tx_008353,2025-03-29 00:15:00,u_01529,d_0877,ip_1206,m_0209,165.79,0
tx_008354,2025-03-29 00:30:00,u_01391,d_0082,ip_1597,m_0275,159.2,0
tx_008355,2025-03-29 00:45:00,u_02464,d_0891,ip_1798,m_0043,46.28,0
tx_008356,2025-03-29 01:00:00,u_02334,d_1038,ip_1962,m_0244,68.78,0
tx_008357,2025-03-29 01:15:00,u_01634,d_1392,ip_1014,m_0226,16.11,0
tx_008358,2025-03-29 01:30:00,u_01698,d_0605,ip_1007,m_0141,748.3,0
tx_008359,2025-03-29 01:45:00,u_02247,d_0065,ip_0178,m_0066,35.96,0
tx_008360,2025-03-29 02:00:00,u_00458,d_0817,ip_0176,m_0195,38.79,0
tx_008361,2025-03-29 02:15:00,u_01814,d_0768,ip_1072,m_0178,609.83,0
tx_008362,2025-03-29 02:30:00,u_01930,d_1123,ip_1648,m_0243,218.67,0
tx_008363,2025-03-29 02:45:00,u_00318,d_0179,ip_1843,m_0169,167.46,0
tx_008364,2025-03-29 03:00:00,u_02203,d_1103,ip_0898,m_0014,208.57,0
tx_008365,2025-03-29 03:15:00,u_01748,d_0721,ip_1256,m_0061,385.25,0
tx_008366,2025-03-29 03:30:00,u_00867,d_1330,ip_1787,m_0114,164.0,0
tx_008367,2025-03-29 03:45:00,u_01210,d_1770,ip_0701,m_0147,31.7,0
tx_008368,2025-03-29 04:00:00,u_01223,d_0409,ip_0348,m_0104,308.95,0
tx_008369,2025-03-29 04:15:00,u_02296,d_1356,ip_2026,m_0263,226.41,0
tx_008370,2025-03-29 04:30:00,u_02423,d_0229,ip_1201,m_0084,478.93,0
tx_008371,2025-03-29 04:45:00,u_02017,d_1773,ip_0342,m_0204,42.56,0
tx_008372,2025-03-29 05:00:00,u_01630,d_0865,ip_0554,m_0108,71.57,0
tx_008373,2025-03-29 05:15:00,ring_u_13_3,ring_d_13,ring_ip_13,ring_m_5,715.01,1
tx_008374,2025-03-29 05:30:00,u_02287,d_1399,ip_0442,m_0274,57.71,0
tx_008375,2025-03-29 05:45:00,ring_u_0_10,ring_d_0,ring_ip_0,ring_m_0,98.18,1
tx_008376,2025-03-29 06:00:00,u_00417,d_0691,ip_1788,m_0229,180.79,0
tx_008377,2025-03-29 06:15:00,u_00174,d_1357,ip_1623,m_0193,363.22,0
tx_008378,2025-03-29 06:30:00,u_02369,d_0857,ip_2017,m_0176,130.46,0
tx_008379,2025-03-29 06:45:00,u_01233,d_1186,ip_1838,m_0168,256.76,0
tx_008380,2025-03-29 07:00:00,u_00589,d_1103,ip_0684,m_0008,222.15,0
tx_008381,2025-03-29 07:15:00,u_00201,d_0835,ip_0128,m_0281,149.98,0
tx_008382,2025-03-29 07:30:00,u_01029,d_0210,ip_0333,m_0294,170.03,0
tx_008383,2025-03-29 07:45:00,u_01809,d_0526,ip_1742,m_0158,572.0,0
tx_008384,2025-03-29 08:00:00,u_02486,d_1688,ip_0748,m_0261,56.59,0
tx_008385,2025-03-29 08:15:00,u_01380,d_0936,ip_1585,m_0120,321.52,0
tx_008386,2025-03-29 08:30:00,u_01517,d_1144,ip_1007,m_0033,45.56,0
tx_008387,2025-03-29 08:45:00,u_02089,d_0465,ip_1968,m_0250,67.04,0
tx_008388,2025-03-29 09:00:00,u_02254,d_1270,ip_1117,m_0152,490.74,0
tx_008389,2025-03-29 09:15:00,u_00699,d_0876,ip_1980,m_0282,44.26,0
tx_008390,2025-03-29 09:30:00,u_02479,d_0393,ip_0551,m_0063,116.56,0
tx_008391,2025-03-29 09:45:00,u_01297,d_0263,ip_1710,m_0143,1573.96,0
tx_008392,2025-03-29 10:00:00,u_02325,d_0711,ip_1152,m_0200,413.87,0
tx_008393,2025-03-29 10:15:00,u_00293,d_1017,ip_0418,m_0041,71.01,0
tx_008394,2025-03-29 10:30:00,u_00243,d_0504,ip_0514,m_0298,84.28,0
tx_008395,2025-03-29 10:45:00,u_02211,d_0441,ip_0690,m_0182,125.2,0
tx_008396,2025-03-29 11:00:00,u_01681,d_0485,ip_0340,m_0051,551.12,0
tx_008397,2025-03-29 11:15:00,u_00437,d_0528,ip_2059,m_0222,54.51,0
tx_008398,2025-03-29 11:30:00,u_02237,d_1330,ip_0467,m_0263,51.31,0
tx_008399,2025-03-29 11:45:00,u_00255,d_0898,ip_1315,m_0112,302.88,0
tx_008400,2025-03-29 12:00:00,ring_u_2_7,ring_d_2,ring_ip_2,ring_m_2,2200.47,1
tx_008401,2025-03-29 12:15:00,u_00512,d_0292,ip_1185,m_0224,59.68,0
tx_008402,2025-03-29 12:30:00,u_00176,d_0980,ip_1380,m_0043,136.31,0
tx_008403,2025-03-29 12:45:00,u_02015,d_1732,ip_2014,m_0159,143.48,0
tx_008404,2025-03-29 13:00:00,u_02118,d_1341,ip_2129,m_0167,37.92,0
tx_008405,2025-03-29 13:15:00,u_00264,d_0804,ip_1923,m_0090,211.4,0
tx_008406,2025-03-29 13:30:00,u_00232,d_0552,ip_1011,m_0089,258.21,0
tx_008407,2025-03-29 13:45:00,u_01536,d_0634,ip_1600,m_0188,76.52,0
tx_008408,2025-03-29 14:00:00,u_00071,d_0048,ip_0408,m_0225,781.14,0
tx_008409,2025-03-29 14:15:00,ring_u_6_14,ring_d_6,ring_ip_6,ring_m_6,55.37,1
tx_008410,2025-03-29 14:30:00,u_02289,d_1397,ip_0430,m_0043,54.33,0
tx_008411,2025-03-29 14:45:00,u_01877,d_1517,ip_0250,m_0236,750.53,0
tx_008412,2025-03-29 15:00:00,u_00576,d_1743,ip_1823,m_0052,87.94,0
tx_008413,2025-03-29 15:15:00,u_00475,d_1126,ip_1666,m_0000,177.48,0
tx_008414,2025-03-29 15:30:00,u_01701,d_1672,ip_0304,m_0096,91.21,0
tx_008415,2025-03-29 15:45:00,u_00154,d_0749,ip_2124,m_0245,277.04,0
tx_008416,2025-03-29 16:00:00,u_01344,d_0457,ip_0245,m_0227,91.7,0
tx_008417,2025-03-29 16:15:00,u_01122,d_0441,ip_0107,m_0091,97.43,0
tx_008418,2025-03-29 16:30:00,u_01861,d_0425,ip_2102,m_0155,126.47,0
tx_008419,2025-03-29 16:45:00,u_00506,d_1341,ip_0490,m_0287,89.84,0
tx_008420,2025-03-29 17:00:00,ring_u_9_8,ring_d_9,ring_ip_9,ring_m_1,31.96,1
tx_008421,2025-03-29 17:15:00,u_01748,d_1701,ip_1746,m_0227,42.19,0
tx_008422,2025-03-29 17:30:00,u_00596,d_1394,ip_1335,m_0026,143.0,0
tx_008423,2025-03-29 17:45:00,u_00891,d_0685,ip_1144,m_0072,162.3,0
tx_008424,2025-03-29 18:00:00,u_00165,d_1263,ip_2173,m_0031,131.02,0
tx_008425,2025-03-29 18:15:00,u_01123,d_0242,ip_0190,m_0293,390.84,0
tx_008426,2025-03-29 18:30:00,u_00651,d_0776,ip_2036,m_0102,32.98,0
tx_008427,2025-03-29 18:45:00,u_00283,d_0196,ip_0589,m_0149,261.89,0
tx_008428,2025-03-29 19:00:00,u_01399,d_0201,ip_1369,m_0165,42.74,0
tx_008429,2025-03-29 19:15:00,u_01418,d_0011,ip_0712,m_0156,89.23,0
tx_008430,2025-03-29 19:30:00,u_00214,d_1432,ip_0644,m_0015,38.56,0
tx_008431,2025-03-29 19:45:00,u_00463,d_1339,ip_0706,m_0272,106.47,0
tx_008432,2025-03-29 20:00:00,u_00206,d_1607,ip_1229,m_0114,83.25,0
tx_008433,2025-03-29 20:15:00,u_01697,d_1766,ip_1930,m_0275,763.77,0
tx_008434,2025-03-29 20:30:00,u_00845,d_1736,ip_0247,m_0229,188.93,0
tx_008435,2025-03-29 20:45:00,u_00177,d_1787,ip_1456,m_0209,230.39,0
tx_008436,2025-03-29 21:00:00,u_00478,d_0028,ip_1892,m_0210,49.03,0
tx_008437,2025-03-29 21:15:00,u_02439,d_1411,ip_1616,m_0293,311.09,0
tx_008438,2025-03-29 21:30:00,u_00639,d_1301,ip_2156,m_0091,763.74,0
tx_008439,2025-03-29 21:45:00,u_01711,d_0291,ip_0029,m_0098,354.22,0
tx_008440,2025-03-29 22:00:00,ring_u_19_4,ring_d_19,ring_ip_19,ring_m_3,1108.89,1
tx_008441,2025-03-29 22:15:00,u_00454,d_1759,ip_0940,m_0069,93.3,0
tx_008442,2025-03-29 22:30:00,u_00768,d_1588,ip_1178,m_0241,165.42,0
tx_008443,2025-03-29 22:45:00,u_00035,d_0590,ip_0699,m_0008,83.33,0
tx_008444,2025-03-29 23:00:00,u_01867,d_0134,ip_0557,m_0269,1868.69,0
tx_008445,2025-03-29 23:15:00,u_00836,d_0600,ip_1874,m_0103,91.63,0
tx_008446,2025-03-29 23:30:00,u_01248,d_0009,ip_0511,m_0001,142.12,0
tx_008447,2025-03-29 23:45:00,u_00382,d_1237,ip_2098,m_0180,81.43,0
tx_008448,2025-03-30 00:00:00,u_02060,d_0684,ip_0081,m_0082,187.11,0
tx_008449,2025-03-30 00:15:00,u_00546,d_0088,ip_0931,m_0091,591.32,0
tx_008450,2025-03-30 00:30:00,u_01415,d_1763,ip_1340,m_0144,166.48,0
tx_008451,2025-03-30 00:45:00,u_02181,d_1486,ip_2140,m_0173,119.22,0
tx_008452,2025-03-30 01:00:00,u_01782,d_1628,ip_1682,m_0040,50.71,0
tx_008453,2025-03-30 01:15:00,u_01508,d_1795,ip_0031,m_0014,497.12,0
tx_008454,2025-03-30 01:30:00,u_02220,d_0025,ip_1646,m_0138,128.55,0
tx_008455,2025-03-30 01:45:00,u_00441,d_1395,ip_0716,m_0106,123.14,0
tx_008456,2025-03-30 02:00:00,u_02408,d_1417,ip_1891,m_0174,14.31,0
tx_008457,2025-03-30 02:15:00,u_01391,d_1407,ip_1704,m_0224,130.68,0
tx_008458,2025-03-30 02:30:00,u_01024,d_0477,ip_0422,m_0184,99.37,0
tx_008459,2025-03-30 02:45:00,u_00639,d_0702,ip_0792,m_0031,23.9,0
tx_008460,2025-03-30 03:00:00,u_01862,d_1672,ip_1806,m_0298,399.26,0
tx_008461,2025-03-30 03:15:00,u_02440,d_0118,ip_2026,m_0214,86.9,0
tx_008462,2025-03-30 03:30:00,u_01725,d_1153,ip_1327,m_0014,987.89,0
tx_008463,2025-03-30 03:45:00,u_00081,d_1426,ip_0480,m_0228,610.6,0
tx_008464,2025-03-30 04:00:00,u_01172,d_1436,ip_0857,m_0264,72.25,0
tx_008465,2025-03-30 04:15:00,u_01830,d_1074,ip_1750,m_0170,583.66,0
tx_008466,2025-03-30 04:30:00,u_00993,d_1380,ip_1316,m_0249,742.89,0
tx_008467,2025-03-30 04:45:00,u_01932,d_1636,ip_0443,m_0265,84.86,0
tx_008468,2025-03-30 05:00:00,u_01768,d_1378,ip_0628,m_0289,52.84,0
tx_008469,2025-03-30 05:15:00,u_00167,d_0208,ip_0433,m_0286,17.2,0
tx_008470,2025-03-30 05:30:00,u_01394,d_0440,ip_1032,m_0058,217.12,0
tx_008471,2025-03-30 05:45:00,u_00429,d_0549,ip_0980,m_0010,56.07,0
tx_008472,2025-03-30 06:00:00,u_01216,d_0617,ip_1191,m_0195,223.74,0
tx_008473,2025-03-30 06:15:00,u_00960,d_0649,ip_2078,m_0203,84.11,0
tx_008474,2025-03-30 06:30:00,u_02017,d_0395,ip_1433,m_0170,68.05,0
tx_008475,2025-03-30 06:45:00,ring_u_10_10,ring_d_10,ring_ip_10,ring_m_2,997.54,1
tx_008476,2025-03-30 07:00:00,u_01153,d_0198,ip_0805,m_0284,40.45,0
tx_008477,2025-03-30 07:15:00,u_01342,d_1417,ip_1397,m_0122,84.61,0
tx_008478,2025-03-30 07:30:00,u_01565,d_1185,ip_2101,m_0222,71.05,0
tx_008479,2025-03-30 07:45:00,u_01638,d_1729,ip_0021,m_0186,146.33,0
tx_008480,2025-03-30 08:00:00,u_01588,d_0011,ip_0769,m_0268,164.72,0
tx_008481,2025-03-30 08:15:00,u_01957,d_0531,ip_0124,m_0213,50.85,0
tx_008482,2025-03-30 08:30:00,u_02454,d_1617,ip_0448,m_0190,446.22,0
tx_008483,2025-03-30 08:45:00,u_02070,d_0888,ip_0147,m_0252,126.52,0
tx_008484,2025-03-30 09:00:00,u_00336,d_1009,ip_1303,m_0016,666.77,0
tx_008485,2025-03-30 09:15:00,u_01190,d_0052,ip_1803,m_0211,188.87,0
tx_008486,2025-03-30 09:30:00,u_01153,d_1371,ip_2068,m_0175,159.03,0
tx_008487,2025-03-30 09:45:00,u_01271,d_0455,ip_0521,m_0233,90.83,0
tx_008488,2025-03-30 10:00:00,u_01321,d_1733,ip_1538,m_0067,274.47,0
tx_008489,2025-03-30 10:15:00,u_01795,d_0673,ip_0723,m_0179,153.48,0
tx_008490,2025-03-30 10:30:00,u_01052,d_0339,ip_0694,m_0085,350.19,0
tx_008491,2025-03-30 10:45:00,u_00658,d_1068,ip_1341,m_0035,738.53,0
tx_008492,2025-03-30 11:00:00,u_01143,d_0859,ip_1493,m_0172,71.75,0
tx_008493,2025-03-30 11:15:00,u_02136,d_0847,ip_1284,m_0006,274.09,0
tx_008494,2025-03-30 11:30:00,u_00778,d_1709,ip_0219,m_0027,266.43,0
tx_008495,2025-03-30 11:45:00,u_00051,d_0656,ip_0903,m_0158,234.65,0
tx_008496,2025-03-30 12:00:00,u_02440,d_0715,ip_0628,m_0269,96.24,0
tx_008497,2025-03-30 12:15:00,u_00489,d_1123,ip_0009,m_0214,98.2,0
tx_008498,2025-03-30 12:30:00,u_01507,d_0306,ip_0089,m_0004,82.77,0
tx_008499,2025-03-30 12:45:00,u_02000,d_1491,ip_0989,m_0032,81.15,0
tx_008500,2025-03-30 13:00:00,u_00686,d_0413,ip_0220,m_0129,64.06,0
tx_008501,2025-03-30 13:15:00,u_00850,d_0435,ip_1625,m_0128,133.69,0
tx_008502,2025-03-30 13:30:00,ring_u_2_9,ring_d_2,ring_ip_2,ring_m_2,2489.18,1
tx_008503,2025-03-30 13:45:00,u_00374,d_0617,ip_0517,m_0076,229.44,0
tx_008504,2025-03-30 14:00:00,u_00382,d_1048,ip_2168,m_0038,157.11,0
tx_008505,2025-03-30 14:15:00,u_00466,d_1268,ip_1558,m_0170,175.76,0
tx_008506,2025-03-30 14:30:00,ring_u_2_12,ring_d_2,ring_ip_2,ring_m_2,3034.38,1
tx_008507,2025-03-30 14:45:00,ring_u_3_14,ring_d_3,ring_ip_3,ring_m_3,61.23,1
tx_008508,2025-03-30 15:00:00,u_00039,d_0577,ip_0096,m_0171,115.89,0
tx_008509,2025-03-30 15:15:00,u_02115,d_1485,ip_1997,m_0060,323.61,0
tx_008510,2025-03-30 15:30:00,u_01689,d_0350,ip_1758,m_0255,95.36,0
tx_008511,2025-03-30 15:45:00,u_00176,d_0376,ip_2090,m_0001,216.05,0
tx_008512,2025-03-30 16:00:00,u_02106,d_0644,ip_1777,m_0151,40.19,0
tx_008513,2025-03-30 16:15:00,u_00076,d_0970,ip_0005,m_0096,302.5,0
tx_008514,2025-03-30 16:30:00,u_01401,d_0365,ip_1772,m_0135,84.84,0
tx_008515,2025-03-30 16:45:00,u_01162,d_1620,ip_1007,m_0154,59.6,0
tx_008516,2025-03-30 17:00:00,u_01255,d_0486,ip_1523,m_0193,47.52,0
tx_008517,2025-03-30 17:15:00,u_02390,d_0705,ip_0910,m_0278,43.91,0
tx_008518,2025-03-30 17:30:00,u_02317,d_1088,ip_1586,m_0168,91.7,0
tx_008519,2025-03-30 17:45:00,u_00697,d_0773,ip_1852,m_0068,664.23,0
tx_008520,2025-03-30 18:00:00,u_01449,d_0726,ip_2143,m_0157,78.0,0
tx_008521,2025-03-30 18:15:00,u_02397,d_1772,ip_1189,m_0153,16.29,0
tx_008522,2025-03-30 18:30:00,u_01822,d_0784,ip_0613,m_0259,213.89,0
tx_008523,2025-03-30 18:45:00,u_02219,d_0203,ip_1345,m_0169,48.7,0
tx_008524,2025-03-30 19:00:00,u_01087,d_1314,ip_1099,m_0260,335.23,0
tx_008525,2025-03-30 19:15:00,u_00707,d_1270,ip_0445,m_0194,97.41,0
tx_008526,2025-03-30 19:30:00,u_01276,d_0394,ip_1594,m_0171,112.84,0
tx_008527,2025-03-30 19:45:00,u_02042,d_1530,ip_0169,m_0098,491.43,0
tx_008528,2025-03-30 20:00:00,u_02322,d_0705,ip_0886,m_0076,275.26,0
tx_008529,2025-03-30 20:15:00,u_01714,d_0271,ip_1523,m_0029,42.68,0
tx_008530,2025-03-30 20:30:00,u_01766,d_0310,ip_2026,m_0164,49.44,0
tx_008531,2025-03-30 20:45:00,u_01279,d_1286,ip_1365,m_0276,24.94,0
tx_008532,2025-03-30 21:00:00,u_00799,d_0388,ip_2154,m_0003,2004.64,0
tx_008533,2025-03-30 21:15:00,u_01057,d_0845,ip_1831,m_0285,62.63,0
tx_008534,2025-03-30 21:30:00,u_01244,d_1321,ip_0519,m_0257,478.1,0
tx_008535,2025-03-30 21:45:00,u_02038,d_1535,ip_1858,m_0131,87.16,0
tx_008536,2025-03-30 22:00:00,u_01388,d_0881,ip_0739,m_0094,50.41,0
tx_008537,2025-03-30 22:15:00,u_01982,d_1633,ip_1388,m_0174,151.65,0
tx_008538,2025-03-30 22:30:00,u_00068,d_0544,ip_0441,m_0256,107.05,0
tx_008539,2025-03-30 22:45:00,u_01892,d_1570,ip_1184,m_0008,330.92,0
tx_008540,2025-03-30 23:00:00,u_01267,d_0450,ip_1494,m_0134,335.08,0
tx_008541,2025-03-30 23:15:00,u_02495,d_0115,ip_2010,m_0014,82.26,0
tx_008542,2025-03-30 23:30:00,u_01179,d_1305,ip_2075,m_0193,35.16,0
tx_008543,2025-03-30 23:45:00,ring_u_5_4,ring_d_5,ring_ip_5,ring_m_5,3783.28,1
tx_008544,2025-03-31 00:00:00,u_00318,d_1667,ip_1229,m_0094,15.14,0
tx_008545,2025-03-31 00:15:00,u_02017,d_1658,ip_1941,m_0221,112.79,0
tx_008546,2025-03-31 00:30:00,u_01753,d_0184,ip_0233,m_0225,146.67,0
tx_008547,2025-03-31 00:45:00,u_02156,d_1118,ip_2190,m_0068,47.33,0
tx_008548,2025-03-31 01:00:00,u_00231,d_1267,ip_0448,m_0153,41.94,0
tx_008549,2025-03-31 01:15:00,u_00529,d_1081,ip_0887,m_0055,146.05,0
tx_008550,2025-03-31 01:30:00,ring_u_4_13,ring_d_4,ring_ip_4,ring_m_4,760.42,1
tx_008551,2025-03-31 01:45:00,ring_u_17_17,ring_d_17,ring_ip_17,ring_m_1,3193.58,1
tx_008552,2025-03-31 02:00:00,u_01270,d_1206,ip_1869,m_0244,102.8,0
tx_008553,2025-03-31 02:15:00,u_01011,d_1540,ip_1513,m_0006,190.32,0
tx_008554,2025-03-31 02:30:00,u_02348,d_0322,ip_1322,m_0182,84.33,0
tx_008555,2025-03-31 02:45:00,u_02141,d_0083,ip_0383,m_0121,91.04,0
tx_008556,2025-03-31 03:00:00,u_02241,d_0727,ip_2191,m_0067,22.61,0
tx_008557,2025-03-31 03:15:00,ring_u_13_2,ring_d_13,ring_ip_13,ring_m_5,478.22,1
tx_008558,2025-03-31 03:30:00,u_01468,d_1769,ip_1470,m_0042,162.18,0
tx_008559,2025-03-31 03:45:00,u_01750,d_1666,ip_0941,m_0173,124.25,0
tx_008560,2025-03-31 04:00:00,u_02418,d_1004,ip_2094,m_0193,1004.09,0
tx_008561,2025-03-31 04:15:00,u_00018,d_1709,ip_0991,m_0137,174.65,0
tx_008562,2025-03-31 04:30:00,u_02442,d_0411,ip_0418,m_0108,126.92,0
tx_008563,2025-03-31 04:45:00,u_00888,d_1785,ip_0396,m_0137,244.48,0
tx_008564,2025-03-31 05:00:00,u_00320,d_0804,ip_1536,m_0286,1227.66,0
tx_008565,2025-03-31 05:15:00,u_01538,d_0857,ip_1638,m_0225,191.09,0
tx_008566,2025-03-31 05:30:00,u_01953,d_0091,ip_0453,m_0001,16.06,0
tx_008567,2025-03-31 05:45:00,u_00324,d_0319,ip_1535,m_0086,228.62,0
tx_008568,2025-03-31 06:00:00,u_00101,d_0349,ip_2194,m_0007,61.61,0
tx_008569,2025-03-31 06:15:00,u_02241,d_0878,ip_1171,m_0071,21.7,0
tx_008570,2025-03-31 06:30:00,u_02334,d_0341,ip_2135,m_0233,810.43,0
tx_008571,2025-03-31 06:45:00,u_00390,d_0184,ip_0344,m_0256,652.91,0
tx_008572,2025-03-31 07:00:00,u_02260,d_1089,ip_0886,m_0137,60.03,0
tx_008573,2025-03-31 07:15:00,u_02274,d_1570,ip_1225,m_0206,60.42,0
tx_008574,2025-03-31 07:30:00,u_02493,d_0125,ip_0787,m_0111,174.19,0
tx_008575,2025-03-31 07:45:00,u_00540,d_1008,ip_0220,m_0143,61.24,0
tx_008576,2025-03-31 08:00:00,u_01446,d_1728,ip_1008,m_0248,129.66,0
tx_008577,2025-03-31 08:15:00,u_02485,d_0728,ip_0746,m_0082,72.73,0
tx_008578,2025-03-31 08:30:00,u_02256,d_0329,ip_0448,m_0095,99.44,0
tx_008579,2025-03-31 08:45:00,u_01511,d_0143,ip_0819,m_0040,36.44,0
tx_008580,2025-03-31 09:00:00,u_00492,d_1685,ip_0919,m_0065,339.3,0
tx_008581,2025-03-31 09:15:00,u_00210,d_0729,ip_1943,m_0011,494.62,0
tx_008582,2025-03-31 09:30:00,u_00647,d_0189,ip_1081,m_0244,134.26,0
tx_008583,2025-03-31 09:45:00,u_00163,d_1559,ip_0914,m_0255,143.13,0
tx_008584,2025-03-31 10:00:00,u_00488,d_1443,ip_0856,m_0126,278.43,0
tx_008585,2025-03-31 10:15:00,u_00187,d_1266,ip_1316,m_0178,148.7,0
tx_008586,2025-03-31 10:30:00,u_01905,d_0151,ip_0606,m_0074,836.78,0
tx_008587,2025-03-31 10:45:00,u_01474,d_0148,ip_1924,m_0013,39.79,0
tx_008588,2025-03-31 11:00:00,u_01294,d_0393,ip_0921,m_0154,351.05,0
tx_008589,2025-03-31 11:15:00,u_02023,d_0287,ip_0936,m_0047,132.4,0
tx_008590,2025-03-31 11:30:00,u_01027,d_0957,ip_0140,m_0254,48.37,0
tx_008591,2025-03-31 11:45:00,u_01007,d_0706,ip_1944,m_0083,1404.01,0
tx_008592,2025-03-31 12:00:00,u_00517,d_1377,ip_1036,m_0221,1611.95,0
tx_008593,2025-03-31 12:15:00,u_01112,d_0182,ip_0300,m_0078,120.56,0
tx_008594,2025-03-31 12:30:00,ring_u_1_3,ring_d_1,ring_ip_1,ring_m_1,735.23,1
tx_008595,2025-03-31 12:45:00,u_01473,d_1681,ip_0802,m_0164,92.65,0
tx_008596,2025-03-31 13:00:00,u_02493,d_0235,ip_1717,m_0054,108.82,0
tx_008597,2025-03-31 13:15:00,u_01332,d_1174,ip_0208,m_0119,47.82,0
tx_008598,2025-03-31 13:30:00,u_00747,d_0916,ip_0265,m_0087,41.25,0
tx_008599,2025-03-31 13:45:00,u_01720,d_0170,ip_1234,m_0264,938.38,0
tx_008600,2025-03-31 14:00:00,u_02050,d_0527,ip_1097,m_0150,142.77,0
tx_008601,2025-03-31 14:15:00,ring_u_5_10,ring_d_5,ring_ip_5,ring_m_5,1671.19,1
tx_008602,2025-03-31 14:30:00,u_00625,d_1564,ip_1654,m_0176,65.99,0
tx_008603,2025-03-31 14:45:00,u_01784,d_0663,ip_1445,m_0273,179.46,0
tx_008604,2025-03-31 15:00:00,u_00468,d_0191,ip_0738,m_0131,32.99,0
tx_008605,2025-03-31 15:15:00,u_02493,d_0440,ip_1377,m_0258,68.46,0
tx_008606,2025-03-31 15:30:00,u_00794,d_1518,ip_1285,m_0269,44.71,0
tx_008607,2025-03-31 15:45:00,u_00875,d_1025,ip_0611,m_0276,540.71,0
tx_008608,2025-03-31 16:00:00,u_01817,d_0774,ip_0815,m_0208,28.45,0
tx_008609,2025-03-31 16:15:00,u_00030,d_0024,ip_2048,m_0294,45.64,0
tx_008610,2025-03-31 16:30:00,u_00507,d_1408,ip_1183,m_0223,19.15,0
tx_008611,2025-03-31 16:45:00,u_00314,d_0837,ip_1037,m_0093,60.95,0
tx_008612,2025-03-31 17:00:00,u_00977,d_0981,ip_1752,m_0047,93.74,0
tx_008613,2025-03-31 17:15:00,u_01383,d_1518,ip_0587,m_0062,394.56,0
tx_008614,2025-03-31 17:30:00,u_00449,d_1012,ip_0483,m_0172,118.87,0
tx_008615,2025-03-31 17:45:00,u_00860,d_1670,ip_2172,m_0049,98.44,0
tx_008616,2025-03-31 18:00:00,u_01930,d_1007,ip_1767,m_0071,200.32,0
tx_008617,2025-03-31 18:15:00,u_02349,d_0616,ip_0930,m_0188,95.31,0
tx_008618,2025-03-31 18:30:00,u_00035,d_1660,ip_2081,m_0099,1652.27,0
tx_008619,2025-03-31 18:45:00,u_01568,d_1156,ip_0817,m_0204,82.19,0
tx_008620,2025-03-31 19:00:00,u_00064,d_1368,ip_1485,m_0299,224.46,0
tx_008621,2025-03-31 19:15:00,u_01300,d_0408,ip_0076,m_0026,339.15,0
tx_008622,2025-03-31 19:30:00,u_02198,d_1207,ip_1534,m_0192,79.86,0
tx_008623,2025-03-31 19:45:00,u_01995,d_1008,ip_0392,m_0246,175.1,0
tx_008624,2025-03-31 20:00:00,u_00581,d_0189,ip_0531,m_0042,89.94,0
tx_008625,2025-03-31 20:15:00,u_00646,d_0457,ip_1780,m_0234,195.2,0
tx_008626,2025-03-31 20:30:00,u_01958,d_1640,ip_0452,m_0152,164.17,0
tx_008627,2025-03-31 20:45:00,ring_u_18_9,ring_d_18,ring_ip_18,ring_m_2,70.07,1
tx_008628,2025-03-31 21:00:00,u_00702,d_1393,ip_2025,m_0015,46.73,0
tx_008629,2025-03-31 21:15:00,u_00007,d_0309,ip_2100,m_0130,956.9,0
tx_008630,2025-03-31 21:30:00,u_01111,d_0392,ip_0976,m_0110,266.77,0
tx_008631,2025-03-31 21:45:00,u_01549,d_1694,ip_0184,m_0046,30.31,0
tx_008632,2025-03-31 22:00:00,u_01109,d_0756,ip_0631,m_0228,97.48,0
tx_008633,2025-03-31 22:15:00,u_02336,d_1596,ip_1355,m_0151,30.9,0
tx_008634,2025-03-31 22:30:00,u_02034,d_1455,ip_0741,m_0263,318.01,0
tx_008635,2025-03-31 22:45:00,u_01969,d_0606,ip_1583,m_0047,145.22,0
tx_008636,2025-03-31 23:00:00,u_00050,d_1709,ip_2183,m_0219,149.02,0
tx_008637,2025-03-31 23:15:00,u_02134,d_1397,ip_1366,m_0181,63.92,0
tx_008638,2025-03-31 23:30:00,u_01888,d_0229,ip_1374,m_0195,108.25,0
tx_008639,2025-03-31 23:45:00,u_00992,d_0171,ip_1165,m_0092,326.09,0
tx_008640,2025-04-01 00:00:00,u_01473,d_0227,ip_0410,m_0207,426.59,0
tx_008641,2025-04-01 00:15:00,u_02060,d_1332,ip_1272,m_0074,345.99,0
tx_008642,2025-04-01 00:30:00,u_02265,d_0257,ip_2050,m_0228,31.43,0
tx_008643,2025-04-01 00:45:00,ring_u_11_15,ring_d_11,ring_ip_11,ring_m_3,1959.53,1
tx_008644,2025-04-01 01:00:00,u_00103,d_0781,ip_1654,m_0143,191.2,0
tx_008645,2025-04-01 01:15:00,u_01546,d_0244,ip_1899,m_0174,71.18,0
tx_008646,2025-04-01 01:30:00,u_01700,d_0594,ip_0852,m_0025,28.25,0
tx_008647,2025-04-01 01:45:00,u_00147,d_1220,ip_0739,m_0110,40.99,0
tx_008648,2025-04-01 02:00:00,u_02043,d_1749,ip_2133,m_0060,664.99,0
tx_008649,2025-04-01 02:15:00,u_00503,d_0845,ip_1011,m_0289,45.08,0
tx_008650,2025-04-01 02:30:00,u_02226,d_1344,ip_1613,m_0126,155.64,0
tx_008651,2025-04-01 02:45:00,u_01377,d_0954,ip_1399,m_0001,126.93,0
tx_008652,2025-04-01 03:00:00,u_00805,d_0839,ip_0271,m_0007,127.26,0
tx_008653,2025-04-01 03:15:00,u_00147,d_0936,ip_0691,m_0273,107.79,0
tx_008654,2025-04-01 03:30:00,u_00044,d_1725,ip_0717,m_0047,326.73,0
tx_008655,2025-04-01 03:45:00,ring_u_2_13,ring_d_2,ring_ip_2,ring_m_2,4869.5,1
tx_008656,2025-04-01 04:00:00,u_00942,d_0924,ip_1713,m_0063,79.39,0
tx_008657,2025-04-01 04:15:00,u_02100,d_0092,ip_2125,m_0065,156.23,0
tx_008658,2025-04-01 04:30:00,u_00576,d_1575,ip_2125,m_0023,41.37,0
tx_008659,2025-04-01 04:45:00,u_02300,d_1082,ip_0428,m_0298,238.88,0
tx_008660,2025-04-01 05:00:00,u_02353,d_0085,ip_0988,m_0017,75.12,0
tx_008661,2025-04-01 05:15:00,u_00254,d_1122,ip_0512,m_0218,79.57,0
tx_008662,2025-04-01 05:30:00,u_01617,d_0784,ip_0137,m_0251,247.91,0
tx_008663,2025-04-01 05:45:00,u_02349,d_0084,ip_1361,m_0193,98.76,0
tx_008664,2025-04-01 06:00:00,u_00807,d_1760,ip_1891,m_0039,104.48,0
tx_008665,2025-04-01 06:15:00,u_00169,d_0681,ip_0170,m_0217,477.05,0
tx_008666,2025-04-01 06:30:00,u_02188,d_0042,ip_1412,m_0098,56.08,0
tx_008667,2025-04-01 06:45:00,u_01185,d_1103,ip_0074,m_0122,244.3,0
tx_008668,2025-04-01 07:00:00,u_00067,d_0675,ip_1854,m_0075,383.57,0
tx_008669,2025-04-01 07:15:00,u_02100,d_1182,ip_0140,m_0235,476.7,0
tx_008670,2025-04-01 07:30:00,u_01697,d_0292,ip_0958,m_0173,1308.35,0
tx_008671,2025-04-01 07:45:00,u_00175,d_1490,ip_0271,m_0046,78.09,0
tx_008672,2025-04-01 08:00:00,u_00646,d_0756,ip_0906,m_0122,62.31,0
tx_008673,2025-04-01 08:15:00,u_00045,d_0757,ip_0944,m_0238,336.04,0
tx_008674,2025-04-01 08:30:00,u_02387,d_1446,ip_1187,m_0281,380.03,0
tx_008675,2025-04-01 08:45:00,u_00062,d_0986,ip_1824,m_0281,67.31,0
tx_008676,2025-04-01 09:00:00,u_01989,d_0002,ip_2192,m_0040,241.0,0
tx_008677,2025-04-01 09:15:00,u_01278,d_1041,ip_0752,m_0257,2262.46,0
tx_008678,2025-04-01 09:30:00,ring_u_24_14,ring_d_24,ring_ip_24,ring_m_0,87.59,1
tx_008679,2025-04-01 09:45:00,u_02028,d_0561,ip_0940,m_0221,373.72,0
tx_008680,2025-04-01 10:00:00,u_02237,d_0325,ip_0260,m_0115,718.19,0
tx_008681,2025-04-01 10:15:00,u_00318,d_0096,ip_1320,m_0195,1814.83,0
tx_008682,2025-04-01 10:30:00,u_00044,d_1523,ip_1590,m_0077,189.75,0
tx_008683,2025-04-01 10:45:00,u_00311,d_0007,ip_0664,m_0156,519.59,0
tx_008684,2025-04-01 11:00:00,u_01706,d_1050,ip_1297,m_0067,67.46,0
tx_008685,2025-04-01 11:15:00,u_01421,d_1505,ip_0951,m_0118,152.15,0
tx_008686,2025-04-01 11:30:00,u_00209,d_0633,ip_0319,m_0122,94.97,0
tx_008687,2025-04-01 11:45:00,u_00585,d_0360,ip_0849,m_0259,22.53,0
tx_008688,2025-04-01 12:00:00,u_01343,d_1286,ip_0940,m_0188,29.87,0
tx_008689,2025-04-01 12:15:00,u_01825,d_1134,ip_0752,m_0194,228.16,0
tx_008690,2025-04-01 12:30:00,u_00858,d_0026,ip_2013,m_0085,232.69,0
tx_008691,2025-04-01 12:45:00,u_02374,d_1038,ip_0854,m_0130,52.37,0
tx_008692,2025-04-01 13:00:00,u_02480,d_0000,ip_1377,m_0141,704.43,0
tx_008693,2025-04-01 13:15:00,u_01915,d_0719,ip_0024,m_0235,48.91,0
tx_008694,2025-04-01 13:30:00,u_01135,d_0547,ip_0689,m_0055,191.96,0
tx_008695,2025-04-01 13:45:00,u_02192,d_1500,ip_1949,m_0016,97.98,0
tx_008696,2025-04-01 14:00:00,ring_u_14_4,ring_d_14,ring_ip_14,ring_m_6,2676.76,1
tx_008697,2025-04-01 14:15:00,u_01298,d_1257,ip_2150,m_0243,364.5,0
tx_008698,2025-04-01 14:30:00,u_01109,d_1321,ip_0125,m_0220,316.51,0
tx_008699,2025-04-01 14:45:00,u_02080,d_0040,ip_1897,m_0243,301.22,0
tx_008700,2025-04-01 15:00:00,u_01392,d_0115,ip_0588,m_0118,265.11,0
tx_008701,2025-04-01 15:15:00,u_00457,d_1398,ip_0012,m_0068,41.56,0
tx_008702,2025-04-01 15:30:00,u_02499,d_0770,ip_0203,m_0197,461.52,0
tx_008703,2025-04-01 15:45:00,u_00170,d_0912,ip_1651,m_0011,51.4,0
tx_008704,2025-04-01 16:00:00,u_01737,d_1245,ip_1302,m_0268,133.48,0
tx_008705,2025-04-01 16:15:00,u_01639,d_0624,ip_1260,m_0214,104.45,0
tx_008706,2025-04-01 16:30:00,u_01465,d_1227,ip_1940,m_0151,210.63,0
tx_008707,2025-04-01 16:45:00,u_00129,d_1308,ip_0207,m_0059,91.4,0
tx_008708,2025-04-01 17:00:00,u_01231,d_0432,ip_0181,m_0075,126.66,0
tx_008709,2025-04-01 17:15:00,u_02231,d_1234,ip_2052,m_0298,749.1,0
tx_008710,2025-04-01 17:30:00,u_00598,d_0304,ip_1333,m_0004,40.64,0
tx_008711,2025-04-01 17:45:00,u_01728,d_0559,ip_1707,m_0002,148.05,0
tx_008712,2025-04-01 18:00:00,u_02146,d_1404,ip_1154,m_0104,48.71,0
tx_008713,2025-04-01 18:15:00,u_02380,d_1769,ip_0319,m_0068,291.3,0
tx_008714,2025-04-01 18:30:00,u_01290,d_0116,ip_1149,m_0203,71.76,0
tx_008715,2025-04-01 18:45:00,u_00784,d_1167,ip_2120,m_0012,154.24,0
tx_008716,2025-04-01 19:00:00,u_01749,d_1025,ip_0258,m_0235,39.46,0
tx_008717,2025-04-01 19:15:00,u_01215,d_1090,ip_0277,m_0234,539.98,0
tx_008718,2025-04-01 19:30:00,u_01567,d_1416,ip_0762,m_0068,159.62,0
tx_008719,2025-04-01 19:45:00,u_01854,d_0125,ip_1000,m_0173,170.33,0
tx_008720,2025-04-01 20:00:00,u_01775,d_1330,ip_1383,m_0201,340.04,0
tx_008721,2025-04-01 20:15:00,u_00606,d_0502,ip_0349,m_0254,42.46,0
tx_008722,2025-04-01 20:30:00,u_01889,d_0277,ip_2054,m_0219,80.24,0
tx_008723,2025-04-01 20:45:00,ring_u_24_15,ring_d_24,ring_ip_24,ring_m_0,115.68,1
tx_008724,2025-04-01 21:00:00,u_02326,d_0048,ip_0440,m_0034,25.48,0
tx_008725,2025-04-01 21:15:00,u_01648,d_1135,ip_2129,m_0183,28.37,0
tx_008726,2025-04-01 21:30:00,u_02229,d_1017,ip_0828,m_0231,65.28,0
tx_008727,2025-04-01 21:45:00,u_02447,d_0922,ip_1258,m_0069,47.42,0
tx_008728,2025-04-01 22:00:00,u_02486,d_0055,ip_0956,m_0065,105.23,0
tx_008729,2025-04-01 22:15:00,u_01861,d_1373,ip_0570,m_0027,250.24,0
tx_008730,2025-04-01 22:30:00,u_01493,d_0063,ip_1114,m_0295,314.15,0
tx_008731,2025-04-01 22:45:00,u_00295,d_0472,ip_1708,m_0259,906.34,0
tx_008732,2025-04-01 23:00:00,u_00965,d_0712,ip_0025,m_0036,145.09,0
tx_008733,2025-04-01 23:15:00,u_01188,d_1263,ip_1925,m_0073,173.18,0
tx_008734,2025-04-01 23:30:00,u_01951,d_0733,ip_0405,m_0137,144.77,0
tx_008735,2025-04-01 23:45:00,u_01471,d_1469,ip_2018,m_0268,204.44,0
tx_008736,2025-04-02 00:00:00,u_01097,d_1681,ip_2116,m_0247,221.05,0
tx_008737,2025-04-02 00:15:00,u_00366,d_1377,ip_2052,m_0263,373.2,0
tx_008738,2025-04-02 00:30:00,u_01789,d_0070,ip_1431,m_0248,371.75,0
tx_008739,2025-04-02 00:45:00,u_01079,d_1387,ip_1992,m_0188,249.48,0
tx_008740,2025-04-02 01:00:00,u_00090,d_0371,ip_1890,m_0087,671.94,0
tx_008741,2025-04-02 01:15:00,u_00710,d_1599,ip_1405,m_0181,152.44,0
tx_008742,2025-04-02 01:30:00,u_02198,d_1761,ip_1962,m_0148,80.51,0
tx_008743,2025-04-02 01:45:00,u_00297,d_0151,ip_0753,m_0285,94.82,0
tx_008744,2025-04-02 02:00:00,u_01015,d_0177,ip_1836,m_0134,133.51,0
tx_008745,2025-04-02 02:15:00,u_01280,d_1254,ip_2036,m_0226,50.22,0
tx_008746,2025-04-02 02:30:00,ring_u_17_3,ring_d_17,ring_ip_17,ring_m_1,4131.79,1
tx_008747,2025-04-02 02:45:00,u_00414,d_1743,ip_0269,m_0204,47.47,0
tx_008748,2025-04-02 03:00:00,u_02350,d_0972,ip_0471,m_0136,209.34,0
tx_008749,2025-04-02 03:15:00,u_01476,d_1032,ip_0371,m_0130,211.41,0
tx_008750,2025-04-02 03:30:00,u_00525,d_1548,ip_1172,m_0226,25.31,0
tx_008751,2025-04-02 03:45:00,u_00424,d_0391,ip_0954,m_0145,77.16,0
tx_008752,2025-04-02 04:00:00,ring_u_11_16,ring_d_11,ring_ip_11,ring_m_3,4774.23,1
tx_008753,2025-04-02 04:15:00,u_01808,d_1797,ip_0624,m_0116,278.6,0
tx_008754,2025-04-02 04:30:00,u_01825,d_0039,ip_0364,m_0288,233.77,0
tx_008755,2025-04-02 04:45:00,u_00488,d_0314,ip_1354,m_0283,76.38,0
tx_008756,2025-04-02 05:00:00,u_01814,d_0262,ip_0305,m_0184,197.81,0
tx_008757,2025-04-02 05:15:00,ring_u_20_9,ring_d_20,ring_ip_20,ring_m_4,4094.21,1
tx_008758,2025-04-02 05:30:00,u_00565,d_0233,ip_0178,m_0078,66.9,0
tx_008759,2025-04-02 05:45:00,u_00065,d_0309,ip_1080,m_0234,90.58,0
tx_008760,2025-04-02 06:00:00,u_02397,d_1534,ip_2087,m_0179,92.64,0
tx_008761,2025-04-02 06:15:00,u_01304,d_0836,ip_1218,m_0011,33.49,0
tx_008762,2025-04-02 06:30:00,u_01941,d_0644,ip_1778,m_0284,39.51,0
tx_008763,2025-04-02 06:45:00,u_00800,d_0753,ip_0930,m_0255,121.57,0
tx_008764,2025-04-02 07:00:00,ring_u_9_11,ring_d_9,ring_ip_9,ring_m_1,104.39,1
tx_008765,2025-04-02 07:15:00,u_00562,d_0884,ip_1556,m_0125,109.85,0
tx_008766,2025-04-02 07:30:00,u_00542,d_0844,ip_1129,m_0222,29.8,0
tx_008767,2025-04-02 07:45:00,u_01179,d_1670,ip_0221,m_0221,330.74,0
tx_008768,2025-04-02 08:00:00,u_00264,d_0067,ip_2136,m_0050,1188.54,0
tx_008769,2025-04-02 08:15:00,u_02105,d_0860,ip_0106,m_0012,414.63,0
tx_008770,2025-04-02 08:30:00,u_01278,d_1346,ip_0785,m_0295,459.68,0
tx_008771,2025-04-02 08:45:00,u_02288,d_0926,ip_1410,m_0268,277.58,0
tx_008772,2025-04-02 09:00:00,u_01255,d_1562,ip_1692,m_0221,193.56,0
tx_008773,2025-04-02 09:15:00,u_00758,d_1596,ip_1176,m_0197,161.83,0
tx_008774,2025-04-02 09:30:00,u_01287,d_0605,ip_0882,m_0205,59.47,0
tx_008775,2025-04-02 09:45:00,ring_u_5_3,ring_d_5,ring_ip_5,ring_m_5,2256.32,1
tx_008776,2025-04-02 10:00:00,u_02060,d_0439,ip_2146,m_0205,278.86,0
tx_008777,2025-04-02 10:15:00,u_01800,d_0431,ip_0734,m_0091,93.41,0
tx_008778,2025-04-02 10:30:00,u_00367,d_1759,ip_1880,m_0025,251.14,0
tx_008779,2025-04-02 10:45:00,u_01454,d_0023,ip_0113,m_0093,74.15,0
tx_008780,2025-04-02 11:00:00,u_01344,d_0635,ip_1450,m_0088,79.02,0
tx_008781,2025-04-02 11:15:00,u_00502,d_1133,ip_1497,m_0091,322.18,0
tx_008782,2025-04-02 11:30:00,u_00305,d_0744,ip_1486,m_0141,228.27,0
tx_008783,2025-04-02 11:45:00,u_01900,d_1520,ip_0927,m_0039,117.69,0
tx_008784,2025-04-02 12:00:00,u_00660,d_0452,ip_1519,m_0122,104.83,0
tx_008785,2025-04-02 12:15:00,u_01297,d_0995,ip_0979,m_0139,176.76,0
tx_008786,2025-04-02 12:30:00,u_00619,d_0225,ip_1306,m_0056,23.68,0
tx_008787,2025-04-02 12:45:00,u_01633,d_0380,ip_1965,m_0136,69.56,0
tx_008788,2025-04-02 13:00:00,u_00122,d_0312,ip_1479,m_0202,41.88,0
tx_008789,2025-04-02 13:15:00,u_00898,d_1334,ip_1622,m_0123,150.18,0
tx_008790,2025-04-02 13:30:00,u_01367,d_0364,ip_2131,m_0000,440.81,0
tx_008791,2025-04-02 13:45:00,u_01097,d_1205,ip_0482,m_0210,239.17,0
tx_008792,2025-04-02 14:00:00,u_01530,d_0622,ip_1293,m_0173,88.99,0
tx_008793,2025-04-02 14:15:00,u_00450,d_1017,ip_1445,m_0125,73.22,0
tx_008794,2025-04-02 14:30:00,u_01104,d_1573,ip_1529,m_0006,69.83,0
tx_008795,2025-04-02 14:45:00,u_01891,d_1554,ip_0290,m_0026,1096.21,0
tx_008796,2025-04-02 15:00:00,u_00834,d_0020,ip_1672,m_0023,158.87,0
tx_008797,2025-04-02 15:15:00,u_00392,d_1411,ip_0426,m_0255,181.23,0
tx_008798,2025-04-02 15:30:00,u_02119,d_1720,ip_0899,m_0092,17.97,0
tx_008799,2025-04-02 15:45:00,ring_u_17_6,ring_d_17,ring_ip_17,ring_m_1,4520.18,1
tx_008800,2025-04-02 16:00:00,u_01701,d_0336,ip_0578,m_0208,142.0,0
tx_008801,2025-04-02 16:15:00,u_01995,d_1196,ip_0276,m_0196,90.18,0
tx_008802,2025-04-02 16:30:00,u_01947,d_1145,ip_1485,m_0019,169.53,0
tx_008803,2025-04-02 16:45:00,u_01866,d_1191,ip_0616,m_0278,167.32,0
tx_008804,2025-04-02 17:00:00,u_01273,d_0771,ip_1817,m_0079,270.55,0
tx_008805,2025-04-02 17:15:00,u_00048,d_0945,ip_1975,m_0230,22.89,0
tx_008806,2025-04-02 17:30:00,u_01492,d_1173,ip_0769,m_0249,49.14,0
tx_008807,2025-04-02 17:45:00,u_00682,d_0835,ip_1624,m_0161,134.34,0
tx_008808,2025-04-02 18:00:00,u_01933,d_1392,ip_0493,m_0048,77.68,0
tx_008809,2025-04-02 18:15:00,u_01170,d_1277,ip_2044,m_0163,108.82,0
tx_008810,2025-04-02 18:30:00,u_02263,d_0545,ip_0540,m_0073,165.51,0
tx_008811,2025-04-02 18:45:00,u_01488,d_1098,ip_1940,m_0254,70.46,0
tx_008812,2025-04-02 19:00:00,u_01376,d_1361,ip_1730,m_0226,179.88,0
tx_008813,2025-04-02 19:15:00,u_02298,d_0881,ip_0687,m_0247,255.69,0
tx_008814,2025-04-02 19:30:00,u_01187,d_1287,ip_1813,m_0248,158.39,0
tx_008815,2025-04-02 19:45:00,u_00939,d_0227,ip_1391,m_0053,305.13,0
tx_008816,2025-04-02 20:00:00,u_00928,d_0695,ip_1473,m_0009,16.9,0
tx_008817,2025-04-02 20:15:00,u_02187,d_1263,ip_0833,m_0187,82.6,0
tx_008818,2025-04-02 20:30:00,u_01890,d_1611,ip_0514,m_0184,362.25,0
tx_008819,2025-04-02 20:45:00,u_00408,d_1162,ip_1533,m_0259,62.53,0
tx_008820,2025-04-02 21:00:00,u_01231,d_1194,ip_0114,m_0191,54.59,0
tx_008821,2025-04-02 21:15:00,u_00928,d_0616,ip_0766,m_0240,130.81,0
tx_008822,2025-04-02 21:30:00,u_01616,d_1261,ip_0311,m_0104,145.86,0
tx_008823,2025-04-02 21:45:00,u_00130,d_0641,ip_0002,m_0037,86.95,0
tx_008824,2025-04-02 22:00:00,u_01785,d_0093,ip_0016,m_0011,937.83,0
tx_008825,2025-04-02 22:15:00,u_01856,d_0444,ip_0206,m_0130,197.65,0
tx_008826,2025-04-02 22:30:00,u_00566,d_1100,ip_2067,m_0000,60.17,0
tx_008827,2025-04-02 22:45:00,u_00376,d_1731,ip_1696,m_0155,35.18,0
tx_008828,2025-04-02 23:00:00,u_01568,d_0892,ip_2176,m_0120,222.64,0
tx_008829,2025-04-02 23:15:00,ring_u_9_7,ring_d_9,ring_ip_9,ring_m_1,53.21,1
tx_008830,2025-04-02 23:30:00,u_02353,d_1400,ip_2194,m_0177,1277.45,0
tx_008831,2025-04-02 23:45:00,u_01938,d_1009,ip_1318,m_0203,227.68,0
tx_008832,2025-04-03 00:00:00,u_02387,d_1447,ip_1747,m_0011,259.82,0
tx_008833,2025-04-03 00:15:00,u_01336,d_0722,ip_1887,m_0142,190.32,0
tx_008834,2025-04-03 00:30:00,u_02346,d_0796,ip_0576,m_0281,455.58,0
tx_008835,2025-04-03 00:45:00,u_00034,d_1326,ip_1630,m_0089,13.53,0
tx_008836,2025-04-03 01:00:00,u_00724,d_1149,ip_1424,m_0234,44.56,0
tx_008837,2025-04-03 01:15:00,u_00005,d_0949,ip_0909,m_0101,417.44,0
tx_008838,2025-04-03 01:30:00,u_01693,d_0779,ip_1082,m_0081,665.53,0
tx_008839,2025-04-03 01:45:00,u_01276,d_1756,ip_0458,m_0257,43.15,0
tx_008840,2025-04-03 02:00:00,u_00719,d_0118,ip_0407,m_0106,24.08,0
tx_008841,2025-04-03 02:15:00,u_00762,d_0099,ip_2029,m_0259,175.48,0
tx_008842,2025-04-03 02:30:00,u_01609,d_0862,ip_1609,m_0196,241.15,0
tx_008843,2025-04-03 02:45:00,u_00450,d_0061,ip_1246,m_0243,171.98,0
tx_008844,2025-04-03 03:00:00,u_01286,d_0613,ip_1527,m_0244,139.82,0
tx_008845,2025-04-03 03:15:00,u_01533,d_1023,ip_0891,m_0274,23.29,0
tx_008846,2025-04-03 03:30:00,u_00599,d_0729,ip_0549,m_0166,102.0,0
tx_008847,2025-04-03 03:45:00,u_00571,d_0365,ip_2072,m_0285,118.4,0
tx_008848,2025-04-03 04:00:00,u_00885,d_0512,ip_2177,m_0017,85.78,0
tx_008849,2025-04-03 04:15:00,u_01480,d_1087,ip_0473,m_0147,21.79,0
tx_008850,2025-04-03 04:30:00,u_00635,d_1712,ip_1764,m_0118,266.33,0
tx_008851,2025-04-03 04:45:00,u_00948,d_1406,ip_0973,m_0029,352.75,0
tx_008852,2025-04-03 05:00:00,u_01358,d_0985,ip_1557,m_0261,67.04,0
tx_008853,2025-04-03 05:15:00,u_00466,d_0248,ip_0239,m_0240,123.23,0
tx_008854,2025-04-03 05:30:00,u_01422,d_0436,ip_1054,m_0224,90.3,0
tx_008855,2025-04-03 05:45:00,u_00345,d_0793,ip_0274,m_0190,91.18,0
tx_008856,2025-04-03 06:00:00,u_00356,d_0444,ip_1791,m_0180,243.03,0
tx_008857,2025-04-03 06:15:00,u_00592,d_1239,ip_0876,m_0114,248.97,0
tx_008858,2025-04-03 06:30:00,u_00716,d_0659,ip_0580,m_0205,434.75,0
tx_008859,2025-04-03 06:45:00,u_00074,d_1500,ip_1539,m_0292,425.78,0
tx_008860,2025-04-03 07:00:00,u_02404,d_0484,ip_2100,m_0075,124.99,0
tx_008861,2025-04-03 07:15:00,u_00770,d_0893,ip_0745,m_0101,2545.56,0
tx_008862,2025-04-03 07:30:00,u_02011,d_1286,ip_1579,m_0032,699.21,0
tx_008863,2025-04-03 07:45:00,u_02254,d_0371,ip_1517,m_0272,76.85,0
tx_008864,2025-04-03 08:00:00,u_02001,d_1370,ip_1077,m_0159,168.44,0
tx_008865,2025-04-03 08:15:00,u_02078,d_1054,ip_1771,m_0177,20.37,0
tx_008866,2025-04-03 08:30:00,u_00250,d_1165,ip_0281,m_0079,152.51,0
tx_008867,2025-04-03 08:45:00,u_00930,d_0818,ip_1930,m_0010,791.31,0
tx_008868,2025-04-03 09:00:00,u_01865,d_1683,ip_0889,m_0241,2395.4,0
tx_008869,2025-04-03 09:15:00,u_01439,d_1389,ip_0098,m_0258,131.46,0
tx_008870,2025-04-03 09:30:00,u_00014,d_0345,ip_2176,m_0102,207.45,0
tx_008871,2025-04-03 09:45:00,u_01418,d_1000,ip_1702,m_0228,271.87,0
tx_008872,2025-04-03 10:00:00,u_02011,d_1625,ip_1795,m_0171,1074.6,0
tx_008873,2025-04-03 10:15:00,u_02071,d_0502,ip_0323,m_0192,55.54,0
tx_008874,2025-04-03 10:30:00,u_00959,d_0965,ip_1651,m_0051,2112.26,0
tx_008875,2025-04-03 10:45:00,u_00590,d_1357,ip_1536,m_0184,108.09,0
tx_008876,2025-04-03 11:00:00,u_00773,d_0491,ip_1986,m_0048,46.06,0
tx_008877,2025-04-03 11:15:00,u_00740,d_0931,ip_0817,m_0065,108.28,0
tx_008878,2025-04-03 11:30:00,u_00866,d_0995,ip_2040,m_0107,66.05,0
tx_008879,2025-04-03 11:45:00,u_00754,d_0319,ip_1557,m_0064,225.71,0
tx_008880,2025-04-03 12:00:00,ring_u_9_17,ring_d_9,ring_ip_9,ring_m_1,86.53,1
tx_008881,2025-04-03 12:15:00,ring_u_5_9,ring_d_5,ring_ip_5,ring_m_5,2323.36,1
tx_008882,2025-04-03 12:30:00,u_00687,d_0321,ip_1987,m_0271,288.29,0
tx_008883,2025-04-03 12:45:00,u_00786,d_1706,ip_1418,m_0046,653.82,0
tx_008884,2025-04-03 13:00:00,ring_u_18_4,ring_d_18,ring_ip_18,ring_m_2,78.01,1
tx_008885,2025-04-03 13:15:00,u_02194,d_1269,ip_0276,m_0100,614.79,0
tx_008886,2025-04-03 13:30:00,ring_u_0_12,ring_d_0,ring_ip_0,ring_m_0,144.79,1
tx_008887,2025-04-03 13:45:00,u_02279,d_0537,ip_0373,m_0162,220.12,0
tx_008888,2025-04-03 14:00:00,u_01403,d_0875,ip_0481,m_0146,15.97,0
tx_008889,2025-04-03 14:15:00,u_00274,d_1279,ip_1351,m_0039,132.42,0
tx_008890,2025-04-03 14:30:00,u_02261,d_0715,ip_1899,m_0130,218.49,0
tx_008891,2025-04-03 14:45:00,u_01145,d_0508,ip_0740,m_0167,239.18,0
tx_008892,2025-04-03 15:00:00,u_01711,d_0259,ip_1464,m_0295,30.75,0
tx_008893,2025-04-03 15:15:00,u_00953,d_0976,ip_1548,m_0078,100.47,0
tx_008894,2025-04-03 15:30:00,u_01235,d_1223,ip_1320,m_0024,115.5,0
tx_008895,2025-04-03 15:45:00,u_01223,d_0947,ip_1507,m_0076,96.63,0
tx_008896,2025-04-03 16:00:00,u_00711,d_0458,ip_0500,m_0072,306.44,0
tx_008897,2025-04-03 16:15:00,u_01386,d_0445,ip_1367,m_0284,119.48,0
tx_008898,2025-04-03 16:30:00,u_01834,d_0678,ip_0007,m_0045,163.91,0
tx_008899,2025-04-03 16:45:00,u_00050,d_0626,ip_1607,m_0297,90.96,0
tx_008900,2025-04-03 17:00:00,u_00327,d_0366,ip_1743,m_0033,430.45,0
tx_008901,2025-04-03 17:15:00,u_02105,d_1695,ip_1746,m_0243,463.7,0
tx_008902,2025-04-03 17:30:00,u_01424,d_0593,ip_0064,m_0124,109.03,0
tx_008903,2025-04-03 17:45:00,u_02434,d_0451,ip_2005,m_0016,2567.25,0
tx_008904,2025-04-03 18:00:00,u_01511,d_1091,ip_0955,m_0184,68.96,0
tx_008905,2025-04-03 18:15:00,u_01633,d_1441,ip_0177,m_0218,406.34,0
tx_008906,2025-04-03 18:30:00,u_02247,d_0836,ip_1175,m_0251,57.34,0
tx_008907,2025-04-03 18:45:00,u_01651,d_1201,ip_1257,m_0053,321.51,0
tx_008908,2025-04-03 19:00:00,ring_u_20_4,ring_d_20,ring_ip_20,ring_m_4,3925.51,1
tx_008909,2025-04-03 19:15:00,u_01319,d_0958,ip_1647,m_0170,53.96,0
tx_008910,2025-04-03 19:30:00,u_00589,d_0119,ip_1196,m_0132,130.24,0
tx_008911,2025-04-03 19:45:00,u_00835,d_0247,ip_0477,m_0268,960.77,0
tx_008912,2025-04-03 20:00:00,u_01700,d_1065,ip_1364,m_0126,65.74,0
tx_008913,2025-04-03 20:15:00,u_00372,d_0368,ip_0579,m_0114,221.82,0
tx_008914,2025-04-03 20:30:00,u_01679,d_0065,ip_0261,m_0157,207.57,0
tx_008915,2025-04-03 20:45:00,u_01460,d_0322,ip_0587,m_0278,142.27,0
tx_008916,2025-04-03 21:00:00,u_00770,d_1391,ip_1992,m_0260,26.28,0
tx_008917,2025-04-03 21:15:00,u_00112,d_1056,ip_1259,m_0212,339.89,0
tx_008918,2025-04-03 21:30:00,u_01761,d_0687,ip_0699,m_0024,150.15,0
tx_008919,2025-04-03 21:45:00,u_02061,d_1752,ip_0805,m_0090,447.58,0
tx_008920,2025-04-03 22:00:00,u_01825,d_0694,ip_1891,m_0004,187.12,0
tx_008921,2025-04-03 22:15:00,u_01052,d_1579,ip_1465,m_0028,158.3,0
tx_008922,2025-04-03 22:30:00,u_01633,d_0620,ip_1702,m_0249,215.41,0
tx_008923,2025-04-03 22:45:00,u_01036,d_0045,ip_1342,m_0244,55.28,0
tx_008924,2025-04-03 23:00:00,u_00895,d_0198,ip_2182,m_0030,704.94,0
tx_008925,2025-04-03 23:15:00,u_00817,d_0492,ip_1445,m_0137,101.96,0
tx_008926,2025-04-03 23:30:00,u_00527,d_0335,ip_0880,m_0083,103.28,0
tx_008927,2025-04-03 23:45:00,u_02423,d_0283,ip_0555,m_0021,540.39,0
tx_008928,2025-04-04 00:00:00,u_01665,d_0690,ip_0101,m_0114,190.06,0
tx_008929,2025-04-04 00:15:00,u_00437,d_1756,ip_1688,m_0030,117.16,0
tx_008930,2025-04-04 00:30:00,u_02162,d_0360,ip_2052,m_0220,224.49,0
tx_008931,2025-04-04 00:45:00,u_00378,d_0424,ip_1460,m_0290,277.55,0
tx_008932,2025-04-04 01:00:00,u_01484,d_1791,ip_1071,m_0126,131.85,0
tx_008933,2025-04-04 01:15:00,u_00413,d_0362,ip_0287,m_0072,373.28,0
tx_008934,2025-04-04 01:30:00,u_00903,d_1494,ip_1416,m_0149,41.66,0
tx_008935,2025-04-04 01:45:00,u_01646,d_1117,ip_0440,m_0289,192.83,0
tx_008936,2025-04-04 02:00:00,u_02497,d_1669,ip_1368,m_0047,330.39,0
tx_008937,2025-04-04 02:15:00,u_02479,d_1001,ip_0662,m_0204,276.39,0
tx_008938,2025-04-04 02:30:00,u_02238,d_1068,ip_1904,m_0027,15.78,0
tx_008939,2025-04-04 02:45:00,u_00588,d_0406,ip_2059,m_0090,130.77,0
tx_008940,2025-04-04 03:00:00,u_00233,d_1034,ip_0515,m_0131,44.08,0
tx_008941,2025-04-04 03:15:00,u_02264,d_1206,ip_0717,m_0115,536.88,0
tx_008942,2025-04-04 03:30:00,u_02307,d_1776,ip_2028,m_0053,100.42,0
tx_008943,2025-04-04 03:45:00,u_00696,d_0174,ip_0043,m_0233,480.44,0
tx_008944,2025-04-04 04:00:00,u_00047,d_0282,ip_1136,m_0201,43.95,0
tx_008945,2025-04-04 04:15:00,u_01619,d_0034,ip_0311,m_0130,219.34,0
tx_008946,2025-04-04 04:30:00,u_00190,d_1422,ip_0952,m_0125,149.6,0
tx_008947,2025-04-04 04:45:00,u_00101,d_0148,ip_0070,m_0022,2354.47,0
tx_008948,2025-04-04 05:00:00,u_02342,d_1647,ip_0309,m_0198,481.99,0
tx_008949,2025-04-04 05:15:00,u_01239,d_0656,ip_0886,m_0068,452.09,0
tx_008950,2025-04-04 05:30:00,u_00280,d_0519,ip_0132,m_0090,1127.56,0
tx_008951,2025-04-04 05:45:00,u_01636,d_1755,ip_1753,m_0258,197.11,0
tx_008952,2025-04-04 06:00:00,u_00922,d_1296,ip_1271,m_0192,134.36,0
tx_008953,2025-04-04 06:15:00,u_01340,d_0985,ip_0990,m_0208,119.88,0
tx_008954,2025-04-04 06:30:00,u_02247,d_1600,ip_1039,m_0079,205.99,0
tx_008955,2025-04-04 06:45:00,u_00594,d_1358,ip_1845,m_0150,9.3,0
tx_008956,2025-04-04 07:00:00,u_01616,d_1147,ip_1859,m_0004,148.76,0
tx_008957,2025-04-04 07:15:00,u_02071,d_0578,ip_0104,m_0073,186.19,0
tx_008958,2025-04-04 07:30:00,ring_u_0_0,ring_d_0,ring_ip_0,ring_m_0,95.05,1
tx_008959,2025-04-04 07:45:00,u_02425,d_1294,ip_1033,m_0142,32.11,0
tx_008960,2025-04-04 08:00:00,u_01120,d_1702,ip_1722,m_0190,127.76,0
tx_008961,2025-04-04 08:15:00,u_01147,d_1739,ip_1731,m_0236,32.02,0
tx_008962,2025-04-04 08:30:00,u_02210,d_0988,ip_1558,m_0281,874.59,0
tx_008963,2025-04-04 08:45:00,u_01589,d_0643,ip_1484,m_0024,114.74,0
tx_008964,2025-04-04 09:00:00,u_02171,d_1704,ip_0466,m_0174,18.86,0
tx_008965,2025-04-04 09:15:00,u_01976,d_1798,ip_1876,m_0298,120.72,0
tx_008966,2025-04-04 09:30:00,u_01780,d_0219,ip_1541,m_0059,363.36,0
tx_008967,2025-04-04 09:45:00,u_00603,d_1149,ip_0602,m_0257,176.99,0
tx_008968,2025-04-04 10:00:00,u_00997,d_1084,ip_0511,m_0174,59.51,0
tx_008969,2025-04-04 10:15:00,u_02161,d_1347,ip_1101,m_0095,75.32,0
tx_008970,2025-04-04 10:30:00,u_01540,d_1755,ip_0754,m_0234,111.4,0
tx_008971,2025-04-04 10:45:00,u_00700,d_0453,ip_1489,m_0261,95.62,0
tx_008972,2025-04-04 11:00:00,u_00818,d_1756,ip_0894,m_0042,42.12,0
tx_008973,2025-04-04 11:15:00,u_01939,d_1157,ip_0370,m_0204,138.71,0
tx_008974,2025-04-04 11:30:00,u_00445,d_0148,ip_0869,m_0280,39.11,0
tx_008975,2025-04-04 11:45:00,u_00280,d_0919,ip_1794,m_0199,383.39,0
tx_008976,2025-04-04 12:00:00,u_01912,d_0240,ip_1827,m_0164,433.16,0
tx_008977,2025-04-04 12:15:00,u_00720,d_1721,ip_0685,m_0041,54.42,0
tx_008978,2025-04-04 12:30:00,u_01913,d_1373,ip_1750,m_0135,72.48,0
tx_008979,2025-04-04 12:45:00,u_01334,d_1628,ip_0205,m_0271,97.22,0
tx_008980,2025-04-04 13:00:00,u_02494,d_1084,ip_2164,m_0239,143.81,0
tx_008981,2025-04-04 13:15:00,u_01312,d_0714,ip_1684,m_0135,191.88,0
tx_008982,2025-04-04 13:30:00,u_02168,d_0771,ip_0089,m_0092,235.82,0
tx_008983,2025-04-04 13:45:00,u_02126,d_1704,ip_1551,m_0240,230.38,0
tx_008984,2025-04-04 14:00:00,u_00529,d_0272,ip_1086,m_0290,701.95,0
tx_008985,2025-04-04 14:15:00,u_02490,d_1592,ip_1944,m_0089,157.65,0
tx_008986,2025-04-04 14:30:00,u_01864,d_0759,ip_0527,m_0243,40.35,0
tx_008987,2025-04-04 14:45:00,u_00268,d_1062,ip_1962,m_0092,29.69,0
tx_008988,2025-04-04 15:00:00,u_00015,d_1200,ip_1915,m_0248,761.88,0
tx_008989,2025-04-04 15:15:00,u_00678,d_0147,ip_0612,m_0289,247.07,0
tx_008990,2025-04-04 15:30:00,ring_u_17_14,ring_d_17,ring_ip_17,ring_m_1,4526.18,1
tx_008991,2025-04-04 15:45:00,u_00893,d_0289,ip_1410,m_0148,232.53,0
tx_008992,2025-04-04 16:00:00,u_02490,d_1401,ip_0528,m_0094,174.21,0
tx_008993,2025-04-04 16:15:00,u_01197,d_0138,ip_2198,m_0017,228.88,0
tx_008994,2025-04-04 16:30:00,u_00059,d_1099,ip_0420,m_0015,102.25,0
tx_008995,2025-04-04 16:45:00,u_01234,d_0194,ip_0536,m_0250,426.32,0
tx_008996,2025-04-04 17:00:00,u_00547,d_1382,ip_1101,m_0198,87.81,0
tx_008997,2025-04-04 17:15:00,u_02140,d_1758,ip_1040,m_0068,60.14,0
tx_008998,2025-04-04 17:30:00,u_00226,d_0745,ip_0110,m_0165,27.36,0
tx_008999,2025-04-04 17:45:00,u_01926,d_0381,ip_2002,m_0263,117.01,0
tx_009000,2025-04-04 18:00:00,u_01114,d_0800,ip_0528,m_0194,527.16,0
tx_009001,2025-04-04 18:15:00,u_00047,d_1243,ip_0226,m_0274,93.94,0
tx_009002,2025-04-04 18:30:00,u_01682,d_1309,ip_1142,m_0035,37.39,0
tx_009003,2025-04-04 18:45:00,u_01137,d_1145,ip_2042,m_0021,197.32,0
tx_009004,2025-04-04 19:00:00,u_01928,d_1047,ip_0004,m_0199,77.4,0
tx_009005,2025-04-04 19:15:00,u_01545,d_1136,ip_1073,m_0174,698.03,0
tx_009006,2025-04-04 19:30:00,u_01968,d_0391,ip_2003,m_0206,434.67,0
tx_009007,2025-04-04 19:45:00,ring_u_4_3,ring_d_4,ring_ip_4,ring_m_4,852.8,1
tx_009008,2025-04-04 20:00:00,u_00019,d_1675,ip_0375,m_0032,124.72,0
tx_009009,2025-04-04 20:15:00,u_00326,d_1042,ip_1367,m_0279,69.74,0
tx_009010,2025-04-04 20:30:00,u_01147,d_1550,ip_1839,m_0018,46.5,0
tx_009011,2025-04-04 20:45:00,u_00993,d_1125,ip_1477,m_0157,140.34,0
tx_009012,2025-04-04 21:00:00,u_01985,d_0819,ip_1445,m_0249,336.38,0
tx_009013,2025-04-04 21:15:00,u_01029,d_1026,ip_1700,m_0204,136.77,0
tx_009014,2025-04-04 21:30:00,u_02150,d_1245,ip_0997,m_0066,88.57,0
tx_009015,2025-04-04 21:45:00,u_00469,d_0335,ip_0147,m_0181,16.34,0
tx_009016,2025-04-04 22:00:00,u_00962,d_0831,ip_1406,m_0270,76.26,0
tx_009017,2025-04-04 22:15:00,u_01890,d_1301,ip_1381,m_0060,257.7,0
tx_009018,2025-04-04 22:30:00,u_00310,d_0156,ip_1873,m_0281,38.79,0
tx_009019,2025-04-04 22:45:00,ring_u_5_0,ring_d_5,ring_ip_5,ring_m_5,3295.95,1
tx_009020,2025-04-04 23:00:00,u_01879,d_0288,ip_0743,m_0026,82.79,0
tx_009021,2025-04-04 23:15:00,u_01472,d_1064,ip_2103,m_0099,180.14,0
tx_009022,2025-04-04 23:30:00,u_01945,d_0429,ip_0021,m_0258,99.57,0
tx_009023,2025-04-04 23:45:00,u_01289,d_0785,ip_2130,m_0101,45.77,0
tx_009024,2025-04-05 00:00:00,u_02147,d_0240,ip_0302,m_0284,230.51,0
tx_009025,2025-04-05 00:15:00,u_02193,d_0450,ip_1420,m_0125,81.61,0
tx_009026,2025-04-05 00:30:00,u_02436,d_0031,ip_1503,m_0102,64.52,0
tx_009027,2025-04-05 00:45:00,u_00305,d_1453,ip_1393,m_0255,13.79,0
tx_009028,2025-04-05 01:00:00,u_01477,d_0839,ip_2180,m_0235,546.04,0
tx_009029,2025-04-05 01:15:00,u_00285,d_0316,ip_1215,m_0071,149.33,0
tx_009030,2025-04-05 01:30:00,u_00572,d_0947,ip_0289,m_0234,448.8,0
tx_009031,2025-04-05 01:45:00,u_00750,d_1679,ip_1336,m_0075,275.94,0
tx_009032,2025-04-05 02:00:00,u_01615,d_1484,ip_0639,m_0268,448.73,0
tx_009033,2025-04-05 02:15:00,u_01078,d_1592,ip_1346,m_0002,84.42,0
tx_009034,2025-04-05 02:30:00,u_02161,d_0730,ip_0837,m_0198,37.62,0
tx_009035,2025-04-05 02:45:00,u_00746,d_0649,ip_0093,m_0046,318.2,0
tx_009036,2025-04-05 03:00:00,u_01543,d_0569,ip_1402,m_0203,169.05,0
tx_009037,2025-04-05 03:15:00,u_01907,d_0549,ip_0195,m_0293,93.1,0
tx_009038,2025-04-05 03:30:00,u_02450,d_1655,ip_0721,m_0200,311.91,0
tx_009039,2025-04-05 03:45:00,u_00613,d_0247,ip_1362,m_0130,201.97,0
tx_009040,2025-04-05 04:00:00,u_01834,d_1532,ip_1938,m_0246,281.16,0
tx_009041,2025-04-05 04:15:00,u_00211,d_1649,ip_0691,m_0058,53.39,0
tx_009042,2025-04-05 04:30:00,ring_u_10_11,ring_d_10,ring_ip_10,ring_m_2,842.92,1
tx_009043,2025-04-05 04:45:00,u_01034,d_1129,ip_0663,m_0289,147.73,0
tx_009044,2025-04-05 05:00:00,u_02396,d_1540,ip_1265,m_0106,439.16,0
tx_009045,2025-04-05 05:15:00,u_01933,d_0057,ip_0425,m_0008,390.82,0
tx_009046,2025-04-05 05:30:00,u_02318,d_1471,ip_1159,m_0132,294.8,0
tx_009047,2025-04-05 05:45:00,u_02126,d_0919,ip_1762,m_0145,132.8,0
tx_009048,2025-04-05 06:00:00,u_01026,d_1725,ip_0177,m_0243,301.74,0
tx_009049,2025-04-05 06:15:00,u_01833,d_0154,ip_2121,m_0241,450.69,0
tx_009050,2025-04-05 06:30:00,u_00076,d_1674,ip_1169,m_0102,272.25,0
tx_009051,2025-04-05 06:45:00,u_01394,d_1032,ip_1381,m_0231,181.74,0
tx_009052,2025-04-05 07:00:00,u_00118,d_0186,ip_1358,m_0042,302.43,0
tx_009053,2025-04-05 07:15:00,u_01810,d_0916,ip_2079,m_0056,87.73,0
tx_009054,2025-04-05 07:30:00,u_02416,d_0066,ip_1462,m_0181,674.51,0
tx_009055,2025-04-05 07:45:00,u_01703,d_0149,ip_1944,m_0212,27.61,0
tx_009056,2025-04-05 08:00:00,u_02099,d_0957,ip_0629,m_0242,153.61,0
tx_009057,2025-04-05 08:15:00,u_00585,d_1468,ip_0479,m_0186,98.89,0
tx_009058,2025-04-05 08:30:00,u_02484,d_0194,ip_1415,m_0038,78.19,0
tx_009059,2025-04-05 08:45:00,u_01376,d_0472,ip_0337,m_0202,201.38,0
tx_009060,2025-04-05 09:00:00,u_01686,d_0704,ip_0244,m_0128,48.16,0
tx_009061,2025-04-05 09:15:00,u_01926,d_0974,ip_0465,m_0079,1276.57,0
tx_009062,2025-04-05 09:30:00,u_01598,d_0001,ip_0596,m_0101,38.39,0
tx_009063,2025-04-05 09:45:00,u_00792,d_1150,ip_0211,m_0243,57.32,0
tx_009064,2025-04-05 10:00:00,u_01528,d_0896,ip_1603,m_0053,52.16,0
tx_009065,2025-04-05 10:15:00,u_01634,d_1732,ip_1282,m_0167,181.0,0
tx_009066,2025-04-05 10:30:00,u_02143,d_0542,ip_0440,m_0024,409.34,0
tx_009067,2025-04-05 10:45:00,ring_u_1_11,ring_d_1,ring_ip_1,ring_m_1,1154.92,1
tx_009068,2025-04-05 11:00:00,u_01254,d_0146,ip_2045,m_0044,647.0,0
tx_009069,2025-04-05 11:15:00,u_01257,d_1651,ip_2008,m_0281,64.89,0
tx_009070,2025-04-05 11:30:00,u_00286,d_1500,ip_0270,m_0264,286.78,0
tx_009071,2025-04-05 11:45:00,u_00225,d_0638,ip_1349,m_0256,109.56,0
tx_009072,2025-04-05 12:00:00,u_00051,d_0828,ip_0710,m_0104,186.43,0
tx_009073,2025-04-05 12:15:00,ring_u_12_3,ring_d_12,ring_ip_12,ring_m_4,148.41,1
tx_009074,2025-04-05 12:30:00,u_01047,d_0531,ip_1319,m_0040,27.32,0
tx_009075,2025-04-05 12:45:00,u_02164,d_0424,ip_2166,m_0086,1086.82,0
tx_009076,2025-04-05 13:00:00,u_01755,d_0435,ip_1282,m_0039,128.35,0
tx_009077,2025-04-05 13:15:00,u_00353,d_1273,ip_2097,m_0016,29.77,0
tx_009078,2025-04-05 13:30:00,u_00250,d_0379,ip_1804,m_0110,74.23,0
tx_009079,2025-04-05 13:45:00,u_00915,d_0159,ip_1712,m_0172,164.4,0
tx_009080,2025-04-05 14:00:00,u_02302,d_0297,ip_1738,m_0258,74.21,0
tx_009081,2025-04-05 14:15:00,u_00121,d_1774,ip_1741,m_0010,19.15,0
tx_009082,2025-04-05 14:30:00,u_00468,d_1571,ip_0561,m_0122,163.5,0
tx_009083,2025-04-05 14:45:00,u_00074,d_1717,ip_2149,m_0214,72.11,0
tx_009084,2025-04-05 15:00:00,u_01034,d_0499,ip_2020,m_0060,284.62,0
tx_009085,2025-04-05 15:15:00,u_02474,d_0795,ip_1321,m_0221,50.99,0
tx_009086,2025-04-05 15:30:00,u_01709,d_0883,ip_1564,m_0171,1424.43,0
tx_009087,2025-04-05 15:45:00,u_01233,d_0943,ip_1936,m_0168,248.05,0
tx_009088,2025-04-05 16:00:00,u_00360,d_0048,ip_0335,m_0037,180.69,0
tx_009089,2025-04-05 16:15:00,u_00888,d_1075,ip_0142,m_0050,276.75,0
tx_009090,2025-04-05 16:30:00,u_01311,d_0069,ip_2190,m_0263,24.01,0
tx_009091,2025-04-05 16:45:00,u_00687,d_0495,ip_1218,m_0262,90.29,0
tx_009092,2025-04-05 17:00:00,u_01762,d_0526,ip_1588,m_0135,882.73,0
tx_009093,2025-04-05 17:15:00,u_02450,d_1214,ip_1105,m_0178,107.76,0
tx_009094,2025-04-05 17:30:00,u_00514,d_1613,ip_1138,m_0162,139.38,0
tx_009095,2025-04-05 17:45:00,ring_u_17_13,ring_d_17,ring_ip_17,ring_m_1,2713.59,1
tx_009096,2025-04-05 18:00:00,ring_u_12_4,ring_d_12,ring_ip_12,ring_m_4,140.64,1
tx_009097,2025-04-05 18:15:00,u_01814,d_0945,ip_0191,m_0170,116.21,0
tx_009098,2025-04-05 18:30:00,u_01154,d_0922,ip_0951,m_0037,42.44,0
tx_009099,2025-04-05 18:45:00,u_00709,d_0265,ip_0048,m_0024,1956.31,0
tx_009100,2025-04-05 19:00:00,ring_u_1_8,ring_d_1,ring_ip_1,ring_m_1,949.09,1
tx_009101,2025-04-05 19:15:00,u_00176,d_1654,ip_0646,m_0222,134.64,0
tx_009102,2025-04-05 19:30:00,u_01190,d_0432,ip_1630,m_0059,63.96,0
tx_009103,2025-04-05 19:45:00,u_01708,d_0207,ip_0117,m_0018,73.58,0
tx_009104,2025-04-05 20:00:00,u_00587,d_0297,ip_0073,m_0065,51.43,0
tx_009105,2025-04-05 20:15:00,u_00004,d_1132,ip_0930,m_0173,86.49,0
tx_009106,2025-04-05 20:30:00,ring_u_7_8,ring_d_7,ring_ip_7,ring_m_7,937.96,1
tx_009107,2025-04-05 20:45:00,u_01689,d_0185,ip_1788,m_0050,22.15,0
tx_009108,2025-04-05 21:00:00,u_00862,d_1166,ip_1198,m_0052,523.64,0
tx_009109,2025-04-05 21:15:00,u_00625,d_0262,ip_1350,m_0062,440.71,0
tx_009110,2025-04-05 21:30:00,u_00385,d_0123,ip_1515,m_0132,246.92,0
tx_009111,2025-04-05 21:45:00,u_01865,d_0036,ip_1482,m_0069,168.37,0
tx_009112,2025-04-05 22:00:00,u_02153,d_1270,ip_1630,m_0136,195.71,0
tx_009113,2025-04-05 22:15:00,u_01924,d_0654,ip_0069,m_0004,616.1,0
tx_009114,2025-04-05 22:30:00,u_01295,d_0512,ip_0943,m_0280,25.9,0
tx_009115,2025-04-05 22:45:00,u_01810,d_1151,ip_1846,m_0267,307.14,0
tx_009116,2025-04-05 23:00:00,u_00992,d_0306,ip_0967,m_0101,70.37,0
tx_009117,2025-04-05 23:15:00,u_00061,d_0938,ip_0321,m_0241,338.91,0
tx_009118,2025-04-05 23:30:00,u_00918,d_0870,ip_1463,m_0160,80.35,0
tx_009119,2025-04-05 23:45:00,u_01759,d_1214,ip_0665,m_0009,300.93,0
tx_009120,2025-04-06 00:00:00,u_01618,d_1123,ip_1124,m_0085,31.55,0
tx_009121,2025-04-06 00:15:00,u_02475,d_1215,ip_1136,m_0017,27.31,0
tx_009122,2025-04-06 00:30:00,u_02493,d_0383,ip_1531,m_0212,132.55,0
tx_009123,2025-04-06 00:45:00,u_00606,d_0252,ip_2045,m_0234,623.61,0
tx_009124,2025-04-06 01:00:00,u_00023,d_0960,ip_1525,m_0185,253.73,0
tx_009125,2025-04-06 01:15:00,u_00685,d_0103,ip_2195,m_0002,251.92,0
tx_009126,2025-04-06 01:30:00,u_02190,d_0817,ip_0041,m_0070,350.79,0
tx_009127,2025-04-06 01:45:00,u_02033,d_1125,ip_1721,m_0140,99.79,0
tx_009128,2025-04-06 02:00:00,u_00246,d_1477,ip_0917,m_0043,273.35,0
tx_009129,2025-04-06 02:15:00,u_00400,d_1175,ip_1604,m_0032,83.12,0
tx_009130,2025-04-06 02:30:00,u_01408,d_1790,ip_0187,m_0091,108.42,0
tx_009131,2025-04-06 02:45:00,u_01651,d_1002,ip_1160,m_0177,122.75,0
tx_009132,2025-04-06 03:00:00,u_02455,d_0803,ip_0065,m_0026,86.01,0
tx_009133,2025-04-06 03:15:00,u_01887,d_0442,ip_1464,m_0299,138.93,0
tx_009134,2025-04-06 03:30:00,u_00529,d_1211,ip_0476,m_0137,115.06,0
tx_009135,2025-04-06 03:45:00,u_00092,d_1459,ip_0317,m_0051,73.14,0
tx_009136,2025-04-06 04:00:00,u_01584,d_0577,ip_0173,m_0006,128.95,0
tx_009137,2025-04-06 04:15:00,u_01384,d_0136,ip_0592,m_0287,173.34,0
tx_009138,2025-04-06 04:30:00,u_02304,d_0018,ip_2111,m_0178,49.41,0
tx_009139,2025-04-06 04:45:00,u_01439,d_1138,ip_2166,m_0259,225.31,0
tx_009140,2025-04-06 05:00:00,u_01253,d_1193,ip_0176,m_0232,90.59,0
tx_009141,2025-04-06 05:15:00,u_00758,d_0216,ip_2155,m_0295,180.95,0
tx_009142,2025-04-06 05:30:00,u_00215,d_0040,ip_1292,m_0266,76.3,0
tx_009143,2025-04-06 05:45:00,u_02190,d_1178,ip_0710,m_0229,424.32,0
tx_009144,2025-04-06 06:00:00,u_02065,d_0715,ip_2073,m_0255,386.11,0
tx_009145,2025-04-06 06:15:00,u_00406,d_0751,ip_0530,m_0257,51.97,0
tx_009146,2025-04-06 06:30:00,u_01759,d_0472,ip_0399,m_0076,250.89,0
tx_009147,2025-04-06 06:45:00,u_00910,d_1292,ip_0504,m_0178,630.35,0
tx_009148,2025-04-06 07:00:00,u_01092,d_1340,ip_0320,m_0295,57.5,0
tx_009149,2025-04-06 07:15:00,u_02121,d_0093,ip_1066,m_0260,62.24,0
tx_009150,2025-04-06 07:30:00,ring_u_3_2,ring_d_3,ring_ip_3,ring_m_3,143.13,1
tx_009151,2025-04-06 07:45:00,u_00476,d_0999,ip_0492,m_0033,40.16,0
tx_009152,2025-04-06 08:00:00,u_00769,d_1085,ip_0816,m_0060,68.2,0
tx_009153,2025-04-06 08:15:00,u_02053,d_0260,ip_1426,m_0222,53.8,0
tx_009154,2025-04-06 08:30:00,ring_u_0_1,ring_d_0,ring_ip_0,ring_m_0,61.48,1
tx_009155,2025-04-06 08:45:00,u_00197,d_1228,ip_0164,m_0188,74.26,0
tx_009156,2025-04-06 09:00:00,u_02083,d_0818,ip_1387,m_0041,111.65,0
tx_009157,2025-04-06 09:15:00,u_01223,d_0215,ip_0228,m_0017,70.22,0
tx_009158,2025-04-06 09:30:00,u_01475,d_1097,ip_2179,m_0231,468.02,0
tx_009159,2025-04-06 09:45:00,u_00188,d_0132,ip_0609,m_0087,62.84,0
tx_009160,2025-04-06 10:00:00,u_01700,d_0415,ip_1885,m_0012,36.32,0
tx_009161,2025-04-06 10:15:00,u_01694,d_1283,ip_1710,m_0064,34.93,0
tx_009162,2025-04-06 10:30:00,u_01656,d_0400,ip_0713,m_0096,296.98,0
tx_009163,2025-04-06 10:45:00,u_01976,d_0114,ip_0711,m_0121,319.22,0
tx_009164,2025-04-06 11:00:00,u_02365,d_1727,ip_0697,m_0269,517.26,0
tx_009165,2025-04-06 11:15:00,u_02124,d_0404,ip_1035,m_0059,42.06,0
tx_009166,2025-04-06 11:30:00,u_01861,d_0926,ip_0972,m_0181,117.78,0
tx_009167,2025-04-06 11:45:00,u_02453,d_1484,ip_1444,m_0082,1681.26,0
tx_009168,2025-04-06 12:00:00,u_01686,d_1781,ip_1021,m_0149,109.69,0
tx_009169,2025-04-06 12:15:00,u_01680,d_1457,ip_1734,m_0088,84.49,0
tx_009170,2025-04-06 12:30:00,u_01355,d_0611,ip_1026,m_0103,145.33,0
tx_009171,2025-04-06 12:45:00,u_01922,d_1537,ip_0675,m_0179,252.13,0
tx_009172,2025-04-06 13:00:00,u_00178,d_0022,ip_0718,m_0176,247.95,0
tx_009173,2025-04-06 13:15:00,ring_u_6_11,ring_d_6,ring_ip_6,ring_m_6,51.1,1
tx_009174,2025-04-06 13:30:00,u_01063,d_0358,ip_0309,m_0047,82.68,0
tx_009175,2025-04-06 13:45:00,u_02281,d_0950,ip_0629,m_0072,110.34,0
tx_009176,2025-04-06 14:00:00,u_00181,d_1604,ip_0685,m_0269,71.52,0
tx_009177,2025-04-06 14:15:00,u_01609,d_1392,ip_1417,m_0095,43.17,0
tx_009178,2025-04-06 14:30:00,u_00460,d_1796,ip_0283,m_0173,905.02,0
tx_009179,2025-04-06 14:45:00,u_02208,d_0246,ip_0991,m_0134,98.8,0
tx_009180,2025-04-06 15:00:00,u_02129,d_1353,ip_1484,m_0106,104.56,0
tx_009181,2025-04-06 15:15:00,u_00588,d_1303,ip_2038,m_0011,107.87,0
tx_009182,2025-04-06 15:30:00,u_02179,d_0821,ip_0962,m_0132,136.93,0
tx_009183,2025-04-06 15:45:00,u_01241,d_0175,ip_2160,m_0299,229.24,0
tx_009184,2025-04-06 16:00:00,u_02427,d_0188,ip_1336,m_0282,93.21,0
tx_009185,2025-04-06 16:15:00,u_01824,d_1643,ip_1703,m_0090,463.75,0
tx_009186,2025-04-06 16:30:00,u_00086,d_0531,ip_0534,m_0159,269.84,0
tx_009187,2025-04-06 16:45:00,u_00506,d_1147,ip_2014,m_0086,122.62,0
tx_009188,2025-04-06 17:00:00,u_01008,d_1701,ip_0570,m_0276,76.23,0
tx_009189,2025-04-06 17:15:00,u_00528,d_0887,ip_0300,m_0166,439.19,0
tx_009190,2025-04-06 17:30:00,u_00331,d_0377,ip_0173,m_0276,126.21,0
tx_009191,2025-04-06 17:45:00,u_02445,d_0872,ip_1439,m_0256,42.83,0
tx_009192,2025-04-06 18:00:00,ring_u_16_0,ring_d_16,ring_ip_16,ring_m_0,953.08,1
tx_009193,2025-04-06 18:15:00,u_01086,d_0326,ip_0436,m_0137,71.78,0
tx_009194,2025-04-06 18:30:00,u_00537,d_1459,ip_1933,m_0170,353.72,0
tx_009195,2025-04-06 18:45:00,u_00454,d_0622,ip_0609,m_0074,12.01,0
tx_009196,2025-04-06 19:00:00,u_02289,d_1232,ip_1341,m_0249,102.65,0
tx_009197,2025-04-06 19:15:00,ring_u_7_13,ring_d_7,ring_ip_7,ring_m_7,1152.63,1
tx_009198,2025-04-06 19:30:00,u_00031,d_0988,ip_1303,m_0062,149.18,0
tx_009199,2025-04-06 19:45:00,u_00993,d_0973,ip_1632,m_0144,269.92,0
tx_009200,2025-04-06 20:00:00,u_01135,d_0324,ip_2040,m_0246,60.22,0
tx_009201,2025-04-06 20:15:00,u_01557,d_0952,ip_1587,m_0126,210.13,0
tx_009202,2025-04-06 20:30:00,u_00846,d_1352,ip_1995,m_0213,148.97,0
tx_009203,2025-04-06 20:45:00,u_02307,d_0351,ip_1912,m_0295,189.3,0
tx_009204,2025-04-06 21:00:00,ring_u_15_5,ring_d_15,ring_ip_15,ring_m_7,139.58,1
tx_009205,2025-04-06 21:15:00,u_02466,d_1242,ip_1230,m_0298,547.08,0
tx_009206,2025-04-06 21:30:00,ring_u_17_0,ring_d_17,ring_ip_17,ring_m_1,3166.02,1
tx_009207,2025-04-06 21:45:00,ring_u_20_14,ring_d_20,ring_ip_20,ring_m_4,4899.15,1
tx_009208,2025-04-06 22:00:00,u_00913,d_1490,ip_2127,m_0231,59.79,0
tx_009209,2025-04-06 22:15:00,u_01749,d_0328,ip_1953,m_0020,92.64,0
tx_009210,2025-04-06 22:30:00,u_01864,d_1025,ip_1633,m_0210,32.05,0
tx_009211,2025-04-06 22:45:00,u_00804,d_1698,ip_1867,m_0170,41.7,0
tx_009212,2025-04-06 23:00:00,u_02344,d_0794,ip_1746,m_0196,61.16,0
tx_009213,2025-04-06 23:15:00,u_02142,d_0912,ip_0504,m_0285,144.15,0
tx_009214,2025-04-06 23:30:00,u_02236,d_0279,ip_0580,m_0145,43.6,0
tx_009215,2025-04-06 23:45:00,u_00544,d_0950,ip_1169,m_0277,142.71,0
tx_009216,2025-04-07 00:00:00,u_01794,d_1054,ip_0925,m_0170,127.23,0
tx_009217,2025-04-07 00:15:00,u_00265,d_1766,ip_1619,m_0064,47.74,0
tx_009218,2025-04-07 00:30:00,u_00263,d_0361,ip_1619,m_0195,682.38,0
tx_009219,2025-04-07 00:45:00,u_02433,d_0659,ip_2147,m_0057,39.47,0
tx_009220,2025-04-07 01:00:00,u_00382,d_1165,ip_1734,m_0269,453.65,0
tx_009221,2025-04-07 01:15:00,u_02160,d_1697,ip_0025,m_0045,15.58,0
tx_009222,2025-04-07 01:30:00,u_01077,d_0428,ip_0749,m_0149,128.74,0
tx_009223,2025-04-07 01:45:00,u_00759,d_1250,ip_0719,m_0245,44.81,0
tx_009224,2025-04-07 02:00:00,u_00183,d_1582,ip_1393,m_0002,77.13,0
tx_009225,2025-04-07 02:15:00,ring_u_12_8,ring_d_12,ring_ip_12,ring_m_4,20.36,1
tx_009226,2025-04-07 02:30:00,u_01803,d_0768,ip_2152,m_0151,104.9,0
tx_009227,2025-04-07 02:45:00,u_01167,d_0421,ip_0634,m_0101,49.18,0
tx_009228,2025-04-07 03:00:00,u_02024,d_0518,ip_0962,m_0201,241.69,0
tx_009229,2025-04-07 03:15:00,u_00807,d_0093,ip_1798,m_0097,103.99,0
tx_009230,2025-04-07 03:30:00,u_01379,d_0273,ip_0807,m_0112,172.55,0
tx_009231,2025-04-07 03:45:00,u_00716,d_0788,ip_0099,m_0082,59.47,0
tx_009232,2025-04-07 04:00:00,u_01455,d_0252,ip_0731,m_0187,62.48,0
tx_009233,2025-04-07 04:15:00,u_00340,d_0018,ip_0790,m_0264,67.51,0
tx_009234,2025-04-07 04:30:00,u_01190,d_1246,ip_1346,m_0053,329.78,0
tx_009235,2025-04-07 04:45:00,u_01373,d_0127,ip_1565,m_0122,118.29,0
tx_009236,2025-04-07 05:00:00,u_01391,d_0254,ip_1207,m_0067,52.03,0
tx_009237,2025-04-07 05:15:00,u_01116,d_1071,ip_0894,m_0073,174.48,0
tx_009238,2025-04-07 05:30:00,ring_u_24_6,ring_d_24,ring_ip_24,ring_m_0,55.23,1
tx_009239,2025-04-07 05:45:00,u_01280,d_1304,ip_0316,m_0213,263.38,0
tx_009240,2025-04-07 06:00:00,u_00708,d_0058,ip_0398,m_0283,91.67,0
tx_009241,2025-04-07 06:15:00,u_00538,d_0302,ip_1343,m_0190,137.34,0
tx_009242,2025-04-07 06:30:00,u_01619,d_1332,ip_1903,m_0199,226.26,0
tx_009243,2025-04-07 06:45:00,u_02346,d_1318,ip_1149,m_0214,54.09,0
tx_009244,2025-04-07 07:00:00,u_01882,d_0703,ip_0132,m_0195,360.04,0
tx_009245,2025-04-07 07:15:00,u_01596,d_1709,ip_2160,m_0246,150.87,0
tx_009246,2025-04-07 07:30:00,u_02303,d_1599,ip_0713,m_0097,49.35,0
tx_009247,2025-04-07 07:45:00,u_02249,d_1337,ip_1646,m_0030,48.99,0
tx_009248,2025-04-07 08:00:00,u_01266,d_1346,ip_1974,m_0146,134.37,0
tx_009249,2025-04-07 08:15:00,u_00273,d_1412,ip_2169,m_0000,85.61,0
tx_009250,2025-04-07 08:30:00,u_01585,d_0267,ip_0256,m_0014,315.64,0
tx_009251,2025-04-07 08:45:00,u_01557,d_1261,ip_0409,m_0015,111.41,0
tx_009252,2025-04-07 09:00:00,u_00693,d_1691,ip_1419,m_0023,200.95,0
tx_009253,2025-04-07 09:15:00,u_02123,d_0404,ip_1675,m_0212,63.52,0
tx_009254,2025-04-07 09:30:00,u_02174,d_0026,ip_1836,m_0179,145.04,0
tx_009255,2025-04-07 09:45:00,u_00827,d_0649,ip_1213,m_0280,553.1,0
tx_009256,2025-04-07 10:00:00,u_01192,d_0485,ip_0348,m_0086,127.98,0
tx_009257,2025-04-07 10:15:00,u_00487,d_1708,ip_1567,m_0099,85.37,0
tx_009258,2025-04-07 10:30:00,u_00445,d_0802,ip_1470,m_0147,62.56,0
tx_009259,2025-04-07 10:45:00,u_00662,d_1190,ip_1028,m_0234,145.65,0
tx_009260,2025-04-07 11:00:00,u_00914,d_1767,ip_1402,m_0279,607.48,0
tx_009261,2025-04-07 11:15:00,u_00682,d_1420,ip_0467,m_0218,37.96,0
tx_009262,2025-04-07 11:30:00,ring_u_19_5,ring_d_19,ring_ip_19,ring_m_3,994.12,1
tx_009263,2025-04-07 11:45:00,u_01117,d_1743,ip_0100,m_0293,26.74,0
tx_009264,2025-04-07 12:00:00,u_01558,d_1239,ip_1845,m_0054,98.45,0
tx_009265,2025-04-07 12:15:00,u_00814,d_0416,ip_1844,m_0141,193.02,0
tx_009266,2025-04-07 12:30:00,u_01333,d_1308,ip_1512,m_0074,30.56,0
tx_009267,2025-04-07 12:45:00,u_00678,d_0579,ip_1792,m_0049,95.12,0
tx_009268,2025-04-07 13:00:00,u_01759,d_0595,ip_2008,m_0118,198.45,0
tx_009269,2025-04-07 13:15:00,u_01621,d_1160,ip_0357,m_0229,169.21,0
tx_009270,2025-04-07 13:30:00,u_02400,d_0567,ip_1198,m_0095,208.3,0
tx_009271,2025-04-07 13:45:00,u_00132,d_0043,ip_1419,m_0245,56.0,0
tx_009272,2025-04-07 14:00:00,u_02132,d_1799,ip_2073,m_0183,198.36,0
tx_009273,2025-04-07 14:15:00,u_00850,d_1028,ip_1623,m_0212,81.45,0
tx_009274,2025-04-07 14:30:00,u_00165,d_1206,ip_1307,m_0072,303.09,0
tx_009275,2025-04-07 14:45:00,u_01724,d_1455,ip_1226,m_0258,14.72,0
tx_009276,2025-04-07 15:00:00,u_00429,d_1142,ip_0316,m_0061,111.1,0
tx_009277,2025-04-07 15:15:00,u_00439,d_1098,ip_0697,m_0111,163.84,0
tx_009278,2025-04-07 15:30:00,u_02449,d_1425,ip_0953,m_0234,572.17,0
tx_009279,2025-04-07 15:45:00,u_00552,d_0531,ip_1938,m_0207,161.87,0
tx_009280,2025-04-07 16:00:00,u_01367,d_1491,ip_1896,m_0089,179.16,0
tx_009281,2025-04-07 16:15:00,u_00501,d_1303,ip_1413,m_0079,216.05,0
tx_009282,2025-04-07 16:30:00,u_00309,d_0327,ip_0233,m_0129,519.61,0
tx_009283,2025-04-07 16:45:00,u_00002,d_0262,ip_1584,m_0133,101.3,0
tx_009284,2025-04-07 17:00:00,u_00040,d_1583,ip_1009,m_0017,36.48,0
tx_009285,2025-04-07 17:15:00,ring_u_17_12,ring_d_17,ring_ip_17,ring_m_1,4130.39,1
tx_009286,2025-04-07 17:30:00,u_01085,d_1788,ip_0953,m_0046,288.36,0
tx_009287,2025-04-07 17:45:00,u_00097,d_0181,ip_1586,m_0046,185.53,0
tx_009288,2025-04-07 18:00:00,u_00873,d_1612,ip_0478,m_0106,114.85,0
tx_009289,2025-04-07 18:15:00,u_00682,d_1554,ip_0319,m_0010,82.59,0
tx_009290,2025-04-07 18:30:00,u_01428,d_1381,ip_0483,m_0203,177.83,0
tx_009291,2025-04-07 18:45:00,u_02487,d_0896,ip_2029,m_0201,183.04,0
tx_009292,2025-04-07 19:00:00,u_01729,d_0915,ip_0165,m_0066,239.81,0
tx_009293,2025-04-07 19:15:00,u_02295,d_0771,ip_0628,m_0262,48.98,0
tx_009294,2025-04-07 19:30:00,u_00480,d_0052,ip_0753,m_0178,25.42,0
tx_009295,2025-04-07 19:45:00,u_00537,d_0901,ip_1840,m_0094,59.53,0
tx_009296,2025-04-07 20:00:00,u_01877,d_0426,ip_0790,m_0058,38.43,0
tx_009297,2025-04-07 20:15:00,u_00775,d_0360,ip_1965,m_0128,36.49,0
tx_009298,2025-04-07 20:30:00,u_02121,d_0100,ip_2173,m_0288,713.18,0
tx_009299,2025-04-07 20:45:00,u_01159,d_0823,ip_1432,m_0001,15.38,0
tx_009300,2025-04-07 21:00:00,u_00502,d_0086,ip_0754,m_0006,237.39,0
tx_009301,2025-04-07 21:15:00,u_02111,d_1529,ip_1316,m_0123,367.6,0
tx_009302,2025-04-07 21:30:00,u_01376,d_1601,ip_1472,m_0275,398.4,0
tx_009303,2025-04-07 21:45:00,u_02006,d_1441,ip_0239,m_0084,195.83,0
tx_009304,2025-04-07 22:00:00,u_01130,d_0541,ip_1832,m_0224,555.52,0
tx_009305,2025-04-07 22:15:00,u_00315,d_0293,ip_0959,m_0172,883.07,0
tx_009306,2025-04-07 22:30:00,u_01702,d_0908,ip_1860,m_0059,109.7,0
tx_009307,2025-04-07 22:45:00,u_00311,d_1212,ip_1345,m_0272,232.17,0
tx_009308,2025-04-07 23:00:00,u_01658,d_0037,ip_1893,m_0048,531.55,0
tx_009309,2025-04-07 23:15:00,u_01041,d_1542,ip_0180,m_0151,62.68,0
tx_009310,2025-04-07 23:30:00,u_01978,d_0789,ip_0093,m_0198,116.17,0
tx_009311,2025-04-07 23:45:00,u_02175,d_1475,ip_0245,m_0202,79.37,0
tx_009312,2025-04-08 00:00:00,u_01018,d_0140,ip_1923,m_0256,235.33,0
tx_009313,2025-04-08 00:15:00,u_02205,d_0766,ip_2185,m_0211,22.24,0
tx_009314,2025-04-08 00:30:00,u_00277,d_0824,ip_2197,m_0197,624.3,0
tx_009315,2025-04-08 00:45:00,u_00268,d_0086,ip_0730,m_0045,253.1,0
tx_009316,2025-04-08 01:00:00,u_02483,d_1273,ip_0581,m_0091,267.72,0
tx_009317,2025-04-08 01:15:00,u_01435,d_1676,ip_0769,m_0103,13.97,0
tx_009318,2025-04-08 01:30:00,u_01126,d_0973,ip_1797,m_0111,52.45,0
tx_009319,2025-04-08 01:45:00,u_00389,d_0712,ip_0553,m_0033,658.83,0
tx_009320,2025-04-08 02:00:00,u_00722,d_1144,ip_1204,m_0028,124.29,0
tx_009321,2025-04-08 02:15:00,u_01715,d_0649,ip_1421,m_0132,26.47,0
tx_009322,2025-04-08 02:30:00,u_02054,d_0647,ip_0795,m_0216,185.23,0
tx_009323,2025-04-08 02:45:00,u_02291,d_1367,ip_1040,m_0266,292.7,0
tx_009324,2025-04-08 03:00:00,u_01019,d_1063,ip_1463,m_0282,252.52,0
tx_009325,2025-04-08 03:15:00,u_01136,d_0475,ip_1738,m_0144,127.69,0
tx_009326,2025-04-08 03:30:00,u_00408,d_0733,ip_0417,m_0269,462.0,0
tx_009327,2025-04-08 03:45:00,u_00207,d_1502,ip_1127,m_0136,73.55,0
tx_009328,2025-04-08 04:00:00,u_01094,d_0951,ip_0339,m_0142,254.7,0
tx_009329,2025-04-08 04:15:00,u_01448,d_0136,ip_0033,m_0062,169.87,0
tx_009330,2025-04-08 04:30:00,u_00260,d_1542,ip_1419,m_0188,129.92,0
tx_009331,2025-04-08 04:45:00,u_01021,d_1333,ip_1061,m_0093,101.6,0
tx_009332,2025-04-08 05:00:00,ring_u_16_7,ring_d_16,ring_ip_16,ring_m_0,1145.13,1
tx_009333,2025-04-08 05:15:00,u_02027,d_1738,ip_0121,m_0280,153.28,0
tx_009334,2025-04-08 05:30:00,ring_u_0_7,ring_d_0,ring_ip_0,ring_m_0,22.43,1
tx_009335,2025-04-08 05:45:00,u_00850,d_1792,ip_1818,m_0090,308.92,0
tx_009336,2025-04-08 06:00:00,u_00979,d_0680,ip_2057,m_0201,86.84,0
tx_009337,2025-04-08 06:15:00,u_02187,d_1662,ip_0250,m_0219,712.15,0
tx_009338,2025-04-08 06:30:00,u_01733,d_1451,ip_0030,m_0181,83.04,0
tx_009339,2025-04-08 06:45:00,u_00684,d_1567,ip_0477,m_0012,372.44,0
tx_009340,2025-04-08 07:00:00,u_01712,d_0984,ip_0221,m_0067,388.86,0
tx_009341,2025-04-08 07:15:00,u_00393,d_0501,ip_1011,m_0038,175.19,0
tx_009342,2025-04-08 07:30:00,ring_u_21_2,ring_d_21,ring_ip_21,ring_m_5,89.89,1
tx_009343,2025-04-08 07:45:00,u_00766,d_1739,ip_0429,m_0093,71.6,0
tx_009344,2025-04-08 08:00:00,u_02481,d_0904,ip_0872,m_0142,88.49,0
tx_009345,2025-04-08 08:15:00,ring_u_15_12,ring_d_15,ring_ip_15,ring_m_7,22.64,1
tx_009346,2025-04-08 08:30:00,ring_u_13_8,ring_d_13,ring_ip_13,ring_m_5,797.01,1
tx_009347,2025-04-08 08:45:00,u_00703,d_0961,ip_1013,m_0065,484.48,0
tx_009348,2025-04-08 09:00:00,u_00090,d_0131,ip_1298,m_0257,94.2,0
tx_009349,2025-04-08 09:15:00,u_01650,d_0723,ip_2095,m_0218,100.08,0
tx_009350,2025-04-08 09:30:00,ring_u_14_1,ring_d_14,ring_ip_14,ring_m_6,4722.89,1
tx_009351,2025-04-08 09:45:00,u_00355,d_0196,ip_0194,m_0050,282.46,0
tx_009352,2025-04-08 10:00:00,u_00095,d_0291,ip_1910,m_0207,258.07,0
tx_009353,2025-04-08 10:15:00,u_00278,d_1063,ip_1268,m_0183,394.29,0
tx_009354,2025-04-08 10:30:00,u_01022,d_0446,ip_1038,m_0133,417.15,0
tx_009355,2025-04-08 10:45:00,u_00330,d_1260,ip_1584,m_0176,326.67,0
tx_009356,2025-04-08 11:00:00,u_01757,d_0828,ip_2158,m_0063,340.74,0
tx_009357,2025-04-08 11:15:00,u_00193,d_0727,ip_0280,m_0186,273.16,0
tx_009358,2025-04-08 11:30:00,u_01972,d_0211,ip_1893,m_0045,318.65,0
tx_009359,2025-04-08 11:45:00,u_02186,d_0730,ip_1400,m_0085,23.52,0
tx_009360,2025-04-08 12:00:00,u_01792,d_0975,ip_1287,m_0148,49.41,0
tx_009361,2025-04-08 12:15:00,u_02360,d_1031,ip_1901,m_0048,41.96,0
tx_009362,2025-04-08 12:30:00,u_02348,d_0486,ip_0669,m_0274,528.57,0
tx_009363,2025-04-08 12:45:00,u_00116,d_0050,ip_1732,m_0265,67.83,0
tx_009364,2025-04-08 13:00:00,u_00854,d_1682,ip_1255,m_0142,79.61,0
tx_009365,2025-04-08 13:15:00,u_01900,d_1724,ip_2057,m_0170,149.4,0
tx_009366,2025-04-08 13:30:00,u_00849,d_1627,ip_1029,m_0087,42.79,0
tx_009367,2025-04-08 13:45:00,u_01842,d_0521,ip_1585,m_0063,217.14,0
tx_009368,2025-04-08 14:00:00,u_01935,d_1084,ip_1094,m_0288,17.63,0
tx_009369,2025-04-08 14:15:00,u_02492,d_0253,ip_0866,m_0123,45.72,0
tx_009370,2025-04-08 14:30:00,u_00824,d_1630,ip_0825,m_0286,181.06,0
tx_009371,2025-04-08 14:45:00,u_00869,d_0009,ip_2024,m_0020,42.88,0
tx_009372,2025-04-08 15:00:00,u_00060,d_0847,ip_1843,m_0032,544.09,0
tx_009373,2025-04-08 15:15:00,u_00713,d_1542,ip_0495,m_0142,155.44,0
tx_009374,2025-04-08 15:30:00,ring_u_8_2,ring_d_8,ring_ip_8,ring_m_0,2656.09,1
tx_009375,2025-04-08 15:45:00,u_01132,d_1553,ip_1284,m_0127,212.28,0
tx_009376,2025-04-08 16:00:00,u_01052,d_0893,ip_0229,m_0251,146.65,0
tx_009377,2025-04-08 16:15:00,ring_u_20_8,ring_d_20,ring_ip_20,ring_m_4,3145.85,1
tx_009378,2025-04-08 16:30:00,u_01934,d_0014,ip_0357,m_0256,375.83,0
tx_009379,2025-04-08 16:45:00,u_01821,d_0274,ip_1919,m_0133,230.73,0
tx_009380,2025-04-08 17:00:00,u_00013,d_0103,ip_0999,m_0085,1193.5,0
tx_009381,2025-04-08 17:15:00,u_01179,d_0806,ip_2016,m_0191,339.81,0
tx_009382,2025-04-08 17:30:00,u_01823,d_0090,ip_1062,m_0233,99.74,0
tx_009383,2025-04-08 17:45:00,u_00611,d_0334,ip_0186,m_0278,198.23,0
tx_009384,2025-04-08 18:00:00,u_01062,d_0754,ip_1686,m_0026,226.36,0
tx_009385,2025-04-08 18:15:00,u_01817,d_1324,ip_1597,m_0210,474.83,0
tx_009386,2025-04-08 18:30:00,u_01986,d_1213,ip_0665,m_0094,556.61,0
tx_009387,2025-04-08 18:45:00,u_02136,d_0104,ip_0449,m_0150,126.22,0
tx_009388,2025-04-08 19:00:00,ring_u_10_1,ring_d_10,ring_ip_10,ring_m_2,1114.93,1
tx_009389,2025-04-08 19:15:00,u_00999,d_0989,ip_1714,m_0231,23.25,0
tx_009390,2025-04-08 19:30:00,u_00956,d_0627,ip_0655,m_0119,47.49,0
tx_009391,2025-04-08 19:45:00,u_01671,d_0689,ip_1541,m_0083,82.12,0
tx_009392,2025-04-08 20:00:00,u_01048,d_1527,ip_0529,m_0146,668.03,0
tx_009393,2025-04-08 20:15:00,u_01000,d_0836,ip_0398,m_0200,678.24,0
tx_009394,2025-04-08 20:30:00,u_00420,d_0442,ip_1460,m_0253,387.67,0
tx_009395,2025-04-08 20:45:00,u_01196,d_0764,ip_1832,m_0001,507.96,0
tx_009396,2025-04-08 21:00:00,u_00593,d_0123,ip_2021,m_0170,73.16,0
tx_009397,2025-04-08 21:15:00,u_01312,d_0275,ip_1015,m_0021,32.61,0
tx_009398,2025-04-08 21:30:00,u_02221,d_0566,ip_0315,m_0185,54.24,0
tx_009399,2025-04-08 21:45:00,u_01939,d_0396,ip_1196,m_0187,19.4,0
tx_009400,2025-04-08 22:00:00,u_01195,d_0628,ip_1497,m_0256,48.72,0
tx_009401,2025-04-08 22:15:00,u_02443,d_0116,ip_2137,m_0057,89.48,0
tx_009402,2025-04-08 22:30:00,u_02450,d_1098,ip_0246,m_0238,175.34,0
tx_009403,2025-04-08 22:45:00,u_01110,d_0207,ip_1444,m_0206,169.94,0
tx_009404,2025-04-08 23:00:00,u_01908,d_0390,ip_1127,m_0199,74.47,0
tx_009405,2025-04-08 23:15:00,u_00855,d_1760,ip_1294,m_0191,262.16,0
tx_009406,2025-04-08 23:30:00,u_02196,d_0010,ip_0203,m_0164,75.91,0
tx_009407,2025-04-08 23:45:00,u_00933,d_0503,ip_0036,m_0019,149.91,0
tx_009408,2025-04-09 00:00:00,u_00645,d_0900,ip_1334,m_0243,48.91,0
tx_009409,2025-04-09 00:15:00,u_00334,d_0552,ip_0438,m_0117,440.83,0
tx_009410,2025-04-09 00:30:00,u_02106,d_0576,ip_1350,m_0031,151.54,0
tx_009411,2025-04-09 00:45:00,u_00742,d_0228,ip_0058,m_0183,292.61,0
tx_009412,2025-04-09 01:00:00,u_02033,d_0762,ip_1762,m_0284,43.98,0
tx_009413,2025-04-09 01:15:00,u_00216,d_1359,ip_0733,m_0214,176.69,0
tx_009414,2025-04-09 01:30:00,u_01252,d_1058,ip_0992,m_0073,263.05,0
tx_009415,2025-04-09 01:45:00,u_01069,d_1663,ip_0757,m_0244,19.22,0
tx_009416,2025-04-09 02:00:00,u_01097,d_1259,ip_0920,m_0253,477.28,0
tx_009417,2025-04-09 02:15:00,u_00418,d_1421,ip_1166,m_0099,42.55,0
tx_009418,2025-04-09 02:30:00,u_00184,d_0777,ip_1420,m_0156,183.26,0
tx_009419,2025-04-09 02:45:00,u_00866,d_1102,ip_1517,m_0251,886.87,0
tx_009420,2025-04-09 03:00:00,u_01175,d_1040,ip_2178,m_0047,385.64,0
tx_009421,2025-04-09 03:15:00,u_01983,d_1463,ip_0394,m_0106,33.45,0
tx_009422,2025-04-09 03:30:00,u_01156,d_0901,ip_1917,m_0136,124.21,0
tx_009423,2025-04-09 03:45:00,u_00614,d_0727,ip_1323,m_0002,509.5,0
tx_009424,2025-04-09 04:00:00,u_00656,d_0126,ip_0681,m_0050,65.58,0
tx_009425,2025-04-09 04:15:00,u_01529,d_1547,ip_2017,m_0183,103.56,0
tx_009426,2025-04-09 04:30:00,u_01089,d_0783,ip_1555,m_0079,100.7,0
tx_009427,2025-04-09 04:45:00,u_02252,d_1437,ip_0407,m_0072,262.44,0
tx_009428,2025-04-09 05:00:00,u_01099,d_1220,ip_0384,m_0088,31.91,0
tx_009429,2025-04-09 05:15:00,u_01417,d_0003,ip_1449,m_0037,277.58,0
tx_009430,2025-04-09 05:30:00,u_00159,d_1172,ip_1605,m_0191,79.61,0
tx_009431,2025-04-09 05:45:00,u_00484,d_0878,ip_0100,m_0077,146.74,0
tx_009432,2025-04-09 06:00:00,u_02125,d_0431,ip_1381,m_0195,118.53,0
tx_009433,2025-04-09 06:15:00,u_00861,d_0476,ip_1168,m_0248,270.36,0
tx_009434,2025-04-09 06:30:00,u_01052,d_1148,ip_2132,m_0143,145.32,0
tx_009435,2025-04-09 06:45:00,u_01475,d_0155,ip_1631,m_0274,626.68,0
tx_009436,2025-04-09 07:00:00,u_00144,d_1091,ip_2000,m_0058,399.19,0
tx_009437,2025-04-09 07:15:00,u_01266,d_1523,ip_0074,m_0288,67.0,0
tx_009438,2025-04-09 07:30:00,ring_u_14_2,ring_d_14,ring_ip_14,ring_m_6,2583.03,1
tx_009439,2025-04-09 07:45:00,ring_u_1_13,ring_d_1,ring_ip_1,ring_m_1,863.17,1
tx_009440,2025-04-09 08:00:00,u_01045,d_0109,ip_1217,m_0293,175.89,0
tx_009441,2025-04-09 08:15:00,u_01116,d_1314,ip_1931,m_0136,346.61,0
tx_009442,2025-04-09 08:30:00,u_00465,d_1526,ip_1913,m_0224,52.4,0
tx_009443,2025-04-09 08:45:00,u_01357,d_1778,ip_0496,m_0240,37.36,0
tx_009444,2025-04-09 09:00:00,u_01865,d_0051,ip_0528,m_0134,152.16,0
tx_009445,2025-04-09 09:15:00,u_00668,d_0867,ip_1590,m_0095,80.94,0
tx_009446,2025-04-09 09:30:00,u_02416,d_0086,ip_1931,m_0147,1180.53,0
tx_009447,2025-04-09 09:45:00,ring_u_21_12,ring_d_21,ring_ip_21,ring_m_5,29.11,1
tx_009448,2025-04-09 10:00:00,u_01932,d_0554,ip_0120,m_0124,154.51,0
tx_009449,2025-04-09 10:15:00,u_00175,d_1090,ip_0360,m_0071,179.82,0
tx_009450,2025-04-09 10:30:00,u_01918,d_1636,ip_1648,m_0274,508.4,0
tx_009451,2025-04-09 10:45:00,u_00841,d_1448,ip_1631,m_0171,54.9,0
tx_009452,2025-04-09 11:00:00,u_01775,d_0114,ip_1972,m_0238,29.6,0
tx_009453,2025-04-09 11:15:00,u_02010,d_0432,ip_1170,m_0197,598.5,0
tx_009454,2025-04-09 11:30:00,u_00625,d_0494,ip_0940,m_0105,160.86,0
tx_009455,2025-04-09 11:45:00,u_00648,d_0451,ip_0246,m_0095,333.53,0
tx_009456,2025-04-09 12:00:00,u_00148,d_0635,ip_1720,m_0294,349.57,0
tx_009457,2025-04-09 12:15:00,u_01512,d_1092,ip_2088,m_0007,415.72,0
tx_009458,2025-04-09 12:30:00,u_01935,d_1331,ip_0099,m_0088,101.71,0
tx_009459,2025-04-09 12:45:00,u_01025,d_1691,ip_1082,m_0220,77.56,0
tx_009460,2025-04-09 13:00:00,u_00402,d_1265,ip_0781,m_0163,20.16,0
tx_009461,2025-04-09 13:15:00,u_00791,d_0537,ip_1639,m_0184,54.88,0
tx_009462,2025-04-09 13:30:00,u_01007,d_0331,ip_1679,m_0006,157.93,0
tx_009463,2025-04-09 13:45:00,u_02290,d_0678,ip_0478,m_0065,73.6,0
tx_009464,2025-04-09 14:00:00,u_00310,d_1439,ip_2094,m_0179,47.42,0
tx_009465,2025-04-09 14:15:00,u_00858,d_1787,ip_0301,m_0094,156.09,0
tx_009466,2025-04-09 14:30:00,u_01595,d_0706,ip_1718,m_0141,568.47,0
tx_009467,2025-04-09 14:45:00,u_00591,d_0317,ip_1630,m_0287,140.33,0
tx_009468,2025-04-09 15:00:00,u_02211,d_0008,ip_0357,m_0191,47.81,0
tx_009469,2025-04-09 15:15:00,u_02273,d_0138,ip_1482,m_0189,529.76,0
tx_009470,2025-04-09 15:30:00,u_00950,d_1146,ip_0594,m_0058,68.43,0
tx_009471,2025-04-09 15:45:00,u_01864,d_1061,ip_0603,m_0178,651.56,0
tx_009472,2025-04-09 16:00:00,u_01889,d_1157,ip_0190,m_0288,114.08,0
tx_009473,2025-04-09 16:15:00,u_01704,d_0043,ip_1641,m_0191,164.54,0
tx_009474,2025-04-09 16:30:00,u_00466,d_0786,ip_1776,m_0235,706.9,0
tx_009475,2025-04-09 16:45:00,u_00123,d_0324,ip_1110,m_0286,38.42,0
tx_009476,2025-04-09 17:00:00,u_00868,d_0605,ip_1707,m_0270,51.93,0
tx_009477,2025-04-09 17:15:00,u_00328,d_1119,ip_0766,m_0101,107.07,0
tx_009478,2025-04-09 17:30:00,u_00730,d_0496,ip_1243,m_0088,129.03,0
tx_009479,2025-04-09 17:45:00,u_01595,d_1187,ip_1731,m_0084,2084.05,0
tx_009480,2025-04-09 18:00:00,u_01472,d_0520,ip_0947,m_0231,61.06,0
tx_009481,2025-04-09 18:15:00,u_00523,d_0918,ip_1356,m_0113,40.28,0
tx_009482,2025-04-09 18:30:00,u_00044,d_0826,ip_0319,m_0246,58.22,0
tx_009483,2025-04-09 18:45:00,u_00564,d_0690,ip_1115,m_0240,187.19,0
tx_009484,2025-04-09 19:00:00,u_01137,d_0226,ip_1871,m_0199,242.75,0
tx_009485,2025-04-09 19:15:00,u_01947,d_1037,ip_1700,m_0036,73.18,0
tx_009486,2025-04-09 19:30:00,u_00912,d_1782,ip_0660,m_0213,151.57,0
tx_009487,2025-04-09 19:45:00,u_00714,d_1158,ip_1198,m_0062,1038.16,0
tx_009488,2025-04-09 20:00:00,u_01378,d_1342,ip_1363,m_0165,153.73,0
tx_009489,2025-04-09 20:15:00,u_00178,d_1446,ip_2064,m_0068,204.59,0
tx_009490,2025-04-09 20:30:00,u_00563,d_0068,ip_1823,m_0018,981.41,0
tx_009491,2025-04-09 20:45:00,u_00091,d_1426,ip_1799,m_0190,73.85,0
tx_009492,2025-04-09 21:00:00,u_01314,d_0436,ip_1656,m_0135,69.17,0
tx_009493,2025-04-09 21:15:00,u_01107,d_1196,ip_0788,m_0192,92.79,0
tx_009494,2025-04-09 21:30:00,u_01456,d_1770,ip_0829,m_0147,87.54,0
tx_009495,2025-04-09 21:45:00,u_01542,d_1609,ip_1022,m_0111,24.02,0
tx_009496,2025-04-09 22:00:00,u_00987,d_0745,ip_0937,m_0004,170.37,0
tx_009497,2025-04-09 22:15:00,u_02172,d_1508,ip_2106,m_0082,184.37,0
tx_009498,2025-04-09 22:30:00,u_02295,d_1113,ip_1925,m_0264,123.24,0
tx_009499,2025-04-09 22:45:00,u_00277,d_0239,ip_1969,m_0226,190.08,0
tx_009500,2025-04-09 23:00:00,u_02300,d_0431,ip_1336,m_0139,192.12,0
tx_009501,2025-04-09 23:15:00,u_00491,d_1722,ip_0420,m_0009,39.8,0
tx_009502,2025-04-09 23:30:00,u_00621,d_1647,ip_0316,m_0295,198.07,0
tx_009503,2025-04-09 23:45:00,u_01324,d_1605,ip_0603,m_0221,259.44,0
tx_009504,2025-04-10 00:00:00,u_00073,d_0691,ip_1432,m_0006,30.05,0
tx_009505,2025-04-10 00:15:00,u_00910,d_0577,ip_0801,m_0063,641.06,0
tx_009506,2025-04-10 00:30:00,u_00486,d_1450,ip_1441,m_0051,43.13,0
tx_009507,2025-04-10 00:45:00,u_01206,d_0036,ip_1935,m_0270,47.55,0
tx_009508,2025-04-10 01:00:00,u_02036,d_1615,ip_0735,m_0286,181.63,0
tx_009509,2025-04-10 01:15:00,u_02310,d_1087,ip_2040,m_0124,253.33,0
tx_009510,2025-04-10 01:30:00,u_00530,d_1138,ip_1126,m_0053,323.01,0
tx_009511,2025-04-10 01:45:00,u_01362,d_0789,ip_1765,m_0192,260.08,0
tx_009512,2025-04-10 02:00:00,u_01186,d_1762,ip_0131,m_0081,88.26,0
tx_009513,2025-04-10 02:15:00,u_01037,d_1349,ip_0606,m_0036,165.43,0
tx_009514,2025-04-10 02:30:00,u_01581,d_0096,ip_2047,m_0077,108.13,0
tx_009515,2025-04-10 02:45:00,u_02473,d_0944,ip_1951,m_0076,176.67,0
tx_009516,2025-04-10 03:00:00,ring_u_17_7,ring_d_17,ring_ip_17,ring_m_1,4777.34,1
tx_009517,2025-04-10 03:15:00,u_00163,d_0137,ip_0072,m_0210,89.58,0
tx_009518,2025-04-10 03:30:00,u_02289,d_1326,ip_0131,m_0105,104.88,0
tx_009519,2025-04-10 03:45:00,ring_u_5_13,ring_d_5,ring_ip_5,ring_m_5,2512.07,1
tx_009520,2025-04-10 04:00:00,u_00805,d_0911,ip_1975,m_0165,340.4,0
tx_009521,2025-04-10 04:15:00,u_01254,d_1588,ip_0830,m_0231,199.85,0
tx_009522,2025-04-10 04:30:00,ring_u_23_4,ring_d_23,ring_ip_23,ring_m_7,4528.16,1
tx_009523,2025-04-10 04:45:00,u_01259,d_0067,ip_1177,m_0169,328.05,0
tx_009524,2025-04-10 05:00:00,u_01202,d_0037,ip_0296,m_0251,140.75,0
tx_009525,2025-04-10 05:15:00,u_02304,d_1326,ip_1233,m_0170,58.16,0
tx_009526,2025-04-10 05:30:00,u_02072,d_1675,ip_0801,m_0007,53.23,0
tx_009527,2025-04-10 05:45:00,u_01268,d_0525,ip_0495,m_0257,74.57,0
tx_009528,2025-04-10 06:00:00,u_00403,d_1683,ip_1485,m_0230,58.47,0
tx_009529,2025-04-10 06:15:00,ring_u_1_10,ring_d_1,ring_ip_1,ring_m_1,1155.09,1
tx_009530,2025-04-10 06:30:00,u_01691,d_0105,ip_1992,m_0115,812.92,0
tx_009531,2025-04-10 06:45:00,u_00681,d_0955,ip_1767,m_0268,215.1,0
tx_009532,2025-04-10 07:00:00,u_01343,d_1752,ip_1720,m_0127,1136.84,0
tx_009533,2025-04-10 07:15:00,ring_u_17_16,ring_d_17,ring_ip_17,ring_m_1,4770.35,1
tx_009534,2025-04-10 07:30:00,u_00212,d_1729,ip_2113,m_0219,264.88,0
tx_009535,2025-04-10 07:45:00,u_01424,d_1173,ip_1085,m_0098,61.52,0
tx_009536,2025-04-10 08:00:00,u_01843,d_0712,ip_1612,m_0121,125.46,0
tx_009537,2025-04-10 08:15:00,u_00535,d_1248,ip_0421,m_0233,136.77,0
tx_009538,2025-04-10 08:30:00,u_01371,d_0721,ip_1689,m_0066,275.91,0
tx_009539,2025-04-10 08:45:00,u_01773,d_0153,ip_0703,m_0003,141.25,0
tx_009540,2025-04-10 09:00:00,ring_u_23_11,ring_d_23,ring_ip_23,ring_m_7,2029.93,1
tx_009541,2025-04-10 09:15:00,u_01610,d_0673,ip_0610,m_0051,203.47,0
tx_009542,2025-04-10 09:30:00,u_00649,d_1018,ip_2051,m_0108,109.63,0
tx_009543,2025-04-10 09:45:00,u_00993,d_1339,ip_1558,m_0021,98.92,0
tx_009544,2025-04-10 10:00:00,u_01620,d_0149,ip_0995,m_0176,76.02,0
tx_009545,2025-04-10 10:15:00,u_00011,d_1298,ip_1003,m_0153,438.04,0
tx_009546,2025-04-10 10:30:00,u_00041,d_0657,ip_0000,m_0081,109.68,0
tx_009547,2025-04-10 10:45:00,u_01116,d_0980,ip_0658,m_0188,206.21,0
tx_009548,2025-04-10 11:00:00,ring_u_7_11,ring_d_7,ring_ip_7,ring_m_7,533.95,1
tx_009549,2025-04-10 11:15:00,u_00015,d_1399,ip_1828,m_0003,429.5,0
tx_009550,2025-04-10 11:30:00,ring_u_3_5,ring_d_3,ring_ip_3,ring_m_3,132.18,1
tx_009551,2025-04-10 11:45:00,u_00187,d_0193,ip_0188,m_0048,200.93,0
tx_009552,2025-04-10 12:00:00,u_01222,d_0739,ip_0551,m_0256,42.31,0
tx_009553,2025-04-10 12:15:00,u_01076,d_0212,ip_1685,m_0090,219.36,0
tx_009554,2025-04-10 12:30:00,u_01170,d_0436,ip_0794,m_0128,128.18,0
tx_009555,2025-04-10 12:45:00,u_00204,d_1183,ip_0546,m_0088,33.84,0
tx_009556,2025-04-10 13:00:00,u_01883,d_1473,ip_0619,m_0130,208.02,0
tx_009557,2025-04-10 13:15:00,u_00689,d_1248,ip_2019,m_0029,185.71,0
tx_009558,2025-04-10 13:30:00,u_01927,d_0571,ip_1887,m_0280,117.78,0
tx_009559,2025-04-10 13:45:00,u_01638,d_1466,ip_0012,m_0051,133.68,0
tx_009560,2025-04-10 14:00:00,u_01378,d_0730,ip_1849,m_0118,174.43,0
tx_009561,2025-04-10 14:15:00,u_00771,d_0325,ip_1224,m_0254,482.13,0
tx_009562,2025-04-10 14:30:00,u_01630,d_1361,ip_1857,m_0127,108.38,0
tx_009563,2025-04-10 14:45:00,u_02494,d_0930,ip_1368,m_0210,408.72,0
tx_009564,2025-04-10 15:00:00,u_02307,d_0667,ip_1514,m_0020,142.96,0
tx_009565,2025-04-10 15:15:00,u_02290,d_1189,ip_1270,m_0088,542.25,0
tx_009566,2025-04-10 15:30:00,u_00549,d_1304,ip_1616,m_0227,117.31,0
tx_009567,2025-04-10 15:45:00,u_01463,d_0402,ip_1793,m_0079,76.22,0
tx_009568,2025-04-10 16:00:00,u_00994,d_0211,ip_1118,m_0124,49.52,0
tx_009569,2025-04-10 16:15:00,u_02417,d_0930,ip_0246,m_0024,143.48,0
tx_009570,2025-04-10 16:30:00,u_02375,d_0092,ip_0204,m_0151,67.14,0
tx_009571,2025-04-10 16:45:00,u_02170,d_1149,ip_0914,m_0104,604.55,0
tx_009572,2025-04-10 17:00:00,u_00406,d_0791,ip_1041,m_0258,62.1,0
tx_009573,2025-04-10 17:15:00,u_00797,d_0386,ip_1900,m_0119,74.44,0
tx_009574,2025-04-10 17:30:00,u_01778,d_1077,ip_0072,m_0248,265.36,0
tx_009575,2025-04-10 17:45:00,u_01873,d_0676,ip_1955,m_0271,485.8,0
tx_009576,2025-04-10 18:00:00,ring_u_11_0,ring_d_11,ring_ip_11,ring_m_3,1810.74,1
tx_009577,2025-04-10 18:15:00,u_00342,d_0389,ip_1096,m_0222,427.81,0
tx_009578,2025-04-10 18:30:00,u_00342,d_1216,ip_0929,m_0175,136.97,0
tx_009579,2025-04-10 18:45:00,u_01711,d_1625,ip_1227,m_0143,138.92,0
tx_009580,2025-04-10 19:00:00,u_01135,d_1113,ip_0093,m_0024,1109.6,0
tx_009581,2025-04-10 19:15:00,u_01227,d_0426,ip_1680,m_0040,804.54,0
tx_009582,2025-04-10 19:30:00,u_02038,d_1500,ip_0295,m_0114,303.14,0
tx_009583,2025-04-10 19:45:00,u_00042,d_0217,ip_1715,m_0196,448.81,0
tx_009584,2025-04-10 20:00:00,u_01886,d_0521,ip_1247,m_0001,350.21,0
tx_009585,2025-04-10 20:15:00,u_00685,d_0063,ip_1953,m_0280,44.43,0
tx_009586,2025-04-10 20:30:00,u_02328,d_1527,ip_2153,m_0297,142.64,0
tx_009587,2025-04-10 20:45:00,u_02388,d_0080,ip_1856,m_0023,663.0,0
tx_009588,2025-04-10 21:00:00,u_01255,d_0983,ip_0994,m_0028,305.01,0
tx_009589,2025-04-10 21:15:00,u_00789,d_0344,ip_0911,m_0254,139.27,0
tx_009590,2025-04-10 21:30:00,u_00582,d_0381,ip_1458,m_0059,670.99,0
tx_009591,2025-04-10 21:45:00,u_00453,d_1094,ip_1429,m_0054,214.71,0
tx_009592,2025-04-10 22:00:00,u_02498,d_1446,ip_1738,m_0056,315.95,0
tx_009593,2025-04-10 22:15:00,u_00468,d_0031,ip_1063,m_0210,215.84,0
tx_009594,2025-04-10 22:30:00,u_01116,d_0285,ip_1017,m_0039,254.97,0
tx_009595,2025-04-10 22:45:00,u_01198,d_0516,ip_0259,m_0055,273.87,0
tx_009596,2025-04-10 23:00:00,u_01697,d_1698,ip_0371,m_0119,544.39,0
tx_009597,2025-04-10 23:15:00,u_02106,d_0104,ip_1807,m_0180,620.15,0
tx_009598,2025-04-10 23:30:00,u_01394,d_0321,ip_2176,m_0297,94.53,0
tx_009599,2025-04-10 23:45:00,u_01895,d_0726,ip_1323,m_0071,211.77,0
tx_009600,2025-04-11 00:00:00,u_01416,d_0586,ip_0757,m_0076,529.01,0
tx_009601,2025-04-11 00:15:00,u_01092,d_0087,ip_0127,m_0162,130.12,0
tx_009602,2025-04-11 00:30:00,u_00394,d_0972,ip_0095,m_0125,40.09,0
tx_009603,2025-04-11 00:45:00,ring_u_3_7,ring_d_3,ring_ip_3,ring_m_3,29.92,1
tx_009604,2025-04-11 01:00:00,u_01081,d_0318,ip_1411,m_0073,64.1,0
tx_009605,2025-04-11 01:15:00,u_00115,d_1239,ip_0622,m_0185,93.86,0
tx_009606,2025-04-11 01:30:00,u_00790,d_0102,ip_0415,m_0277,70.37,0
tx_009607,2025-04-11 01:45:00,u_01156,d_1316,ip_0152,m_0204,415.34,0
tx_009608,2025-04-11 02:00:00,u_01181,d_0466,ip_1501,m_0220,112.53,0
tx_009609,2025-04-11 02:15:00,u_02036,d_0403,ip_1334,m_0020,523.8,0
tx_009610,2025-04-11 02:30:00,u_02419,d_0353,ip_0733,m_0270,47.93,0
tx_009611,2025-04-11 02:45:00,u_01824,d_1563,ip_1610,m_0211,104.24,0
tx_009612,2025-04-11 03:00:00,u_00198,d_0903,ip_1859,m_0188,164.72,0
tx_009613,2025-04-11 03:15:00,u_01021,d_1242,ip_1138,m_0046,333.84,0
tx_009614,2025-04-11 03:30:00,u_01824,d_0367,ip_0577,m_0166,465.74,0
tx_009615,2025-04-11 03:45:00,u_01486,d_0101,ip_0012,m_0203,86.63,0
tx_009616,2025-04-11 04:00:00,u_01144,d_0068,ip_1749,m_0187,400.78,0
tx_009617,2025-04-11 04:15:00,u_01090,d_0793,ip_1269,m_0037,27.61,0
tx_009618,2025-04-11 04:30:00,u_01014,d_0587,ip_0764,m_0012,354.72,0
tx_009619,2025-04-11 04:45:00,u_01447,d_1381,ip_0014,m_0143,38.82,0
tx_009620,2025-04-11 05:00:00,u_00446,d_1419,ip_1790,m_0215,231.98,0
tx_009621,2025-04-11 05:15:00,u_01293,d_0559,ip_2038,m_0116,459.06,0
tx_009622,2025-04-11 05:30:00,u_00514,d_0780,ip_1058,m_0206,360.41,0
tx_009623,2025-04-11 05:45:00,u_01702,d_0686,ip_0588,m_0290,28.81,0
tx_009624,2025-04-11 06:00:00,u_02161,d_1215,ip_1363,m_0266,94.89,0
tx_009625,2025-04-11 06:15:00,u_01269,d_1133,ip_1916,m_0189,303.97,0
tx_009626,2025-04-11 06:30:00,u_00968,d_1171,ip_1292,m_0218,295.39,0
tx_009627,2025-04-11 06:45:00,u_02351,d_0099,ip_0026,m_0026,195.57,0
tx_009628,2025-04-11 07:00:00,u_01649,d_0608,ip_0429,m_0025,16.42,0
tx_009629,2025-04-11 07:15:00,u_01070,d_1740,ip_0213,m_0210,491.79,0
tx_009630,2025-04-11 07:30:00,u_00071,d_0615,ip_0904,m_0240,587.73,0
tx_009631,2025-04-11 07:45:00,u_00039,d_0314,ip_0993,m_0058,174.82,0
tx_009632,2025-04-11 08:00:00,u_00553,d_0359,ip_1178,m_0177,186.53,0
tx_009633,2025-04-11 08:15:00,u_00590,d_0048,ip_1668,m_0085,245.44,0
tx_009634,2025-04-11 08:30:00,u_01803,d_1405,ip_0247,m_0032,639.34,0
tx_009635,2025-04-11 08:45:00,u_01251,d_0009,ip_2073,m_0113,190.67,0
tx_009636,2025-04-11 09:00:00,u_02499,d_1073,ip_0579,m_0134,122.59,0
tx_009637,2025-04-11 09:15:00,u_01351,d_0719,ip_1146,m_0232,217.35,0
tx_009638,2025-04-11 09:30:00,u_02257,d_0170,ip_0463,m_0259,146.77,0
tx_009639,2025-04-11 09:45:00,u_01380,d_1591,ip_0782,m_0283,148.45,0
tx_009640,2025-04-11 10:00:00,u_00895,d_1335,ip_1831,m_0031,25.38,0
tx_009641,2025-04-11 10:15:00,u_01786,d_1475,ip_0098,m_0277,250.34,0
tx_009642,2025-04-11 10:30:00,u_01123,d_1685,ip_1063,m_0155,478.88,0
tx_009643,2025-04-11 10:45:00,u_00686,d_1641,ip_1284,m_0051,411.73,0
tx_009644,2025-04-11 11:00:00,u_01183,d_1261,ip_1253,m_0194,384.13,0
tx_009645,2025-04-11 11:15:00,u_01662,d_0960,ip_0836,m_0018,140.75,0
tx_009646,2025-04-11 11:30:00,u_00938,d_1254,ip_0831,m_0138,171.69,0
tx_009647,2025-04-11 11:45:00,u_01760,d_0807,ip_2000,m_0248,488.53,0
tx_009648,2025-04-11 12:00:00,u_02451,d_0326,ip_0530,m_0291,353.31,0
tx_009649,2025-04-11 12:15:00,u_01028,d_0694,ip_1056,m_0086,656.13,0
tx_009650,2025-04-11 12:30:00,u_00738,d_0840,ip_0801,m_0052,75.74,0
tx_009651,2025-04-11 12:45:00,u_01005,d_0083,ip_1683,m_0174,75.27,0
tx_009652,2025-04-11 13:00:00,u_02095,d_1525,ip_1772,m_0047,106.42,0
tx_009653,2025-04-11 13:15:00,u_00447,d_1637,ip_1866,m_0293,57.8,0
tx_009654,2025-04-11 13:30:00,u_02434,d_0755,ip_0186,m_0098,39.59,0
tx_009655,2025-04-11 13:45:00,u_01034,d_0893,ip_0216,m_0055,237.14,0
tx_009656,2025-04-11 14:00:00,u_02104,d_1513,ip_0825,m_0071,221.53,0
tx_009657,2025-04-11 14:15:00,u_01967,d_0819,ip_0969,m_0112,189.85,0
tx_009658,2025-04-11 14:30:00,u_01958,d_1238,ip_0138,m_0222,211.4,0
tx_009659,2025-04-11 14:45:00,u_02272,d_0927,ip_1966,m_0260,34.34,0
tx_009660,2025-04-11 15:00:00,u_00462,d_0488,ip_1973,m_0220,91.83,0
tx_009661,2025-04-11 15:15:00,u_01484,d_1429,ip_0933,m_0194,110.67,0
tx_009662,2025-04-11 15:30:00,u_00247,d_0346,ip_1692,m_0081,155.79,0
tx_009663,2025-04-11 15:45:00,u_00748,d_0404,ip_1243,m_0281,34.48,0
tx_009664,2025-04-11 16:00:00,u_00101,d_1244,ip_1445,m_0299,58.69,0
tx_009665,2025-04-11 16:15:00,u_01705,d_1277,ip_1920,m_0189,95.92,0
tx_009666,2025-04-11 16:30:00,ring_u_16_6,ring_d_16,ring_ip_16,ring_m_0,740.22,1
tx_009667,2025-04-11 16:45:00,u_01850,d_1279,ip_0511,m_0091,192.84,0
tx_009668,2025-04-11 17:00:00,u_00440,d_0044,ip_0941,m_0134,412.22,0
tx_009669,2025-04-11 17:15:00,u_00830,d_1529,ip_1968,m_0241,131.31,0
tx_009670,2025-04-11 17:30:00,u_01690,d_0745,ip_1302,m_0127,148.56,0
tx_009671,2025-04-11 17:45:00,u_02066,d_0015,ip_0873,m_0227,244.47,0
tx_009672,2025-04-11 18:00:00,u_02214,d_1042,ip_0063,m_0257,124.31,0
tx_009673,2025-04-11 18:15:00,u_00184,d_0306,ip_1304,m_0280,79.46,0
tx_009674,2025-04-11 18:30:00,u_01006,d_0748,ip_0593,m_0087,33.46,0
tx_009675,2025-04-11 18:45:00,u_00026,d_0847,ip_0721,m_0142,81.62,0
tx_009676,2025-04-11 19:00:00,u_02046,d_0133,ip_2190,m_0115,342.47,0
tx_009677,2025-04-11 19:15:00,u_00307,d_1530,ip_1159,m_0150,523.57,0
tx_009678,2025-04-11 19:30:00,u_02055,d_0918,ip_0305,m_0222,68.5,0
tx_009679,2025-04-11 19:45:00,u_00390,d_1737,ip_0108,m_0097,26.21,0
tx_009680,2025-04-11 20:00:00,u_00038,d_0836,ip_0854,m_0069,374.88,0
tx_009681,2025-04-11 20:15:00,u_02197,d_1070,ip_0143,m_0080,159.06,0
tx_009682,2025-04-11 20:30:00,u_01097,d_1462,ip_0943,m_0229,38.59,0
tx_009683,2025-04-11 20:45:00,u_01062,d_0381,ip_0912,m_0298,6.61,0
tx_009684,2025-04-11 21:00:00,u_01616,d_1636,ip_1934,m_0030,56.63,0
tx_009685,2025-04-11 21:15:00,u_00687,d_0332,ip_0736,m_0293,93.42,0
tx_009686,2025-04-11 21:30:00,u_01726,d_1792,ip_0607,m_0009,46.92,0
tx_009687,2025-04-11 21:45:00,u_01072,d_1150,ip_1354,m_0158,296.46,0
tx_009688,2025-04-11 22:00:00,u_00681,d_0933,ip_1405,m_0040,65.85,0
tx_009689,2025-04-11 22:15:00,u_00987,d_0378,ip_0083,m_0286,150.27,0
tx_009690,2025-04-11 22:30:00,u_00015,d_1024,ip_0184,m_0228,1593.18,0
tx_009691,2025-04-11 22:45:00,u_00753,d_0995,ip_0368,m_0106,166.91,0
tx_009692,2025-04-11 23:00:00,u_01478,d_1770,ip_1709,m_0205,132.22,0
tx_009693,2025-04-11 23:15:00,ring_u_19_12,ring_d_19,ring_ip_19,ring_m_3,619.6,1
tx_009694,2025-04-11 23:30:00,u_00296,d_0869,ip_2183,m_0065,289.75,0
tx_009695,2025-04-11 23:45:00,u_01639,d_0701,ip_0969,m_0190,255.98,0
tx_009696,2025-04-12 00:00:00,u_01070,d_0696,ip_2053,m_0089,54.4,0
tx_009697,2025-04-12 00:15:00,u_00341,d_0681,ip_0543,m_0215,98.38,0
tx_009698,2025-04-12 00:30:00,u_01869,d_0024,ip_0932,m_0170,76.15,0
tx_009699,2025-04-12 00:45:00,u_01938,d_0065,ip_0302,m_0215,111.87,0
tx_009700,2025-04-12 01:00:00,u_00086,d_1352,ip_1861,m_0191,922.07,0
tx_009701,2025-04-12 01:15:00,u_00504,d_0457,ip_1314,m_0190,275.19,0
tx_009702,2025-04-12 01:30:00,u_00925,d_0740,ip_0166,m_0025,137.04,0
tx_009703,2025-04-12 01:45:00,u_01828,d_1256,ip_1636,m_0255,515.19,0
tx_009704,2025-04-12 02:00:00,u_00185,d_1093,ip_1951,m_0051,179.19,0
tx_009705,2025-04-12 02:15:00,u_02013,d_0648,ip_1507,m_0117,28.85,0
tx_009706,2025-04-12 02:30:00,u_00798,d_1354,ip_1778,m_0153,783.65,0
tx_009707,2025-04-12 02:45:00,u_00313,d_0284,ip_0607,m_0254,126.93,0
tx_009708,2025-04-12 03:00:00,u_02158,d_0850,ip_0950,m_0188,15.55,0
tx_009709,2025-04-12 03:15:00,ring_u_20_17,ring_d_20,ring_ip_20,ring_m_4,2506.04,1
tx_009710,2025-04-12 03:30:00,u_00323,d_0956,ip_1337,m_0085,458.37,0
tx_009711,2025-04-12 03:45:00,u_02373,d_0171,ip_1346,m_0059,30.47,0
tx_009712,2025-04-12 04:00:00,u_01298,d_1694,ip_1687,m_0177,572.05,0
tx_009713,2025-04-12 04:15:00,u_01157,d_1186,ip_1352,m_0215,160.94,0
tx_009714,2025-04-12 04:30:00,u_01718,d_0441,ip_0278,m_0212,303.05,0
tx_009715,2025-04-12 04:45:00,ring_u_22_1,ring_d_22,ring_ip_22,ring_m_6,814.81,1
tx_009716,2025-04-12 05:00:00,u_01533,d_0629,ip_1712,m_0210,250.48,0
tx_009717,2025-04-12 05:15:00,u_00058,d_0933,ip_0532,m_0270,203.68,0
tx_009718,2025-04-12 05:30:00,u_01379,d_0301,ip_1464,m_0271,142.8,0
tx_009719,2025-04-12 05:45:00,u_00696,d_0900,ip_1044,m_0082,51.14,0
tx_009720,2025-04-12 06:00:00,u_02019,d_0192,ip_1364,m_0091,212.41,0
tx_009721,2025-04-12 06:15:00,u_01263,d_0275,ip_0523,m_0016,24.12,0
tx_009722,2025-04-12 06:30:00,u_00309,d_1051,ip_0682,m_0080,376.72,0
tx_009723,2025-04-12 06:45:00,u_02215,d_0901,ip_1513,m_0152,180.73,0
tx_009724,2025-04-12 07:00:00,u_00710,d_0528,ip_0377,m_0197,236.09,0
tx_009725,2025-04-12 07:15:00,u_00678,d_0107,ip_0678,m_0262,10.84,0
tx_009726,2025-04-12 07:30:00,u_02340,d_0762,ip_2195,m_0178,48.15,0
tx_009727,2025-04-12 07:45:00,u_01937,d_1666,ip_0334,m_0291,89.5,0
tx_009728,2025-04-12 08:00:00,u_02148,d_1274,ip_1270,m_0165,291.1,0
tx_009729,2025-04-12 08:15:00,u_01655,d_0104,ip_0333,m_0257,57.81,0
tx_009730,2025-04-12 08:30:00,u_02276,d_1688,ip_1555,m_0242,1896.95,0
tx_009731,2025-04-12 08:45:00,u_00288,d_0762,ip_0279,m_0146,114.06,0
tx_009732,2025-04-12 09:00:00,u_01499,d_1036,ip_1262,m_0261,53.73,0
tx_009733,2025-04-12 09:15:00,u_00733,d_0001,ip_0967,m_0259,123.12,0
tx_009734,2025-04-12 09:30:00,u_00996,d_0558,ip_1521,m_0093,57.34,0
tx_009735,2025-04-12 09:45:00,u_00594,d_1415,ip_0006,m_0064,45.41,0
tx_009736,2025-04-12 10:00:00,u_00512,d_0595,ip_1135,m_0036,407.88,0
tx_009737,2025-04-12 10:15:00,u_01106,d_0299,ip_1193,m_0276,247.95,0
tx_009738,2025-04-12 10:30:00,u_02295,d_0163,ip_0529,m_0132,248.67,0
tx_009739,2025-04-12 10:45:00,u_01588,d_1664,ip_0656,m_0170,532.06,0
tx_009740,2025-04-12 11:00:00,u_00873,d_1463,ip_1554,m_0081,241.45,0
tx_009741,2025-04-12 11:15:00,u_01083,d_0079,ip_1215,m_0116,51.04,0
tx_009742,2025-04-12 11:30:00,u_01324,d_1665,ip_1273,m_0120,301.46,0
tx_009743,2025-04-12 11:45:00,u_00611,d_1477,ip_2057,m_0174,48.1,0
tx_009744,2025-04-12 12:00:00,u_01303,d_0647,ip_0891,m_0052,92.02,0
tx_009745,2025-04-12 12:15:00,u_01739,d_1181,ip_1911,m_0235,141.78,0
tx_009746,2025-04-12 12:30:00,u_00607,d_0464,ip_2143,m_0117,128.1,0
tx_009747,2025-04-12 12:45:00,u_01461,d_0449,ip_1268,m_0072,24.75,0
tx_009748,2025-04-12 13:00:00,u_01770,d_1286,ip_0466,m_0004,56.4,0
tx_009749,2025-04-12 13:15:00,u_01298,d_0364,ip_0919,m_0030,145.11,0
tx_009750,2025-04-12 13:30:00,u_00729,d_0639,ip_0102,m_0080,80.59,0
tx_009751,2025-04-12 13:45:00,u_01386,d_0643,ip_1536,m_0219,457.72,0
tx_009752,2025-04-12 14:00:00,u_01983,d_0270,ip_0601,m_0256,543.2,0
tx_009753,2025-04-12 14:15:00,u_00554,d_1491,ip_2030,m_0285,48.41,0
tx_009754,2025-04-12 14:30:00,u_01436,d_1212,ip_1436,m_0089,157.55,0
tx_009755,2025-04-12 14:45:00,u_01701,d_1551,ip_1077,m_0191,722.5,0
tx_009756,2025-04-12 15:00:00,u_00803,d_0943,ip_0410,m_0080,129.77,0
tx_009757,2025-04-12 15:15:00,ring_u_4_16,ring_d_4,ring_ip_4,ring_m_4,1116.93,1
tx_009758,2025-04-12 15:30:00,u_02222,d_0503,ip_1479,m_0162,350.8,0
tx_009759,2025-04-12 15:45:00,u_00908,d_0636,ip_1685,m_0193,112.82,0
tx_009760,2025-04-12 16:00:00,u_01495,d_1695,ip_0585,m_0228,528.94,0
tx_009761,2025-04-12 16:15:00,u_00374,d_0427,ip_0023,m_0034,81.88,0
tx_009762,2025-04-12 16:30:00,u_02314,d_1247,ip_0703,m_0224,92.33,0
tx_009763,2025-04-12 16:45:00,u_01492,d_0220,ip_1682,m_0091,327.06,0
tx_009764,2025-04-12 17:00:00,u_01900,d_1720,ip_1276,m_0083,164.11,0
tx_009765,2025-04-12 17:15:00,ring_u_14_10,ring_d_14,ring_ip_14,ring_m_6,4077.91,1
tx_009766,2025-04-12 17:30:00,u_00888,d_0775,ip_0252,m_0061,21.99,0
tx_009767,2025-04-12 17:45:00,u_00850,d_0622,ip_0234,m_0146,104.23,0
tx_009768,2025-04-12 18:00:00,u_01753,d_0638,ip_1667,m_0056,352.14,0
tx_009769,2025-04-12 18:15:00,u_02149,d_0405,ip_1719,m_0096,67.78,0
tx_009770,2025-04-12 18:30:00,u_00319,d_1079,ip_0897,m_0159,299.07,0
tx_009771,2025-04-12 18:45:00,u_02113,d_1558,ip_1516,m_0029,194.03,0
tx_009772,2025-04-12 19:00:00,u_02075,d_0434,ip_0046,m_0262,121.55,0
tx_009773,2025-04-12 19:15:00,u_00272,d_1346,ip_1236,m_0092,576.95,0
tx_009774,2025-04-12 19:30:00,u_00270,d_1019,ip_0598,m_0227,105.65,0
tx_009775,2025-04-12 19:45:00,u_01737,d_1392,ip_1805,m_0194,113.28,0
tx_009776,2025-04-12 20:00:00,u_02107,d_1385,ip_1075,m_0225,120.16,0
tx_009777,2025-04-12 20:15:00,u_00984,d_0070,ip_1873,m_0086,160.86,0
tx_009778,2025-04-12 20:30:00,u_01601,d_0038,ip_1238,m_0051,319.56,0
tx_009779,2025-04-12 20:45:00,u_02499,d_1647,ip_1006,m_0042,34.04,0
tx_009780,2025-04-12 21:00:00,u_00806,d_0279,ip_2083,m_0068,353.56,0
tx_009781,2025-04-12 21:15:00,u_00562,d_1034,ip_2191,m_0163,158.87,0
tx_009782,2025-04-12 21:30:00,ring_u_13_13,ring_d_13,ring_ip_13,ring_m_5,707.01,1
tx_009783,2025-04-12 21:45:00,u_00701,d_0906,ip_0786,m_0225,1622.71,0
tx_009784,2025-04-12 22:00:00,u_01181,d_0011,ip_1421,m_0289,88.97,0
tx_009785,2025-04-12 22:15:00,u_01105,d_0019,ip_0377,m_0249,43.61,0
tx_009786,2025-04-12 22:30:00,u_01308,d_1205,ip_0849,m_0107,180.15,0
tx_009787,2025-04-12 22:45:00,u_00671,d_1615,ip_1861,m_0141,211.07,0
tx_009788,2025-04-12 23:00:00,u_01697,d_0618,ip_1973,m_0286,354.82,0
tx_009789,2025-04-12 23:15:00,u_01729,d_0979,ip_0914,m_0213,86.63,0
tx_009790,2025-04-12 23:30:00,u_00501,d_1680,ip_0858,m_0125,64.71,0
tx_009791,2025-04-12 23:45:00,u_01202,d_1485,ip_1923,m_0249,32.04,0
tx_009792,2025-04-13 00:00:00,u_00143,d_0972,ip_0444,m_0040,37.81,0
tx_009793,2025-04-13 00:15:00,u_00552,d_1179,ip_0134,m_0201,97.91,0
tx_009794,2025-04-13 00:30:00,u_02468,d_1730,ip_0160,m_0284,132.08,0
tx_009795,2025-04-13 00:45:00,u_01265,d_1434,ip_0244,m_0158,1170.44,0
tx_009796,2025-04-13 01:00:00,u_01556,d_0748,ip_1935,m_0183,27.31,0
tx_009797,2025-04-13 01:15:00,u_02221,d_1247,ip_0088,m_0017,207.56,0
tx_009798,2025-04-13 01:30:00,u_01784,d_0592,ip_0731,m_0181,71.81,0
tx_009799,2025-04-13 01:45:00,ring_u_7_5,ring_d_7,ring_ip_7,ring_m_7,757.52,1
tx_009800,2025-04-13 02:00:00,u_01780,d_0168,ip_1340,m_0298,85.35,0
tx_009801,2025-04-13 02:15:00,u_01247,d_0405,ip_1830,m_0095,417.96,0
tx_009802,2025-04-13 02:30:00,u_01581,d_0622,ip_2158,m_0094,415.38,0
tx_009803,2025-04-13 02:45:00,u_00721,d_0363,ip_0885,m_0118,132.54,0
tx_009804,2025-04-13 03:00:00,u_02226,d_1071,ip_0512,m_0209,625.85,0
tx_009805,2025-04-13 03:15:00,u_00449,d_1282,ip_0199,m_0285,317.38,0
tx_009806,2025-04-13 03:30:00,u_02210,d_1602,ip_1961,m_0103,597.38,0
tx_009807,2025-04-13 03:45:00,u_02195,d_0902,ip_0821,m_0062,142.15,0
tx_009808,2025-04-13 04:00:00,u_00355,d_1118,ip_1976,m_0229,384.44,0
tx_009809,2025-04-13 04:15:00,u_01775,d_1078,ip_0765,m_0162,68.84,0
tx_009810,2025-04-13 04:30:00,u_02474,d_0006,ip_1663,m_0136,62.2,0
tx_009811,2025-04-13 04:45:00,u_01430,d_1275,ip_1415,m_0297,1312.68,0
tx_009812,2025-04-13 05:00:00,u_00850,d_0041,ip_1569,m_0148,50.11,0
tx_009813,2025-04-13 05:15:00,u_02198,d_0985,ip_1434,m_0185,95.96,0
tx_009814,2025-04-13 05:30:00,ring_u_22_17,ring_d_22,ring_ip_22,ring_m_6,1126.81,1
tx_009815,2025-04-13 05:45:00,u_00304,d_1417,ip_0226,m_0062,63.7,0
tx_009816,2025-04-13 06:00:00,u_00623,d_0911,ip_0023,m_0270,54.91,0
tx_009817,2025-04-13 06:15:00,u_01706,d_0573,ip_0924,m_0288,75.92,0
tx_009818,2025-04-13 06:30:00,u_01138,d_1506,ip_1961,m_0141,200.31,0
tx_009819,2025-04-13 06:45:00,u_00541,d_1546,ip_1413,m_0100,254.94,0
tx_009820,2025-04-13 07:00:00,u_01997,d_0662,ip_1483,m_0048,54.23,0
tx_009821,2025-04-13 07:15:00,u_00301,d_0193,ip_0569,m_0014,67.38,0
tx_009822,2025-04-13 07:30:00,ring_u_8_12,ring_d_8,ring_ip_8,ring_m_0,2269.55,1
tx_009823,2025-04-13 07:45:00,u_01164,d_1141,ip_0895,m_0129,816.72,0
tx_009824,2025-04-13 08:00:00,u_00098,d_1681,ip_0299,m_0200,521.09,0
tx_009825,2025-04-13 08:15:00,u_00968,d_1602,ip_1350,m_0072,28.61,0
tx_009826,2025-04-13 08:30:00,u_02274,d_0412,ip_0799,m_0097,487.56,0
tx_009827,2025-04-13 08:45:00,u_02352,d_0454,ip_0886,m_0245,947.37,0
tx_009828,2025-04-13 09:00:00,u_02179,d_1794,ip_1313,m_0196,27.22,0
tx_009829,2025-04-13 09:15:00,u_00809,d_0588,ip_0067,m_0065,438.21,0
tx_009830,2025-04-13 09:30:00,u_00162,d_0825,ip_2059,m_0001,185.9,0
tx_009831,2025-04-13 09:45:00,u_02037,d_0549,ip_0489,m_0245,107.0,0
tx_009832,2025-04-13 10:00:00,u_00933,d_0708,ip_1494,m_0024,165.04,0
tx_009833,2025-04-13 10:15:00,u_01872,d_1015,ip_1707,m_0010,231.19,0
tx_009834,2025-04-13 10:30:00,ring_u_18_2,ring_d_18,ring_ip_18,ring_m_2,66.0,1
tx_009835,2025-04-13 10:45:00,u_01669,d_0743,ip_0546,m_0278,448.55,0
tx_009836,2025-04-13 11:00:00,u_01465,d_0634,ip_0907,m_0193,32.89,0
tx_009837,2025-04-13 11:15:00,u_02301,d_0194,ip_1798,m_0012,77.58,0
tx_009838,2025-04-13 11:30:00,u_00254,d_1416,ip_1398,m_0275,162.97,0
tx_009839,2025-04-13 11:45:00,u_01019,d_1604,ip_1027,m_0281,714.95,0
tx_009840,2025-04-13 12:00:00,u_02474,d_0885,ip_1868,m_0209,9.7,0
tx_009841,2025-04-13 12:15:00,u_00974,d_0368,ip_1040,m_0022,80.57,0
tx_009842,2025-04-13 12:30:00,u_01645,d_1157,ip_1949,m_0004,32.2,0
tx_009843,2025-04-13 12:45:00,u_00402,d_0961,ip_1695,m_0261,37.74,0
tx_009844,2025-04-13 13:00:00,u_01821,d_0992,ip_0378,m_0246,397.71,0
tx_009845,2025-04-13 13:15:00,u_00689,d_1070,ip_0843,m_0249,87.19,0
tx_009846,2025-04-13 13:30:00,u_01430,d_1292,ip_0055,m_0145,14.39,0
tx_009847,2025-04-13 13:45:00,u_02199,d_0073,ip_0524,m_0178,126.67,0
tx_009848,2025-04-13 14:00:00,u_01652,d_0178,ip_0049,m_0051,1136.67,0
tx_009849,2025-04-13 14:15:00,u_01185,d_0172,ip_0231,m_0010,24.37,0
tx_009850,2025-04-13 14:30:00,u_00475,d_0278,ip_0009,m_0066,252.89,0
tx_009851,2025-04-13 14:45:00,u_00853,d_1749,ip_1478,m_0186,711.73,0
tx_009852,2025-04-13 15:00:00,u_02123,d_1314,ip_0901,m_0120,141.26,0
tx_009853,2025-04-13 15:15:00,u_00540,d_1196,ip_1033,m_0185,1020.45,0
tx_009854,2025-04-13 15:30:00,u_01640,d_1257,ip_1681,m_0132,76.72,0
tx_009855,2025-04-13 15:45:00,u_01212,d_0060,ip_1780,m_0167,630.14,0
tx_009856,2025-04-13 16:00:00,u_00802,d_0383,ip_1172,m_0285,497.67,0
tx_009857,2025-04-13 16:15:00,u_01791,d_1429,ip_1006,m_0189,143.66,0
tx_009858,2025-04-13 16:30:00,u_00905,d_0832,ip_1429,m_0286,33.54,0
tx_009859,2025-04-13 16:45:00,u_00716,d_0915,ip_0912,m_0290,54.5,0
tx_009860,2025-04-13 17:00:00,u_01323,d_1350,ip_0973,m_0185,14.24,0
tx_009861,2025-04-13 17:15:00,u_01894,d_0135,ip_0657,m_0298,268.85,0
tx_009862,2025-04-13 17:30:00,u_02160,d_1437,ip_0417,m_0074,238.48,0
tx_009863,2025-04-13 17:45:00,u_01574,d_1225,ip_0438,m_0156,160.65,0
tx_009864,2025-04-13 18:00:00,u_01654,d_0726,ip_1441,m_0022,131.27,0
tx_009865,2025-04-13 18:15:00,u_01968,d_0898,ip_1826,m_0027,576.86,0
tx_009866,2025-04-13 18:30:00,u_00673,d_0133,ip_0932,m_0039,199.9,0
tx_009867,2025-04-13 18:45:00,u_00627,d_0368,ip_0209,m_0040,85.23,0
tx_009868,2025-04-13 19:00:00,u_01209,d_0443,ip_1342,m_0123,171.95,0
tx_009869,2025-04-13 19:15:00,u_01577,d_1579,ip_1984,m_0216,1149.99,0
tx_009870,2025-04-13 19:30:00,u_01614,d_0202,ip_1160,m_0295,276.49,0
tx_009871,2025-04-13 19:45:00,u_00384,d_0524,ip_0059,m_0294,100.49,0
tx_009872,2025-04-13 20:00:00,u_01951,d_0237,ip_0180,m_0053,141.96,0
tx_009873,2025-04-13 20:15:00,u_00909,d_0512,ip_1148,m_0130,235.89,0
tx_009874,2025-04-13 20:30:00,u_02193,d_0019,ip_1895,m_0129,97.41,0
tx_009875,2025-04-13 20:45:00,u_01810,d_0490,ip_0128,m_0029,89.16,0
tx_009876,2025-04-13 21:00:00,u_02457,d_1302,ip_1657,m_0011,146.74,0
tx_009877,2025-04-13 21:15:00,u_01579,d_1381,ip_1715,m_0105,677.96,0
tx_009878,2025-04-13 21:30:00,u_01318,d_0682,ip_0113,m_0256,327.33,0
tx_009879,2025-04-13 21:45:00,ring_u_21_4,ring_d_21,ring_ip_21,ring_m_5,108.1,1
tx_009880,2025-04-13 22:00:00,u_00996,d_1113,ip_0008,m_0115,353.9,0
tx_009881,2025-04-13 22:15:00,u_02145,d_1625,ip_1245,m_0298,149.69,0
tx_009882,2025-04-13 22:30:00,u_00955,d_1448,ip_0384,m_0113,209.47,0
tx_009883,2025-04-13 22:45:00,u_00133,d_0412,ip_2016,m_0205,191.26,0
tx_009884,2025-04-13 23:00:00,u_00612,d_1059,ip_0200,m_0294,17.99,0
tx_009885,2025-04-13 23:15:00,u_01488,d_1415,ip_1428,m_0035,7.05,0
tx_009886,2025-04-13 23:30:00,u_01572,d_0550,ip_1731,m_0153,186.16,0
tx_009887,2025-04-13 23:45:00,u_02459,d_1031,ip_0392,m_0101,63.25,0
tx_009888,2025-04-14 00:00:00,u_02334,d_0720,ip_0555,m_0035,28.81,0
tx_009889,2025-04-14 00:15:00,u_01328,d_0555,ip_1752,m_0014,65.23,0
tx_009890,2025-04-14 00:30:00,u_01386,d_0358,ip_0204,m_0194,374.14,0
tx_009891,2025-04-14 00:45:00,ring_u_9_2,ring_d_9,ring_ip_9,ring_m_1,147.57,1
tx_009892,2025-04-14 01:00:00,u_00121,d_1349,ip_0550,m_0168,321.1,0
tx_009893,2025-04-14 01:15:00,u_01487,d_1474,ip_0028,m_0201,233.48,0
tx_009894,2025-04-14 01:30:00,u_01185,d_1173,ip_0993,m_0215,59.21,0
tx_009895,2025-04-14 01:45:00,u_01957,d_0433,ip_1070,m_0017,322.64,0
tx_009896,2025-04-14 02:00:00,u_02000,d_0033,ip_0763,m_0010,266.6,0
tx_009897,2025-04-14 02:15:00,u_01638,d_1137,ip_1787,m_0100,131.96,0
tx_009898,2025-04-14 02:30:00,u_01643,d_0359,ip_0211,m_0170,157.41,0
tx_009899,2025-04-14 02:45:00,u_01727,d_0987,ip_0945,m_0270,327.82,0
tx_009900,2025-04-14 03:00:00,u_01450,d_1746,ip_0397,m_0293,70.14,0
tx_009901,2025-04-14 03:15:00,u_00569,d_0008,ip_1668,m_0248,440.49,0
tx_009902,2025-04-14 03:30:00,u_00711,d_1038,ip_1224,m_0087,261.15,0
tx_009903,2025-04-14 03:45:00,u_01854,d_1789,ip_1552,m_0172,148.75,0
tx_009904,2025-04-14 04:00:00,u_01545,d_0601,ip_0236,m_0034,686.25,0
tx_009905,2025-04-14 04:15:00,u_00594,d_1465,ip_1005,m_0145,40.68,0
tx_009906,2025-04-14 04:30:00,u_02194,d_1490,ip_0111,m_0029,93.67,0
tx_009907,2025-04-14 04:45:00,u_02451,d_0875,ip_0711,m_0297,75.02,0
tx_009908,2025-04-14 05:00:00,u_01565,d_0552,ip_2079,m_0135,212.32,0
tx_009909,2025-04-14 05:15:00,u_00569,d_1224,ip_1598,m_0216,484.16,0
tx_009910,2025-04-14 05:30:00,u_02345,d_1115,ip_0172,m_0031,55.53,0
tx_009911,2025-04-14 05:45:00,u_00591,d_0857,ip_0811,m_0285,4046.06,0
tx_009912,2025-04-14 06:00:00,u_01081,d_0346,ip_1915,m_0157,76.5,0
tx_009913,2025-04-14 06:15:00,u_02146,d_1340,ip_0374,m_0021,212.87,0
tx_009914,2025-04-14 06:30:00,u_01301,d_0380,ip_1665,m_0110,148.81,0
tx_009915,2025-04-14 06:45:00,u_00607,d_0241,ip_0705,m_0063,155.42,0
tx_009916,2025-04-14 07:00:00,u_00200,d_0120,ip_1049,m_0020,67.19,0
tx_009917,2025-04-14 07:15:00,u_00902,d_0803,ip_1929,m_0009,431.62,0
tx_009918,2025-04-14 07:30:00,u_01680,d_0216,ip_1479,m_0213,63.19,0
tx_009919,2025-04-14 07:45:00,u_01786,d_0603,ip_0623,m_0260,25.31,0
tx_009920,2025-04-14 08:00:00,u_00557,d_0435,ip_0019,m_0198,48.33,0
tx_009921,2025-04-14 08:15:00,u_00396,d_0827,ip_0516,m_0208,629.75,0
tx_009922,2025-04-14 08:30:00,u_01753,d_1399,ip_0919,m_0011,518.26,0
tx_009923,2025-04-14 08:45:00,u_00397,d_0810,ip_0293,m_0053,19.94,0
tx_009924,2025-04-14 09:00:00,u_00160,d_1002,ip_1940,m_0010,334.87,0
tx_009925,2025-04-14 09:15:00,u_01215,d_0257,ip_0121,m_0292,20.45,0
tx_009926,2025-04-14 09:30:00,u_01427,d_0203,ip_1189,m_0221,144.43,0
tx_009927,2025-04-14 09:45:00,u_00609,d_1757,ip_2148,m_0286,44.36,0
tx_009928,2025-04-14 10:00:00,u_00528,d_1115,ip_0736,m_0271,361.69,0
tx_009929,2025-04-14 10:15:00,u_00589,d_0027,ip_1180,m_0067,258.44,0
tx_009930,2025-04-14 10:30:00,u_00857,d_1017,ip_0161,m_0153,395.27,0
tx_009931,2025-04-14 10:45:00,u_00023,d_0018,ip_1605,m_0194,110.47,0
tx_009932,2025-04-14 11:00:00,u_00029,d_0138,ip_2150,m_0222,122.57,0
tx_009933,2025-04-14 11:15:00,u_00926,d_0672,ip_1700,m_0200,33.14,0
tx_009934,2025-04-14 11:30:00,u_00049,d_1181,ip_0328,m_0135,52.96,0
tx_009935,2025-04-14 11:45:00,u_00795,d_1116,ip_0775,m_0001,383.19,0
tx_009936,2025-04-14 12:00:00,u_01452,d_1423,ip_1591,m_0281,214.28,0
tx_009937,2025-04-14 12:15:00,u_00077,d_0323,ip_1757,m_0206,164.73,0
tx_009938,2025-04-14 12:30:00,u_01544,d_0345,ip_0887,m_0250,524.33,0
tx_009939,2025-04-14 12:45:00,u_01553,d_0959,ip_2115,m_0066,40.44,0
tx_009940,2025-04-14 13:00:00,u_01433,d_1563,ip_0447,m_0031,304.95,0
tx_009941,2025-04-14 13:15:00,u_01566,d_1300,ip_1631,m_0270,45.64,0
tx_009942,2025-04-14 13:30:00,u_02023,d_1204,ip_1092,m_0241,650.59,0
tx_009943,2025-04-14 13:45:00,u_00177,d_0169,ip_1565,m_0251,255.82,0
tx_009944,2025-04-14 14:00:00,u_00422,d_1580,ip_1311,m_0132,389.36,0
tx_009945,2025-04-14 14:15:00,u_00792,d_1771,ip_0950,m_0271,73.58,0
tx_009946,2025-04-14 14:30:00,u_01720,d_1048,ip_1793,m_0067,1315.67,0
tx_009947,2025-04-14 14:45:00,u_02182,d_0606,ip_1850,m_0227,1095.05,0
tx_009948,2025-04-14 15:00:00,u_02296,d_1192,ip_1797,m_0148,228.24,0
tx_009949,2025-04-14 15:15:00,u_01455,d_1156,ip_0195,m_0049,480.71,0
tx_009950,2025-04-14 15:30:00,u_01025,d_1672,ip_0930,m_0215,109.74,0
tx_009951,2025-04-14 15:45:00,u_01029,d_0199,ip_1649,m_0108,41.74,0
tx_009952,2025-04-14 16:00:00,u_00149,d_0927,ip_1906,m_0047,328.91,0
tx_009953,2025-04-14 16:15:00,u_01162,d_1277,ip_0796,m_0212,59.19,0
tx_009954,2025-04-14 16:30:00,u_01282,d_0628,ip_1629,m_0231,550.17,0
tx_009955,2025-04-14 16:45:00,u_00520,d_1512,ip_1245,m_0096,423.21,0
tx_009956,2025-04-14 17:00:00,u_01919,d_0116,ip_0485,m_0290,187.77,0
tx_009957,2025-04-14 17:15:00,u_02029,d_0189,ip_1964,m_0213,177.56,0
tx_009958,2025-04-14 17:30:00,u_00755,d_1423,ip_0978,m_0006,399.13,0
tx_009959,2025-04-14 17:45:00,u_02285,d_0226,ip_1331,m_0100,195.31,0
tx_009960,2025-04-14 18:00:00,u_00267,d_0753,ip_0634,m_0292,99.04,0
tx_009961,2025-04-14 18:15:00,u_02276,d_0505,ip_0056,m_0053,32.64,0
tx_009962,2025-04-14 18:30:00,u_01920,d_1238,ip_0996,m_0286,387.18,0
tx_009963,2025-04-14 18:45:00,u_00559,d_0021,ip_1589,m_0155,214.1,0
tx_009964,2025-04-14 19:00:00,u_01625,d_0642,ip_0719,m_0202,2334.75,0
tx_009965,2025-04-14 19:15:00,u_00776,d_1774,ip_2043,m_0205,134.84,0
tx_009966,2025-04-14 19:30:00,ring_u_24_4,ring_d_24,ring_ip_24,ring_m_0,135.59,1
tx_009967,2025-04-14 19:45:00,u_00401,d_1077,ip_1412,m_0155,205.51,0
tx_009968,2025-04-14 20:00:00,u_00612,d_1778,ip_1774,m_0170,284.51,0
tx_009969,2025-04-14 20:15:00,u_00768,d_1093,ip_1895,m_0192,56.44,0
tx_009970,2025-04-14 20:30:00,u_00499,d_1358,ip_1586,m_0221,137.38,0
tx_009971,2025-04-14 20:45:00,u_00832,d_1726,ip_1815,m_0131,339.56,0
tx_009972,2025-04-14 21:00:00,u_01506,d_1110,ip_1569,m_0130,106.4,0
tx_009973,2025-04-14 21:15:00,u_01582,d_1497,ip_1894,m_0233,327.07,0
tx_009974,2025-04-14 21:30:00,u_01384,d_0914,ip_0228,m_0227,163.48,0
tx_009975,2025-04-14 21:45:00,u_00474,d_1465,ip_0757,m_0194,221.82,0
tx_009976,2025-04-14 22:00:00,ring_u_11_2,ring_d_11,ring_ip_11,ring_m_3,4406.99,1
tx_009977,2025-04-14 22:15:00,u_02298,d_0611,ip_1043,m_0172,118.23,0
tx_009978,2025-04-14 22:30:00,u_00628,d_1004,ip_0032,m_0171,34.75,0
tx_009979,2025-04-14 22:45:00,u_00257,d_0602,ip_1865,m_0130,113.71,0
tx_009980,2025-04-14 23:00:00,u_01134,d_0714,ip_1442,m_0053,65.0,0
tx_009981,2025-04-14 23:15:00,u_00017,d_0525,ip_2002,m_0160,17.71,0
tx_009982,2025-04-14 23:30:00,u_00856,d_0883,ip_0035,m_0132,133.4,0
tx_009983,2025-04-14 23:45:00,u_02137,d_0624,ip_0323,m_0015,181.1,0
tx_009984,2025-04-15 00:00:00,u_00668,d_1126,ip_1123,m_0286,411.89,0
tx_009985,2025-04-15 00:15:00,u_01759,d_0665,ip_0399,m_0200,47.5,0
tx_009986,2025-04-15 00:30:00,u_01224,d_0883,ip_1145,m_0034,162.15,0
tx_009987,2025-04-15 00:45:00,u_00888,d_0252,ip_0763,m_0061,458.56,0
tx_009988,2025-04-15 01:00:00,u_01653,d_0695,ip_0462,m_0171,83.54,0
tx_009989,2025-04-15 01:15:00,u_01488,d_0640,ip_1694,m_0258,253.72,0
tx_009990,2025-04-15 01:30:00,u_00795,d_1729,ip_0085,m_0145,733.42,0
tx_009991,2025-04-15 01:45:00,u_00558,d_0804,ip_1924,m_0243,23.05,0
tx_009992,2025-04-15 02:00:00,u_02292,d_0038,ip_0338,m_0038,194.93,0
tx_009993,2025-04-15 02:15:00,u_00420,d_0556,ip_1276,m_0158,474.8,0
tx_009994,2025-04-15 02:30:00,u_02398,d_1312,ip_2181,m_0248,104.51,0
tx_009995,2025-04-15 02:45:00,u_01177,d_0297,ip_0249,m_0254,593.93,0
tx_009996,2025-04-15 03:00:00,u_02491,d_0293,ip_2039,m_0072,279.84,0
tx_009997,2025-04-15 03:15:00,u_00882,d_0672,ip_0668,m_0201,870.75,0
tx_009998,2025-04-15 03:30:00,u_01413,d_0642,ip_1630,m_0011,265.73,0
tx_009999,2025-04-15 03:45:00,u_01538,d_0865,ip_1885,m_0042,946.28,0
